,0.01,0.0853266331658291,0.160653266331658,0.235979899497487,0.311306532663317,0.386633165829146,0.461959798994975,0.537286432160804,0.612613065326633,0.687939698492462,0.763266331658292,0.838592964824121,0.91391959798995,0.989246231155779,1.06457286432161,1.13989949748744,1.21522613065327,1.2905527638191,1.36587939698492,1.44120603015075,1.51653266331658,1.59185929648241,1.66718592964824,1.74251256281407,1.8178391959799,1.89316582914573,1.96849246231156,2.04381909547739,2.11914572864322,2.19447236180905,2.26979899497487,2.3451256281407,2.42045226130653,2.49577889447236,2.57110552763819,2.64643216080402,2.72175879396985,2.79708542713568,2.87241206030151,2.94773869346734,3.02306532663317,3.098391959799,3.17371859296482,3.24904522613065,3.32437185929648,3.39969849246231,3.47502512562814,3.55035175879397,3.6256783919598,3.70100502512563,3.77633165829146,3.85165829145729,3.92698492462312,4.00231155778894,4.07763819095477,4.1529648241206,4.22829145728643,4.30361809045226,4.37894472361809,4.45427135678392,4.52959798994975,4.60492462311558,4.68025125628141,4.75557788944724,4.83090452261307,4.9062311557789,4.98155778894472,5.05688442211055,5.13221105527638,5.20753768844221,5.28286432160804,5.35819095477387,5.4335175879397,5.50884422110553,5.58417085427136,5.65949748743719,5.73482412060302,5.81015075376884,5.88547738693467,5.9608040201005,6.03613065326633,6.11145728643216,6.18678391959799,6.26211055276382,6.33743718592965,6.41276381909548,6.48809045226131,6.56341708542714,6.63874371859296,6.71407035175879,6.78939698492462,6.86472361809045,6.94005025125628,7.01537688442211,7.09070351758794,7.16603015075377,7.2413567839196,7.31668341708543,7.39201005025126,7.46733668341709,7.54266331658292,7.61798994974874,7.69331658291457,7.7686432160804,7.84396984924623,7.91929648241206,7.99462311557789,8.06994974874372,8.14527638190955,8.22060301507538,8.29592964824121,8.37125628140704,8.44658291457287,8.52190954773869,8.59723618090452,8.67256281407035,8.74788944723618,8.82321608040201,8.89854271356784,8.97386934673367,9.0491959798995,9.12452261306533,9.19984924623116,9.27517587939699,9.35050251256281,9.42582914572864,9.50115577889447,9.5764824120603,9.65180904522613,9.72713567839196,9.80246231155779,9.87778894472362,9.95311557788945,10.0284422110553,10.1037688442211,10.1790954773869,10.2544221105528,10.3297487437186,10.4050753768844,10.4804020100503,10.5557286432161,10.6310552763819,10.7063819095477,10.7817085427136,10.8570351758794,10.9323618090452,11.0076884422111,11.0830150753769,11.1583417085427,11.2336683417085,11.3089949748744,11.3843216080402,11.459648241206,11.5349748743719,11.6103015075377,11.6856281407035,11.7609547738693,11.8362814070352,11.911608040201,11.9869346733668,12.0622613065327,12.1375879396985,12.2129145728643,12.2882412060302,12.363567839196,12.4388944723618,12.5142211055276,12.5895477386935,12.6648743718593,12.7402010050251,12.815527638191,12.8908542713568,12.9661809045226,13.0415075376884,13.1168341708543,13.1921608040201,13.2674874371859,13.3428140703518,13.4181407035176,13.4934673366834,13.5687939698492,13.6441206030151,13.7194472361809,13.7947738693467,13.8701005025126,13.9454271356784,14.0207537688442,14.0960804020101,14.1714070351759,14.2467336683417,14.3220603015075,14.3973869346734,14.4727135678392,14.548040201005,14.6233668341709,14.6986934673367,14.7740201005025,14.8493467336683,14.9246733668342,15.0
0.0001,1.8341037661165567e-08,7.2063224967769275e-09,1.0966176235608964e-08,1.9251792075517294e-08,3.490668385147318e-08,6.664878128791459e-08,1.1830175146476594e-07,2.0713508648499598e-07,3.569723453275135e-07,6.04831564570897e-07,1.0075186970473477e-06,1.6829786907969176e-06,2.7034311035508523e-06,4.279581648494077e-06,6.679347464468294e-06,1.0283778349990103e-05,1.562834615940389e-05,2.345641345644928e-05,3.478950014273001e-05,5.1328752453038293e-05,7.439292500228759e-05,0.00010673292792629383,0.00015165243170442723,0.0002134837527681847,0.0002978628095911223,0.00041206621391133206,0.000565420474777765,0.0007697970899927544,0.001040206648996056,0.0013955085491242638,0.0018622676209884706,0.002464197209285111,0.0032399788210793986,0.004233942729419318,0.005500238636105919,0.00710468272341087,0.00912688961638661,0.011662724451478427,0.014827110642680804,0.018757237773589435,0.023616209939784253,0.02959719027658532,0.03692808838878159,0.04587685924400802,0.056757476280491305,0.06996163429327033,0.08586886543290265,0.10499766511573237,0.1279223018331176,0.1553062729317676,0.18791451598012548,0.22662723986612507,0.2724556574420023,0.3265599678945391,0.3902700292777974,0.4651093057787769,0.5528228161988266,0.6554100925858457,0.7751643766685233,0.9147199738962812,0.0,0.0,0.0,0.0,0.0,0.0,0.0,0.0,0.0,0.0,0.0,0.0,0.0,0.0,0.0,0.0,0.0,0.0,0.0,0.0,0.0,0.0,0.0,0.0,0.0,0.0,0.0,0.0,0.0,0.0,0.0,0.0,0.0,0.0,0.0,0.0,0.0,0.0,0.0,0.0,0.0,0.0,0.0,0.0,0.0,0.0,0.0,0.0,0.0,0.0,0.0,0.0,0.0,0.0,0.0,0.0,0.0,0.0,0.0,0.0,0.0,0.0,0.0,0.0,0.0,0.0,0.0,0.0,0.0,0.0,0.0,0.0,0.0,0.0,0.0,0.0,0.0,0.0,0.0,0.0,0.0,0.0,0.0,0.0,0.0,0.0,0.0,0.0,0.0,0.0,0.0,0.0,0.0,0.0,0.0,0.0,0.0,0.0,0.0,0.0,0.0,0.0,0.0,0.0,0.0,0.0,0.0,0.0,0.0,0.0,0.0,0.0,0.0,0.0,0.0,0.0,0.0,0.0,0.0,0.0,0.0,0.0,0.0,0.0,0.0,0.0,0.0,0.0,0.0,0.0,0.0,0.0,0.0,0.0,0.0,0.0,0.0,0.0,0.0,0.0
0.0001066750526428,1.702287945816429e-08,6.7572393851822405e-09,1.0302514750506295e-08,1.8101872926237044e-08,3.2820985207214764e-08,5.945635685153787e-08,1.1133493654421923e-07,1.94786290013078e-07,3.3546373782008244e-07,5.681151267194552e-07,9.459255838910789e-07,1.549171713381205e-06,2.539077380608453e-06,4.017866065680721e-06,6.269055622181272e-06,9.649846745820343e-06,1.4662038656733989e-05,2.2002461607332067e-05,3.262848724230699e-05,4.784174373516787e-05,6.977811339843559e-05,0.00010009804596823008,0.00014220821541752508,0.00020016806385191857,0.00027925869088039727,0.00038629751646794417,0.000530022947984858,0.0007215570577229442,0.0009749624806658372,0.0013079065227387904,0.0017424510250371999,0.0023094917055903456,0.00303640051907866,0.003967707201192137,0.005154131358472887,0.006657317961998799,0.008551833737769219,0.010927462241734904,0.0138918335993831,0.01757342653867445,0.02212498551420375,0.027727397890294048,0.03459408443749684,0.04297595758415579,0.05316701375035828,0.06551063056082622,0.08043422738705065,0.09834952377673437,0.11981927910939068,0.14546468471430293,0.17600188083604335,0.2122548989650978,0.25517038050519003,0.3058343964387244,0.36549178843089775,0.43556856399965055,0.5176980360676233,0.6137516300819631,0.7258755521303233,0.8565350032216079,0.0,0.0,0.0,0.0,0.0,0.0,0.0,0.0,0.0,0.0,0.0,0.0,0.0,0.0,0.0,0.0,0.0,0.0,0.0,0.0,0.0,0.0,0.0,0.0,0.0,0.0,0.0,0.0,0.0,0.0,0.0,0.0,0.0,0.0,0.0,0.0,0.0,0.0,0.0,0.0,0.0,0.0,0.0,0.0,0.0,0.0,0.0,0.0,0.0,0.0,0.0,0.0,0.0,0.0,0.0,0.0,0.0,0.0,0.0,0.0,0.0,0.0,0.0,0.0,0.0,0.0,0.0,0.0,0.0,0.0,0.0,0.0,0.0,0.0,0.0,0.0,0.0,0.0,0.0,0.0,0.0,0.0,0.0,0.0,0.0,0.0,0.0,0.0,0.0,0.0,0.0,0.0,0.0,0.0,0.0,0.0,0.0,0.0,0.0,0.0,0.0,0.0,0.0,0.0,0.0,0.0,0.0,0.0,0.0,0.0,0.0,0.0,0.0,0.0,0.0,0.0,0.0,0.0,0.0,0.0,0.0,0.0,0.0,0.0,0.0,0.0,0.0,0.0,0.0,0.0,0.0,0.0,0.0,0.0,0.0,0.0,0.0,0.0,0.0,0.0
0.0001104893684387,1.6634349805169106e-08,6.541264720567373e-09,9.982846312338213e-09,1.7513696639764332e-08,3.1676843747516925e-08,5.750748647402258e-08,1.0773104483635818e-07,1.8838227894316979e-07,3.2431305725551167e-07,5.490752006170452e-07,9.140749119292526e-07,1.4967164712462756e-06,2.4540388981230824e-06,3.882516410140833e-06,6.0568408102372825e-06,9.321912087370231e-06,1.4162218760716469e-05,2.1250427581533936e-05,3.151087843201867e-05,4.619978904340009e-05,6.739137189674318e-05,9.666662649261816e-05,0.0001373238431418084,0.00019328157834926424,0.0002696369480897076,0.0003729705209852119,0.0005117161253929154,0.0006966084963317487,0.0009412195846869695,0.0012626007460379755,0.0016820434869529498,0.002229481646947164,0.0029311147254367205,0.003830016633037134,0.0049751332096225264,0.0064259520958323876,0.008254429370414033,0.010547203517149752,0.013408132464261225,0.01696119060451104,0.021353763908503336,0.02676039171732833,0.033387001220814325,0.041475691658531565,0.05131012738242401,0.06322161372669097,0.07762358893120785,0.09491129906096464,0.115628635379792,0.1403749100953549,0.16984102761445494,0.20482196646171533,0.24623097333753982,0.2951157847560071,0.3526772768537273,0.4202910530222711,0.49953265780782763,0.5922072642467496,0.7003850389272109,0.8264437312005999,0.9731205103447073,0.0,0.0,0.0,0.0,0.0,0.0,0.0,0.0,0.0,0.0,0.0,0.0,0.0,0.0,0.0,0.0,0.0,0.0,0.0,0.0,0.0,0.0,0.0,0.0,0.0,0.0,0.0,0.0,0.0,0.0,0.0,0.0,0.0,0.0,0.0,0.0,0.0,0.0,0.0,0.0,0.0,0.0,0.0,0.0,0.0,0.0,0.0,0.0,0.0,0.0,0.0,0.0,0.0,0.0,0.0,0.0,0.0,0.0,0.0,0.0,0.0,0.0,0.0,0.0,0.0,0.0,0.0,0.0,0.0,0.0,0.0,0.0,0.0,0.0,0.0,0.0,0.0,0.0,0.0,0.0,0.0,0.0,0.0,0.0,0.0,0.0,0.0,0.0,0.0,0.0,0.0,0.0,0.0,0.0,0.0,0.0,0.0,0.0,0.0,0.0,0.0,0.0,0.0,0.0,0.0,0.0,0.0,0.0,0.0,0.0,0.0,0.0,0.0,0.0,0.0,0.0,0.0,0.0,0.0,0.0,0.0,0.0,0.0,0.0,0.0,0.0,0.0,0.0,0.0,0.0,0.0,0.0,0.0,0.0,0.0,0.0,0.0,0.0,0.0
0.0001149756995397,1.649922354234773e-08,6.250376557006283e-09,9.602617354799467e-09,1.6873746494317864e-08,3.059131616983925e-08,5.5337921605280295e-08,1.0382392209632132e-07,1.8141165581326757e-07,3.1216890334791266e-07,5.283189988000367e-07,8.793387579231731e-07,1.4395531171401952e-06,2.361236122889728e-06,3.7347904494568076e-06,5.82531439422512e-06,8.964145062988e-06,1.361685476635729e-05,2.042992093507733e-05,3.0291222929851274e-05,4.440813850512485e-05,6.478692109275707e-05,9.29220480952103e-05,0.0001319938640963896,0.0001857665146819734,0.0002591371660761202,0.00035842716647321925,0.0004917385986544659,0.0006693828845912292,0.0009043972716690646,0.001213160239992407,0.001616122942758303,0.002142169782705641,0.0028162202404157866,0.003679760272842042,0.004779799534495036,0.006173471762267558,0.007929884017456161,0.010132242626148407,0.012880289714804049,0.01629308343612042,0.020512162617392134,0.025705139859770246,0.03206976471112375,0.039838518540693535,0.04928379137292966,0.0607237147010167,0.07455647007252014,0.09115932662980822,0.11105558613737505,0.13482068577987785,0.1631179915412003,0.19671077799940279,0.23647585104769703,0.2834191152966712,0.3386934677494884,0.4036195130097931,0.47970975791588244,0.5686970798535994,0.6725686649359588,0.79360681948415,0.9344387617752574,0.0,0.0,0.0,0.0,0.0,0.0,0.0,0.0,0.0,0.0,0.0,0.0,0.0,0.0,0.0,0.0,0.0,0.0,0.0,0.0,0.0,0.0,0.0,0.0,0.0,0.0,0.0,0.0,0.0,0.0,0.0,0.0,0.0,0.0,0.0,0.0,0.0,0.0,0.0,0.0,0.0,0.0,0.0,0.0,0.0,0.0,0.0,0.0,0.0,0.0,0.0,0.0,0.0,0.0,0.0,0.0,0.0,0.0,0.0,0.0,0.0,0.0,0.0,0.0,0.0,0.0,0.0,0.0,0.0,0.0,0.0,0.0,0.0,0.0,0.0,0.0,0.0,0.0,0.0,0.0,0.0,0.0,0.0,0.0,0.0,0.0,0.0,0.0,0.0,0.0,0.0,0.0,0.0,0.0,0.0,0.0,0.0,0.0,0.0,0.0,0.0,0.0,0.0,0.0,0.0,0.0,0.0,0.0,0.0,0.0,0.0,0.0,0.0,0.0,0.0,0.0,0.0,0.0,0.0,0.0,0.0,0.0,0.0,0.0,0.0,0.0,0.0,0.0,0.0,0.0,0.0,0.0,0.0,0.0,0.0,0.0,0.0,0.0,0.0
0.0001321941148466,1.2670757754565864e-08,5.559235533832796e-09,8.449145520887417e-09,1.4782845983023014e-08,2.679972953557124e-08,4.839393292331724e-08,9.117017593964855e-08,1.5901768591345036e-07,2.7319142218404543e-07,4.617804238186796e-07,7.678476171047093e-07,1.2562311221681553e-06,2.0636477127222128e-06,3.2610243066780216e-06,5.082531321700214e-06,7.816365204583218e-06,1.1867317709843424e-05,1.7797534646917436e-05,2.637885567084207e-05,3.8660628352624285e-05,5.605560410813454e-05,8.091012110828973e-05,0.00011489576810411848,0.0001616596390591486,0.00022545578492831703,0.0003117752271423122,0.0004276546189768715,0.000582048859033519,0.0007862790495231453,0.0010545657574748228,0.0014046644520999696,0.0018586140911180638,0.0024476651904464,0.0031977727245634975,0.004153215404383172,0.005363575845927279,0.00688882236963105,0.008801152609300724,0.011187105023859677,0.014149969474671514,0.0178125297381244,0.022320176977518133,0.027844432163178518,0.034586925530030156,0.04278388347968654,0.052711180034737626,0.06469002245894015,0.07912412628155913,0.09638664292363852,0.1170044628901409,0.1415526205461555,0.17069269922572622,0.2051846193067191,0.24590010446885194,0.29383816172876304,0.3501429890577369,0.4161248862567857,0.49328486243922626,0.5833439328564592,0.688278368816107,0.8103626476970344,0.9522238527560907,0.0,0.0,0.0,0.0,0.0,0.0,0.0,0.0,0.0,0.0,0.0,0.0,0.0,0.0,0.0,0.0,0.0,0.0,0.0,0.0,0.0,0.0,0.0,0.0,0.0,0.0,0.0,0.0,0.0,0.0,0.0,0.0,0.0,0.0,0.0,0.0,0.0,0.0,0.0,0.0,0.0,0.0,0.0,0.0,0.0,0.0,0.0,0.0,0.0,0.0,0.0,0.0,0.0,0.0,0.0,0.0,0.0,0.0,0.0,0.0,0.0,0.0,0.0,0.0,0.0,0.0,0.0,0.0,0.0,0.0,0.0,0.0,0.0,0.0,0.0,0.0,0.0,0.0,0.0,0.0,0.0,0.0,0.0,0.0,0.0,0.0,0.0,0.0,0.0,0.0,0.0,0.0,0.0,0.0,0.0,0.0,0.0,0.0,0.0,0.0,0.0,0.0,0.0,0.0,0.0,0.0,0.0,0.0,0.0,0.0,0.0,0.0,0.0,0.0,0.0,0.0,0.0,0.0,0.0,0.0,0.0,0.0,0.0,0.0,0.0,0.0,0.0,0.0,0.0,0.0,0.0,0.0,0.0,0.0,0.0,0.0,0.0,0.0
0.0001467253684997,1.1657713297557763e-08,4.9901856662082e-09,7.698397898069246e-09,1.3460564924074952e-08,2.429423858849541e-08,4.3853508462515464e-08,7.840237779539932e-08,1.4420390318534304e-07,2.4741176928460596e-07,4.1778380363581274e-07,6.941241897825686e-07,1.1347355221866374e-06,1.8261061129416778e-06,2.947676045455053e-06,4.591259109399611e-06,7.057278136853047e-06,1.0710354656302594e-05,1.6056724931840265e-05,2.3791563046834227e-05,3.485971562466621e-05,5.0533208855825455e-05,7.296640196071419e-05,0.00010358855336197377,0.0001457174431309944,0.00020318186718314003,0.00028092371338366565,0.00038527525876204334,0.0005242943425982327,0.0007081667008384481,0.000949686422512982,0.0012648261365843167,0.0016734105916525412,0.002199907841621065,0.0028790345906230287,0.0037388565295664537,0.0048279945255321885,0.006200373526769779,0.00792091150600154,0.010067415901777952,0.012732749303935751,0.016027293516620418,0.020081745758415797,0.02505028262551153,0.031114134292638103,0.0384856134549043,0.047412651774513655,0.05818390434354768,0.07113449053676746,0.08668644292275017,0.10522307957862491,0.12729206855140654,0.15348775171277854,0.18449276081742536,0.22109009849551398,0.26417701393439513,0.3147810665720016,0.3740788558815992,0.4434180802776346,0.5243437662173481,0.6186298379068713,0.7283175580390294,0.8557629702166824,0.0,0.0,0.0,0.0,0.0,0.0,0.0,0.0,0.0,0.0,0.0,0.0,0.0,0.0,0.0,0.0,0.0,0.0,0.0,0.0,0.0,0.0,0.0,0.0,0.0,0.0,0.0,0.0,0.0,0.0,0.0,0.0,0.0,0.0,0.0,0.0,0.0,0.0,0.0,0.0,0.0,0.0,0.0,0.0,0.0,0.0,0.0,0.0,0.0,0.0,0.0,0.0,0.0,0.0,0.0,0.0,0.0,0.0,0.0,0.0,0.0,0.0,0.0,0.0,0.0,0.0,0.0,0.0,0.0,0.0,0.0,0.0,0.0,0.0,0.0,0.0,0.0,0.0,0.0,0.0,0.0,0.0,0.0,0.0,0.0,0.0,0.0,0.0,0.0,0.0,0.0,0.0,0.0,0.0,0.0,0.0,0.0,0.0,0.0,0.0,0.0,0.0,0.0,0.0,0.0,0.0,0.0,0.0,0.0,0.0,0.0,0.0,0.0,0.0,0.0,0.0,0.0,0.0,0.0,0.0,0.0,0.0,0.0,0.0,0.0,0.0,0.0,0.0,0.0,0.0,0.0,0.0,0.0,0.0,0.0,0.0,0.0,0.0
0.0001519911082952,1.1550912930072713e-08,4.805189476665191e-09,7.468995331445275e-09,1.3048963934157581e-08,2.35116469233714e-08,4.2422600186062315e-08,7.575711221434231e-08,1.395067878691677e-07,2.39289408506051e-07,4.039272164169276e-07,6.708818177423091e-07,1.0964958076036545e-06,1.7642334623266877e-06,2.848937070929834e-06,4.436468798546486e-06,6.81804878221786e-06,1.0345685885874618e-05,1.550804163645357e-05,2.2976083637284522e-05,3.366179291578166e-05,4.879270122915322e-05,7.046282586520138e-05,0.00010002487190110293,0.000140692902345167,0.0001961617684436313,0.0002712002076922284,0.00037191849985246297,0.0005060918059529001,0.0006835480299435495,0.0009166316483418459,0.0012207534824446881,0.0016150402552246473,0.002123098196644382,0.0027785785408524547,0.00360826425271054,0.0046591970720252,0.005983397747145017,0.0076434897846818835,0.009714528995052063,0.012286091655006805,0.015464651398408342,0.019376274060310488,0.0241696703567383,0.030019641328752483,0.03713096319026486,0.04574276132720285,0.05613343213123931,0.0686261776013608,0.08362933323914738,0.10151007254953423,0.12279773848847707,0.14806548193900226,0.17797157821804796,0.21327106902576762,0.2548291377816084,0.303636583763873,0.360827875181236,0.4277023946786427,0.5057497146001172,0.5966799895452566,0.7024609891819016,0.8253637938719531,0.9680199002522777,0.0,0.0,0.0,0.0,0.0,0.0,0.0,0.0,0.0,0.0,0.0,0.0,0.0,0.0,0.0,0.0,0.0,0.0,0.0,0.0,0.0,0.0,0.0,0.0,0.0,0.0,0.0,0.0,0.0,0.0,0.0,0.0,0.0,0.0,0.0,0.0,0.0,0.0,0.0,0.0,0.0,0.0,0.0,0.0,0.0,0.0,0.0,0.0,0.0,0.0,0.0,0.0,0.0,0.0,0.0,0.0,0.0,0.0,0.0,0.0,0.0,0.0,0.0,0.0,0.0,0.0,0.0,0.0,0.0,0.0,0.0,0.0,0.0,0.0,0.0,0.0,0.0,0.0,0.0,0.0,0.0,0.0,0.0,0.0,0.0,0.0,0.0,0.0,0.0,0.0,0.0,0.0,0.0,0.0,0.0,0.0,0.0,0.0,0.0,0.0,0.0,0.0,0.0,0.0,0.0,0.0,0.0,0.0,0.0,0.0,0.0,0.0,0.0,0.0,0.0,0.0,0.0,0.0,0.0,0.0,0.0,0.0,0.0,0.0,0.0,0.0,0.0,0.0,0.0,0.0,0.0,0.0,0.0,0.0,0.0,0.0,0.0
0.000171518421173,1.0372221247412419e-08,4.347549862775015e-09,6.693203110667177e-09,1.1690373938349588e-08,2.1021174876883738e-08,3.7814367156844527e-08,6.75098553945151e-08,1.2470748416507702e-07,2.1351907084910943e-07,3.5994203512048493e-07,5.971635389896966e-07,9.751645541248153e-07,1.5679375968255154e-06,2.535679315738844e-06,3.945312898387748e-06,6.059100988471428e-06,9.188868118178291e-06,1.3767509293905582e-05,2.0389205853276222e-05,2.9861561975820514e-05,4.3271264954093306e-05,6.206768901123487e-05,8.871969249857637e-05,0.0001247535735614516,0.0001738919495133106,0.00024035445631721402,0.00032954706493200185,0.0004483482235878084,0.0006054508781693464,0.0008117730660658105,0.0010809433219248214,0.00142987465985606,0.0018794389299024497,0.0024552551271997407,0.0031939945078176464,0.004123732915010039,0.005295102197028012,0.006763448065704509,0.008595097755123064,0.01086920374398624,0.013679840617258004,0.017138385197796965,0.02137620919085135,0.026547719680589214,0.03283378731603961,0.04044560383509068,0.04962902467429825,0.06066944910346411,0.07389731498310595,0.08973193824175851,0.10854118318245724,0.1308654351617238,0.1572857112019104,0.1884683660785048,0.22517686942887133,0.2682854291614967,0.31879487504221893,0.377851348673758,0.44676852108467496,0.5270543032557902,0.6204433664275966,0.7289372502763426,0.8548545219197192,0.0,0.0,0.0,0.0,0.0,0.0,0.0,0.0,0.0,0.0,0.0,0.0,0.0,0.0,0.0,0.0,0.0,0.0,0.0,0.0,0.0,0.0,0.0,0.0,0.0,0.0,0.0,0.0,0.0,0.0,0.0,0.0,0.0,0.0,0.0,0.0,0.0,0.0,0.0,0.0,0.0,0.0,0.0,0.0,0.0,0.0,0.0,0.0,0.0,0.0,0.0,0.0,0.0,0.0,0.0,0.0,0.0,0.0,0.0,0.0,0.0,0.0,0.0,0.0,0.0,0.0,0.0,0.0,0.0,0.0,0.0,0.0,0.0,0.0,0.0,0.0,0.0,0.0,0.0,0.0,0.0,0.0,0.0,0.0,0.0,0.0,0.0,0.0,0.0,0.0,0.0,0.0,0.0,0.0,0.0,0.0,0.0,0.0,0.0,0.0,0.0,0.0,0.0,0.0,0.0,0.0,0.0,0.0,0.0,0.0,0.0,0.0,0.0,0.0,0.0,0.0,0.0,0.0,0.0,0.0,0.0,0.0,0.0,0.0,0.0,0.0,0.0,0.0,0.0,0.0,0.0,0.0,0.0,0.0,0.0,0.0,0.0
0.0001747528400007,9.920116992859773e-09,4.308696795123216e-09,6.588263049065128e-09,1.1486973434753612e-08,2.0638577499589953e-08,3.721406450205347e-08,6.63154730281355e-08,1.225921171588286e-07,2.0978452760801153e-07,3.535948002189203e-07,5.865413853903955e-07,9.577026084676207e-07,1.539683766156235e-06,2.490488966477604e-06,3.874552531313821e-06,5.94975902897116e-06,9.022234140392778e-06,1.3516757231931473e-05,2.0016526896860506e-05,2.931403913604831e-05,4.24758617578808e-05,6.092411878126682e-05,8.709108000647513e-05,0.0001224573096212367,0.00017068372849999915,0.00023591082189335178,0.0003234431377043916,0.00044002973548266293,0.000594200282210246,0.0007966672685128484,0.0010608024743037436,0.001403200015674936,0.0018443378845388752,0.002409351160268728,0.003134315923525483,0.004046595490401732,0.005195948623953181,0.0066366724530799925,0.008433836990821732,0.010665092882434939,0.013422728962935447,0.016816005960835212,0.020973797934241447,0.026047574311769937,0.032214761815836615,0.039682529002992226,0.04869204319269107,0.05952325887703234,0.07250030434394082,0.08803527149713115,0.10648749985303779,0.12838774273464143,0.15430588939268267,0.18489551950695157,0.22090545186260596,0.2631931009344286,0.3127400471744243,0.3706703592453495,0.4382723716822672,0.5170248702335807,0.6086289506447002,0.7150473252317712,0.8385534833383481,0.9817942646141443,0.0,0.0,0.0,0.0,0.0,0.0,0.0,0.0,0.0,0.0,0.0,0.0,0.0,0.0,0.0,0.0,0.0,0.0,0.0,0.0,0.0,0.0,0.0,0.0,0.0,0.0,0.0,0.0,0.0,0.0,0.0,0.0,0.0,0.0,0.0,0.0,0.0,0.0,0.0,0.0,0.0,0.0,0.0,0.0,0.0,0.0,0.0,0.0,0.0,0.0,0.0,0.0,0.0,0.0,0.0,0.0,0.0,0.0,0.0,0.0,0.0,0.0,0.0,0.0,0.0,0.0,0.0,0.0,0.0,0.0,0.0,0.0,0.0,0.0,0.0,0.0,0.0,0.0,0.0,0.0,0.0,0.0,0.0,0.0,0.0,0.0,0.0,0.0,0.0,0.0,0.0,0.0,0.0,0.0,0.0,0.0,0.0,0.0,0.0,0.0,0.0,0.0,0.0,0.0,0.0,0.0,0.0,0.0,0.0,0.0,0.0,0.0,0.0,0.0,0.0,0.0,0.0,0.0,0.0,0.0,0.0,0.0,0.0,0.0,0.0,0.0,0.0,0.0,0.0,0.0,0.0,0.0,0.0,0.0,0.0,0.0
0.0001944043159484,9.341456587747381e-09,3.96467633411546e-09,6.008322321078969e-09,1.0415010282117555e-08,1.8722202651991927e-08,3.3677832917577926e-08,5.994575664496486e-08,1.1116593218934075e-07,1.8990556667313822e-07,3.1962368398844506e-07,5.296173383240429e-07,8.640214641795837e-07,1.3881195871367978e-06,2.197204330380693e-06,3.4952523633711913e-06,5.36366970487944e-06,8.128879412702377e-06,1.2172653696555902e-05,1.801886303018531e-05,2.6379351522030247e-05,3.8212027402709014e-05,5.4793937570796914e-05,7.781289236712867e-05,0.00011014854087706883,0.00015348642034627684,0.00021209108010775094,0.00029072326520175845,0.0003954391569823089,0.0005338926706026641,0.0007156944492494659,0.0009528401539990345,0.0012602145373594583,0.0016561842138271225,0.002163290577738575,0.0028144191335754206,0.0036331149773178757,0.004664455502555048,0.0059571185051771475,0.007569434250279964,0.00957100486087404,0.012044545957651276,0.015087976446129843,0.018816782516767713,0.023366687865492623,0.02889666122197373,0.035592304234974864,0.04366965962318144,0.053379495240410586,0.06501212255483013,0.07890282418424431,0.09547951233054199,0.11510705360506078,0.1383337780690808,0.16574479721472268,0.1980104052370586,0.2358980069681402,0.28028601655153507,0.3321802042760261,0.39273311973350794,0.4632674295777877,0.5453043043967881,0.640598404695563,0.7511816476884928,0.8794187627373711,0.0,0.0,0.0,0.0,0.0,0.0,0.0,0.0,0.0,0.0,0.0,0.0,0.0,0.0,0.0,0.0,0.0,0.0,0.0,0.0,0.0,0.0,0.0,0.0,0.0,0.0,0.0,0.0,0.0,0.0,0.0,0.0,0.0,0.0,0.0,0.0,0.0,0.0,0.0,0.0,0.0,0.0,0.0,0.0,0.0,0.0,0.0,0.0,0.0,0.0,0.0,0.0,0.0,0.0,0.0,0.0,0.0,0.0,0.0,0.0,0.0,0.0,0.0,0.0,0.0,0.0,0.0,0.0,0.0,0.0,0.0,0.0,0.0,0.0,0.0,0.0,0.0,0.0,0.0,0.0,0.0,0.0,0.0,0.0,0.0,0.0,0.0,0.0,0.0,0.0,0.0,0.0,0.0,0.0,0.0,0.0,0.0,0.0,0.0,0.0,0.0,0.0,0.0,0.0,0.0,0.0,0.0,0.0,0.0,0.0,0.0,0.0,0.0,0.0,0.0,0.0,0.0,0.0,0.0,0.0,0.0,0.0,0.0,0.0,0.0,0.0,0.0,0.0,0.0,0.0,0.0,0.0,0.0,0.0,0.0,0.0
0.0002009233002565,8.935141048790207e-09,3.810492555479199e-09,5.799229147325933e-09,1.0102573411220244e-08,1.815590689948063e-08,3.264100407153548e-08,5.809145721677474e-08,1.0188945020012826e-07,1.8415263571478802e-07,3.0981517416677716e-07,5.131997734106319e-07,8.369964529788387e-07,1.3443628086314963e-06,2.1276014405066264e-06,3.3858398248365567e-06,5.194582035988693e-06,7.871171911194842e-06,1.1784853370193111e-05,1.7442481110703543e-05,2.5532627206191578e-05,3.698182205828434e-05,5.302526115825786e-05,7.529535837104793e-05,0.00010659720170713753,0.0001485247015540799,0.00020521864335551512,0.000281282956879469,0.0003825741054031959,0.0005164929627647781,0.000692332574538206,0.0009216914996661533,0.0012189613288779064,0.0016018994532799168,0.002092299162427195,0.00271676829942592,0.003513821594738066,0.004511114623017505,0.005761061188049444,0.007320047252413134,0.009255352727183253,0.011646931573947143,0.01458943056267904,0.018194473950772172,0.022593242469190096,0.02793938034319855,0.03441226714866854,0.04222069772429733,0.05160701990573045,0.06285178964924867,0.07627901354253697,0.09230373964048802,0.11127562601177478,0.13372590194163367,0.1602199273047396,0.19140534447237356,0.22802359399316902,0.27092332982919826,0.32107619821061734,0.3795955816125341,0.4477591142252969,0.5270360693294177,0.619121100037776,0.7259764434991367,0.8498854761881287,0.9935219122288337,0.0,0.0,0.0,0.0,0.0,0.0,0.0,0.0,0.0,0.0,0.0,0.0,0.0,0.0,0.0,0.0,0.0,0.0,0.0,0.0,0.0,0.0,0.0,0.0,0.0,0.0,0.0,0.0,0.0,0.0,0.0,0.0,0.0,0.0,0.0,0.0,0.0,0.0,0.0,0.0,0.0,0.0,0.0,0.0,0.0,0.0,0.0,0.0,0.0,0.0,0.0,0.0,0.0,0.0,0.0,0.0,0.0,0.0,0.0,0.0,0.0,0.0,0.0,0.0,0.0,0.0,0.0,0.0,0.0,0.0,0.0,0.0,0.0,0.0,0.0,0.0,0.0,0.0,0.0,0.0,0.0,0.0,0.0,0.0,0.0,0.0,0.0,0.0,0.0,0.0,0.0,0.0,0.0,0.0,0.0,0.0,0.0,0.0,0.0,0.0,0.0,0.0,0.0,0.0,0.0,0.0,0.0,0.0,0.0,0.0,0.0,0.0,0.0,0.0,0.0,0.0,0.0,0.0,0.0,0.0,0.0,0.0,0.0,0.0,0.0,0.0,0.0,0.0,0.0,0.0,0.0,0.0,0.0,0.0,0.0
0.0002306403160095,7.936635518643303e-09,2.9736315349859496e-09,4.5781494215086474e-09,8.953006102470578e-09,1.6010285203709274e-08,2.8738753635140824e-08,5.103587101005723e-08,8.938148679646254e-08,1.6210183960739605e-07,2.721477732614007e-07,4.500877084128964e-07,7.331359049531061e-07,1.176343571257682e-06,1.8601007481159594e-06,2.899968762703329e-06,4.54482199684898e-06,6.8808121852746605e-06,1.0294772780988723e-05,1.5227835019737115e-05,2.2279253596374082e-05,3.225499603727328e-05,4.622947611952489e-05,6.562222033579916e-05,9.229330523192263e-05,0.00012946028109936402,0.00017881297011078322,0.0002450110563623841,0.00033314341962663064,0.0004496394639370695,0.0006025713594190327,0.0008020122469733937,0.0010604588765063111,0.0013933284691004942,0.0018195393504561754,0.0023621862462264065,0.0030493228712225855,0.003921962414312393,0.005007791000708732,0.006361883109591393,0.00804259807872103,0.010119279525481856,0.012674003697712355,0.015803557187484843,0.019621669366684205,0.02426152812091951,0.029878610730492316,0.03665386731502796,0.04479730011901841,0.054551988153851545,0.06619861953612333,0.08006060478851934,0.09655583917345202,0.11602320039228195,0.13899439502780908,0.16603005205599716,0.1977718742094643,0.23495420265668507,0.27841760867179977,0.32912502940914234,0.38818113714983793,0.45685587283963996,0.5366134265943189,0.629148427482144,0.7364318392876873,0.8607701752544944,0.0,0.0,0.0,0.0,0.0,0.0,0.0,0.0,0.0,0.0,0.0,0.0,0.0,0.0,0.0,0.0,0.0,0.0,0.0,0.0,0.0,0.0,0.0,0.0,0.0,0.0,0.0,0.0,0.0,0.0,0.0,0.0,0.0,0.0,0.0,0.0,0.0,0.0,0.0,0.0,0.0,0.0,0.0,0.0,0.0,0.0,0.0,0.0,0.0,0.0,0.0,0.0,0.0,0.0,0.0,0.0,0.0,0.0,0.0,0.0,0.0,0.0,0.0,0.0,0.0,0.0,0.0,0.0,0.0,0.0,0.0,0.0,0.0,0.0,0.0,0.0,0.0,0.0,0.0,0.0,0.0,0.0,0.0,0.0,0.0,0.0,0.0,0.0,0.0,0.0,0.0,0.0,0.0,0.0,0.0,0.0,0.0,0.0,0.0,0.0,0.0,0.0,0.0,0.0,0.0,0.0,0.0,0.0,0.0,0.0,0.0,0.0,0.0,0.0,0.0,0.0,0.0,0.0,0.0,0.0,0.0,0.0,0.0,0.0,0.0,0.0,0.0,0.0,0.0,0.0,0.0,0.0,0.0,0.0,0.0
0.0002310129700083,6.604440644332572e-09,2.9964356192700375e-09,4.5598442852580235e-09,8.955511495624923e-09,1.60068038833045e-08,2.8685464142559702e-08,5.095923219870372e-08,8.924563838255888e-08,1.61897151313244e-07,2.717297199033756e-07,4.4939563055037397e-07,7.319852999900323e-07,1.1745213284322149e-06,1.8571732862864543e-06,2.8954129116331417e-06,4.537745854120175e-06,6.870005904582879e-06,1.0278506632704638e-05,1.520369261265949e-05,2.224377047924158e-05,3.220343386538066e-05,4.6155355029115286e-05,6.551672324621345e-05,9.214455207551329e-05,0.0001292523766676198,0.00017852496044557257,0.00024461546753841033,0.00033260429153795373,0.00044891033056376496,0.0006015924399113139,0.0008007070339997682,0.0010587301998460118,0.0013910537360703648,0.0018165645616492266,0.002358319120286817,0.0030443244971864562,0.003915537036894485,0.004999575742819758,0.006351433343534996,0.00802937179587381,0.010102619035170221,0.012653114232234097,0.01577748219738718,0.019589262032064042,0.024221418306386095,0.029829167976163792,0.03659315730889095,0.04472303597436356,0.05446147413355247,0.06608868763208751,0.07992754215696658,0.09639531367740165,0.1158301462213279,0.13876292378142033,0.1657533278556933,0.19744197299436603,0.2345619539676384,0.2779524132170012,0.32857464759989413,0.38753144175386206,0.45609056692469674,0.5357136976217897,0.6280925420470502,0.7351946744693075,0.8593225794980849,0.0,0.0,0.0,0.0,0.0,0.0,0.0,0.0,0.0,0.0,0.0,0.0,0.0,0.0,0.0,0.0,0.0,0.0,0.0,0.0,0.0,0.0,0.0,0.0,0.0,0.0,0.0,0.0,0.0,0.0,0.0,0.0,0.0,0.0,0.0,0.0,0.0,0.0,0.0,0.0,0.0,0.0,0.0,0.0,0.0,0.0,0.0,0.0,0.0,0.0,0.0,0.0,0.0,0.0,0.0,0.0,0.0,0.0,0.0,0.0,0.0,0.0,0.0,0.0,0.0,0.0,0.0,0.0,0.0,0.0,0.0,0.0,0.0,0.0,0.0,0.0,0.0,0.0,0.0,0.0,0.0,0.0,0.0,0.0,0.0,0.0,0.0,0.0,0.0,0.0,0.0,0.0,0.0,0.0,0.0,0.0,0.0,0.0,0.0,0.0,0.0,0.0,0.0,0.0,0.0,0.0,0.0,0.0,0.0,0.0,0.0,0.0,0.0,0.0,0.0,0.0,0.0,0.0,0.0,0.0,0.0,0.0,0.0,0.0,0.0,0.0,0.0,0.0,0.0,0.0,0.0,0.0,0.0,0.0,0.0
0.000247804737091,6.940496276624288e-09,2.7218482329261306e-09,4.23954231238706e-09,8.428769662354987e-09,1.502411265375138e-08,2.687667470764626e-08,4.772098034930094e-08,8.349320664695916e-08,1.517577272975787e-07,2.544889160938881e-07,4.20533867950017e-07,6.844933058684175e-07,1.0976593620390436e-06,1.7348221566857407e-06,2.7035791129028294e-06,4.240535071129546e-06,6.4169949060069995e-06,9.596935786353281e-06,1.4190687189726785e-05,2.075560661017217e-05,3.0041344821613367e-05,4.304690998795747e-05,6.109216186954769e-05,8.590635863758034e-05,0.00012053226085838252,0.00016644698999098394,0.0002280247572394976,0.00030999483636019504,0.00041833191630232387,0.0005605363887576922,0.0007459670159273366,0.000986233263648228,0.0012956566456565368,0.0016918092076118837,0.002196140592253053,0.0028347040954405014,0.003646074009290732,0.004655051524287098,0.005913199248175751,0.007474699455522614,0.009403927841278217,0.011777074889354817,0.014683979789253463,0.018230201212732413,0.022539348957274264,0.027755709238516682,0.03404719579589197,0.041608666160495224,0.05066565357307762,0.061478565329791825,0.0743474203766558,0.08966352625003926,0.10773424474204989,0.12905601480141712,0.15414873152316713,0.1836074072397106,0.2181128708646665,0.25844433717952053,0.3054943209820018,0.3602865363216029,0.4239976286710133,0.4979839255403062,0.5838148197164644,0.6833150825632126,0.7986194085426531,0.932243994568043,0.0,0.0,0.0,0.0,0.0,0.0,0.0,0.0,0.0,0.0,0.0,0.0,0.0,0.0,0.0,0.0,0.0,0.0,0.0,0.0,0.0,0.0,0.0,0.0,0.0,0.0,0.0,0.0,0.0,0.0,0.0,0.0,0.0,0.0,0.0,0.0,0.0,0.0,0.0,0.0,0.0,0.0,0.0,0.0,0.0,0.0,0.0,0.0,0.0,0.0,0.0,0.0,0.0,0.0,0.0,0.0,0.0,0.0,0.0,0.0,0.0,0.0,0.0,0.0,0.0,0.0,0.0,0.0,0.0,0.0,0.0,0.0,0.0,0.0,0.0,0.0,0.0,0.0,0.0,0.0,0.0,0.0,0.0,0.0,0.0,0.0,0.0,0.0,0.0,0.0,0.0,0.0,0.0,0.0,0.0,0.0,0.0,0.0,0.0,0.0,0.0,0.0,0.0,0.0,0.0,0.0,0.0,0.0,0.0,0.0,0.0,0.0,0.0,0.0,0.0,0.0,0.0,0.0,0.0,0.0,0.0,0.0,0.0,0.0,0.0,0.0,0.0,0.0,0.0,0.0,0.0,0.0,0.0,0.0
0.0002656087782946,6.669457722342772e-09,2.615041402559205e-09,3.9989404023534785e-09,7.919474940439317e-09,1.4124297158273858e-08,2.5252798627240867e-08,4.474353243721618e-08,7.822418279184293e-08,1.424653745213019e-07,2.3861170835784706e-07,3.939023008271363e-07,6.406772033755967e-07,1.0267677744634808e-06,1.6219864584135252e-06,2.526682204225411e-06,3.966449684086624e-06,5.999251245392815e-06,8.968367037662803e-06,1.3256496912562237e-05,1.9383290750576397e-05,2.8047506715310235e-05,4.018033657018954e-05,5.7011968363084374e-05,8.015373287959896e-05,0.0001124908776512793,0.00015530914264248405,0.0002127255672610036,0.00028914546923958137,0.0003901340989794931,0.0005226767954928229,0.0006954889876441874,0.0009193811800393832,0.0012076878672937226,0.0015767687672059469,0.0020465919391209012,0.002641409015602558,0.00339759796012509,0.004337361759412637,0.005509100462151271,0.006963234593968566,0.008759665942038806,0.010969284461574181,0.013675673303196809,0.016977032550196277,0.02098834706234218,0.02584382520170108,0.031699640628508295,0.03873701409326013,0.047165678193530965,0.057227777534038154,0.06920226780019666,0.0834098896595197,0.10026949986702721,0.12010590920476621,0.14344895793867202,0.17085161741964264,0.20294653488136297,0.24045768082013294,0.2842141665426201,0.3351668163704709,0.39440828337325234,0.4631977932151804,0.5429920023245829,0.6354840927014932,0.742654120626371,0.8668350256915667,0.0,0.0,0.0,0.0,0.0,0.0,0.0,0.0,0.0,0.0,0.0,0.0,0.0,0.0,0.0,0.0,0.0,0.0,0.0,0.0,0.0,0.0,0.0,0.0,0.0,0.0,0.0,0.0,0.0,0.0,0.0,0.0,0.0,0.0,0.0,0.0,0.0,0.0,0.0,0.0,0.0,0.0,0.0,0.0,0.0,0.0,0.0,0.0,0.0,0.0,0.0,0.0,0.0,0.0,0.0,0.0,0.0,0.0,0.0,0.0,0.0,0.0,0.0,0.0,0.0,0.0,0.0,0.0,0.0,0.0,0.0,0.0,0.0,0.0,0.0,0.0,0.0,0.0,0.0,0.0,0.0,0.0,0.0,0.0,0.0,0.0,0.0,0.0,0.0,0.0,0.0,0.0,0.0,0.0,0.0,0.0,0.0,0.0,0.0,0.0,0.0,0.0,0.0,0.0,0.0,0.0,0.0,0.0,0.0,0.0,0.0,0.0,0.0,0.0,0.0,0.0,0.0,0.0,0.0,0.0,0.0,0.0,0.0,0.0,0.0,0.0,0.0,0.0,0.0,0.0,0.0,0.0,0.0,0.0
0.0002897622108459,6.361386727133301e-09,2.4392321285526095e-09,3.7114022289349066e-09,7.365317035745561e-09,1.3104897854836957e-08,2.335586211964429e-08,4.128400275115096e-08,7.209407186122537e-08,1.2385198301871771e-07,2.2018291522596744e-07,3.6301361464386225e-07,5.898353706082168e-07,9.445331665572712e-07,1.4910888676882928e-06,2.321504717637086e-06,3.566274667759511e-06,5.514557825825637e-06,8.239128460767406e-06,1.2172696615609348e-05,1.779111566166085e-05,2.573429813301932e-05,3.685471689824009e-05,5.2278268937949753e-05,7.347971630790391e-05,0.00010237554453497929,0.00014238756298383523,0.00019497614607234524,0.00026495730047099164,0.000357420839642921,0.0004787548164453829,0.0006369284244612632,0.0008418251211834433,0.0011056346122746128,0.0014433101956412035,0.0018731013489295964,0.0024171697727239667,0.0031023006778084926,0.003968817921107397,0.005040318607338553,0.006369904678432428,0.00801228823442159,0.01003221108638679,0.012505999579183356,0.015523318924165651,0.019189149665379157,0.02362601098126511,0.02897645982785379,0.03540589956033707,0.04310573679956255,0.052296934636020406,0.06323401884102933,0.07620960725868496,0.09161070529932436,0.10972423664389404,0.13103785518079097,0.15605577801321996,0.18535477599901684,0.21959475615052795,0.2595313060901288,0.30603073135973996,0.3600882968298844,0.422850641505358,0.4956437243034879,0.5800081781531918,0.6777448085222065,0.7909741834890416,0.9222162648160629,0.0,0.0,0.0,0.0,0.0,0.0,0.0,0.0,0.0,0.0,0.0,0.0,0.0,0.0,0.0,0.0,0.0,0.0,0.0,0.0,0.0,0.0,0.0,0.0,0.0,0.0,0.0,0.0,0.0,0.0,0.0,0.0,0.0,0.0,0.0,0.0,0.0,0.0,0.0,0.0,0.0,0.0,0.0,0.0,0.0,0.0,0.0,0.0,0.0,0.0,0.0,0.0,0.0,0.0,0.0,0.0,0.0,0.0,0.0,0.0,0.0,0.0,0.0,0.0,0.0,0.0,0.0,0.0,0.0,0.0,0.0,0.0,0.0,0.0,0.0,0.0,0.0,0.0,0.0,0.0,0.0,0.0,0.0,0.0,0.0,0.0,0.0,0.0,0.0,0.0,0.0,0.0,0.0,0.0,0.0,0.0,0.0,0.0,0.0,0.0,0.0,0.0,0.0,0.0,0.0,0.0,0.0,0.0,0.0,0.0,0.0,0.0,0.0,0.0,0.0,0.0,0.0,0.0,0.0,0.0,0.0,0.0,0.0,0.0,0.0,0.0,0.0,0.0,0.0,0.0,0.0,0.0,0.0
0.0003053855508833,6.1657327893407674e-09,2.2877030898492283e-09,3.518991100136194e-09,6.194101721672496e-09,1.2492653953145192e-08,2.2263189790437117e-08,3.933674171823306e-08,6.861195598921615e-08,1.1785900774592478e-07,2.0981496351423842e-07,3.456439910968209e-07,5.612386289221593e-07,8.982492041906019e-07,1.4174231606948636e-06,2.205964855354695e-06,3.3878657881515725e-06,5.241894194370927e-06,7.828876982747002e-06,1.1562954243740615e-05,1.6895403920601366e-05,2.4432935585791496e-05,3.498375686123293e-05,4.961519772721336e-05,6.972517829637475e-05,9.71299062178246e-05,0.00013511828379159265,0.0001849910160141047,0.00025134994632432917,0.000339017650626149,0.00045404624853405184,0.0006039849597020036,0.0007981959891408645,0.0010482248956413095,0.0013682340207753693,0.0017755059691460912,0.0022910270931243756,0.0029401598615763904,0.003761501028459226,0.004776616597670024,0.0060361432096418186,0.007591874048116456,0.009505093003102153,0.011848044606079442,0.01470559367864784,0.01817709392079278,0.022378490054363206,0.0274446806855684,0.03353217297774001,0.040822066757201986,0.04952341233906651,0.059876996222927935,0.07215962014204014,0.08668895604096118,0.10388488092886404,0.12405706648200511,0.14773373141850993,0.17546022588077806,0.20786043295970694,0.24564859781073448,0.28964350373842873,0.34078565788941945,0.4001584046019931,0.46901422498605977,0.5488080046412858,0.6412397939760179,0.7483108169018508,0.8723982044072711,0.0,0.0,0.0,0.0,0.0,0.0,0.0,0.0,0.0,0.0,0.0,0.0,0.0,0.0,0.0,0.0,0.0,0.0,0.0,0.0,0.0,0.0,0.0,0.0,0.0,0.0,0.0,0.0,0.0,0.0,0.0,0.0,0.0,0.0,0.0,0.0,0.0,0.0,0.0,0.0,0.0,0.0,0.0,0.0,0.0,0.0,0.0,0.0,0.0,0.0,0.0,0.0,0.0,0.0,0.0,0.0,0.0,0.0,0.0,0.0,0.0,0.0,0.0,0.0,0.0,0.0,0.0,0.0,0.0,0.0,0.0,0.0,0.0,0.0,0.0,0.0,0.0,0.0,0.0,0.0,0.0,0.0,0.0,0.0,0.0,0.0,0.0,0.0,0.0,0.0,0.0,0.0,0.0,0.0,0.0,0.0,0.0,0.0,0.0,0.0,0.0,0.0,0.0,0.0,0.0,0.0,0.0,0.0,0.0,0.0,0.0,0.0,0.0,0.0,0.0,0.0,0.0,0.0,0.0,0.0,0.0,0.0,0.0,0.0,0.0,0.0,0.0,0.0,0.0,0.0,0.0,0.0,0.0
0.0003393483161926,5.364499769645809e-09,2.082738993060394e-09,3.199572943878439e-09,5.622677997895402e-09,1.1398648536367181e-08,2.024968874875539e-08,3.5738670417972445e-08,6.221375431632071e-08,1.0670102868715437e-07,1.9055108432439304e-07,3.1337989514862697e-07,5.08161252945715e-07,8.123929384648033e-07,1.280706751898088e-06,1.991654034063074e-06,3.056687336211976e-06,4.7357521825156084e-06,7.067350876519732e-06,1.0431174471617543e-05,1.5232806326626983e-05,2.201738796129941e-05,3.1510963561055484e-05,4.4672144543423355e-05,6.275607579201e-05,8.739328921173138e-05,0.00012068598692073318,0.00016645740282669844,0.00022609333062517016,0.0003048598194838633,0.0004081853183218073,0.0005428400097381949,0.0007172182922226278,0.0009416706799322161,0.0012288913245454205,0.0015943687740959224,0.00205690776689809,0.0026392309177351234,0.0033686697837164463,0.004287200237087436,0.005416705598526933,0.006811621961813071,0.00852681599089808,0.010626958334400752,0.013188005907118135,0.016298871352499796,0.02006330016992007,0.024601980471289232,0.030054912624662103,0.03658407231298769,0.04437640670053564,0.05364720976139329,0.06464393850825878,0.07765053920409608,0.09304882623225745,0.11110299636083269,0.13229088959062302,0.15709956643782327,0.18608608321981462,0.219887997758364,0.2592359445912732,0.30496887109979315,0.35805273143181193,0.419603750991668,0.4909178108774525,0.5735081808529976,0.6691548333781112,0.7799701851918803,0.9084886830755456,0.0,0.0,0.0,0.0,0.0,0.0,0.0,0.0,0.0,0.0,0.0,0.0,0.0,0.0,0.0,0.0,0.0,0.0,0.0,0.0,0.0,0.0,0.0,0.0,0.0,0.0,0.0,0.0,0.0,0.0,0.0,0.0,0.0,0.0,0.0,0.0,0.0,0.0,0.0,0.0,0.0,0.0,0.0,0.0,0.0,0.0,0.0,0.0,0.0,0.0,0.0,0.0,0.0,0.0,0.0,0.0,0.0,0.0,0.0,0.0,0.0,0.0,0.0,0.0,0.0,0.0,0.0,0.0,0.0,0.0,0.0,0.0,0.0,0.0,0.0,0.0,0.0,0.0,0.0,0.0,0.0,0.0,0.0,0.0,0.0,0.0,0.0,0.0,0.0,0.0,0.0,0.0,0.0,0.0,0.0,0.0,0.0,0.0,0.0,0.0,0.0,0.0,0.0,0.0,0.0,0.0,0.0,0.0,0.0,0.0,0.0,0.0,0.0,0.0,0.0,0.0,0.0,0.0,0.0,0.0,0.0,0.0,0.0,0.0,0.0,0.0,0.0,0.0,0.0,0.0,0.0,0.0
0.0003511191734215,5.313184536243892e-09,2.050637360669308e-09,3.140137953609372e-09,5.4375510243654044e-09,1.1062663037005177e-08,1.9654330218012223e-08,3.463681935390934e-08,6.028301103081238e-08,1.033360726006861e-07,1.8475527519811683e-07,3.036649344873719e-07,4.921592793004732e-07,7.865018077792143e-07,1.2394988919431103e-06,1.9270750122638907e-06,2.956836432061037e-06,4.58317198543945e-06,6.83779478226803e-06,1.0089997211919026e-05,1.4731629379618643e-05,2.1289249473302675e-05,3.046414979958602e-05,4.3182187647756506e-05,6.0655390551448225e-05,8.445840951216228e-05,0.0001166210696209137,0.00016087093711858352,0.0002184804395482204,0.00029456395497868594,0.00039436205044926563,0.0005244100009654087,0.0006928105766366524,0.0009095541350921355,0.001186892310662782,0.0015397729942573856,0.0019863433669892175,0.0025485307012114446,0.0032527079636560123,0.004139692066193455,0.00523001111212817,0.006576461107276578,0.00823197481894345,0.010258940410777977,0.01273063075729765,0.015732812049432502,0.019365553728615096,0.023745262011320576,0.029006963297948465,0.03530687088738409,0.042825271686985515,0.05176977897477748,0.06237900772198778,0.07492674305498989,0.08978333011323208,0.107199267360451,0.12763721632068262,0.15156667650841293,0.17952457321888915,0.21212536303973037,0.25007312881697713,0.29417622781857244,0.3453652596913918,0.40471541527888466,0.4734746988719472,0.5531001437815324,0.6453051200778483,0.7521223836475592,0.875989875942178,0.0,0.0,0.0,0.0,0.0,0.0,0.0,0.0,0.0,0.0,0.0,0.0,0.0,0.0,0.0,0.0,0.0,0.0,0.0,0.0,0.0,0.0,0.0,0.0,0.0,0.0,0.0,0.0,0.0,0.0,0.0,0.0,0.0,0.0,0.0,0.0,0.0,0.0,0.0,0.0,0.0,0.0,0.0,0.0,0.0,0.0,0.0,0.0,0.0,0.0,0.0,0.0,0.0,0.0,0.0,0.0,0.0,0.0,0.0,0.0,0.0,0.0,0.0,0.0,0.0,0.0,0.0,0.0,0.0,0.0,0.0,0.0,0.0,0.0,0.0,0.0,0.0,0.0,0.0,0.0,0.0,0.0,0.0,0.0,0.0,0.0,0.0,0.0,0.0,0.0,0.0,0.0,0.0,0.0,0.0,0.0,0.0,0.0,0.0,0.0,0.0,0.0,0.0,0.0,0.0,0.0,0.0,0.0,0.0,0.0,0.0,0.0,0.0,0.0,0.0,0.0,0.0,0.0,0.0,0.0,0.0,0.0,0.0,0.0,0.0,0.0,0.0,0.0,0.0,0.0,0.0,0.0
0.0004037017258596,4.558084109395118e-09,1.8150591586140385e-09,2.7429965011249378e-09,4.78166666881435e-09,8.647847764527776e-09,1.7377382705395132e-08,3.054622148974866e-08,5.302591781498779e-08,9.070236204804596e-08,1.5273144770631364e-07,2.671441922989096e-07,4.320707342129882e-07,6.892809300939329e-07,1.0847454925214837e-06,1.6844454687894556e-06,2.5819716865268333e-06,3.908525922883405e-06,5.975797528017928e-06,8.808901043589888e-06,1.2849685816353188e-05,1.8555104234695566e-05,2.653340248866074e-05,3.758732448419872e-05,5.2767516103131685e-05,7.343830658450068e-05,0.00010135798830157578,0.0001387763619170651,0.00018989574945470255,0.00025590582165506897,0.00034245987466441195,0.00045521167006920175,0.0006011691394873309,0.0007889703471270939,0.0010292059448460764,0.001334794064147778,0.0017214140214567198,0.0022080063265979993,0.002817346786330311,0.003576703330862849,0.004529110800903978,0.00569361583212847,0.0071250902780959245,0.008877355582343597,0.01101360942978349,0.013607809334009813,0.01674622784045001,0.020529200233704536,0.02507308581616347,0.030512471929362687,0.037002651175420315,0.04472241191689224,0.05387718978184826,0.0647026386815458,0.07746869613224953,0.09254656676786643,0.11016986070223189,0.13079955745216995,0.15489705499029038,0.18299014743597602,0.2156833172075653,0.2536701848620115,0.29774875403234474,0.3488403436803348,0.40801344641428716,0.47651428395892415,0.5558066324048287,0.6476247330360306,0.7540451547118235,0.8775867496539154,0.0,0.0,0.0,0.0,0.0,0.0,0.0,0.0,0.0,0.0,0.0,0.0,0.0,0.0,0.0,0.0,0.0,0.0,0.0,0.0,0.0,0.0,0.0,0.0,0.0,0.0,0.0,0.0,0.0,0.0,0.0,0.0,0.0,0.0,0.0,0.0,0.0,0.0,0.0,0.0,0.0,0.0,0.0,0.0,0.0,0.0,0.0,0.0,0.0,0.0,0.0,0.0,0.0,0.0,0.0,0.0,0.0,0.0,0.0,0.0,0.0,0.0,0.0,0.0,0.0,0.0,0.0,0.0,0.0,0.0,0.0,0.0,0.0,0.0,0.0,0.0,0.0,0.0,0.0,0.0,0.0,0.0,0.0,0.0,0.0,0.0,0.0,0.0,0.0,0.0,0.0,0.0,0.0,0.0,0.0,0.0,0.0,0.0,0.0,0.0,0.0,0.0,0.0,0.0,0.0,0.0,0.0,0.0,0.0,0.0,0.0,0.0,0.0,0.0,0.0,0.0,0.0,0.0,0.0,0.0,0.0,0.0,0.0,0.0,0.0,0.0,0.0,0.0,0.0,0.0,0.0
0.0004080060005187,4.289424919956338e-09,1.746552367159275e-09,2.7186422880506522e-09,4.754129581651776e-09,8.574655017840923e-09,1.7233215960758286e-08,3.02579516771508e-08,5.251795861018317e-08,8.981821175229402e-08,1.5121208424351973e-07,2.6458022316013726e-07,4.2783723244164384e-07,6.824394903230285e-07,1.073844393485546e-06,1.667347225376365e-06,2.555564651770387e-06,3.868266629986954e-06,5.915074074998836e-06,8.718653282491783e-06,1.271713210155164e-05,1.836250616030584e-05,2.6256512151215006e-05,3.7193222368724055e-05,5.221189158177803e-05,7.266204497329381e-05,0.00010028287686684147,0.00013729961504143522,0.00018788227458790238,0.00025318278860642464,0.00033880403310157547,0.0004503376071204177,0.0005947143221810665,0.0007804770400710451,0.0010180994614057515,0.0013203567628898754,0.001702754422564361,0.0021840226659073756,0.0027866840422233296,0.0035377025787742284,0.004479747114083846,0.005631438710003424,0.007047135453171593,0.008780055623660965,0.010892687459425439,0.013458156961237706,0.016561765399910385,0.02030271644081945,0.024796055198013096,0.030174846383542127,0.03659262293618034,0.04422614403697242,0.053278509502578314,0.06398268891020481,0.07660553900924723,0.09151479914051902,0.10893991884826262,0.12933729066697178,0.15316299701476124,0.18093873284785875,0.2132619721283692,0.2508182613656674,0.2943962758770044,0.3449065091505195,0.40340482855915055,0.4711226311037899,0.5495061425522367,0.6402686267850353,0.7454612545865283,0.8675716819999861,0.0,0.0,0.0,0.0,0.0,0.0,0.0,0.0,0.0,0.0,0.0,0.0,0.0,0.0,0.0,0.0,0.0,0.0,0.0,0.0,0.0,0.0,0.0,0.0,0.0,0.0,0.0,0.0,0.0,0.0,0.0,0.0,0.0,0.0,0.0,0.0,0.0,0.0,0.0,0.0,0.0,0.0,0.0,0.0,0.0,0.0,0.0,0.0,0.0,0.0,0.0,0.0,0.0,0.0,0.0,0.0,0.0,0.0,0.0,0.0,0.0,0.0,0.0,0.0,0.0,0.0,0.0,0.0,0.0,0.0,0.0,0.0,0.0,0.0,0.0,0.0,0.0,0.0,0.0,0.0,0.0,0.0,0.0,0.0,0.0,0.0,0.0,0.0,0.0,0.0,0.0,0.0,0.0,0.0,0.0,0.0,0.0,0.0,0.0,0.0,0.0,0.0,0.0,0.0,0.0,0.0,0.0,0.0,0.0,0.0,0.0,0.0,0.0,0.0,0.0,0.0,0.0,0.0,0.0,0.0,0.0,0.0,0.0,0.0,0.0,0.0,0.0,0.0,0.0,0.0,0.0
0.0004641588833612,4.01765895317956e-09,1.5637329245486663e-09,2.43687419233427e-09,4.239169372966427e-09,7.625477968822787e-09,1.5423777936002884e-08,2.699320834463221e-08,4.672082288203045e-08,7.9726365580516e-08,1.3398250175754805e-07,2.216302142986964e-07,3.798014256035713e-07,6.04734785714514e-07,9.501430436548871e-07,1.4734212500869818e-06,2.255917499395163e-06,3.411561628353949e-06,5.098152378995238e-06,7.694674579329356e-06,1.1212928723867581e-05,1.617718717051897e-05,2.3114823541586796e-05,3.272158324386351e-05,4.5907679836103265e-05,6.385462696553307e-05,8.808463096196365e-05,0.00012054468343799296,0.00016503826249666227,0.00022228904404972686,0.000297327199035064,0.00039504010208661546,0.0005214838144432551,0.0006841209944932143,0.0008920984800520153,0.0011565700920581356,0.0014910699593135564,0.0019119428296049939,0.002438837941980381,0.003095273820037868,0.003909281902783044,0.00492611193024958,0.0061628410668717265,0.007676330809873458,0.009521024143295656,0.011760617677735962,0.014469396354844781,0.01773373231587836,0.021653766958657276,0.026345299452710278,0.031941909479709145,0.038597346020615333,0.04648822379224712,0.055817077160329694,0.06681583315278286,0.0797497842007428,0.09499067797218806,0.11275344815697068,0.13349707143405193,0.15767411045371899,0.18580259957826745,0.21847658971734055,0.2563790413723502,0.3002978039974915,0.35114570860053523,0.40998624369785336,0.4780669247055956,0.5568635079190011,0.6481398290646679,0.7540307172260909,0.8771601517609356,0.0,0.0,0.0,0.0,0.0,0.0,0.0,0.0,0.0,0.0,0.0,0.0,0.0,0.0,0.0,0.0,0.0,0.0,0.0,0.0,0.0,0.0,0.0,0.0,0.0,0.0,0.0,0.0,0.0,0.0,0.0,0.0,0.0,0.0,0.0,0.0,0.0,0.0,0.0,0.0,0.0,0.0,0.0,0.0,0.0,0.0,0.0,0.0,0.0,0.0,0.0,0.0,0.0,0.0,0.0,0.0,0.0,0.0,0.0,0.0,0.0,0.0,0.0,0.0,0.0,0.0,0.0,0.0,0.0,0.0,0.0,0.0,0.0,0.0,0.0,0.0,0.0,0.0,0.0,0.0,0.0,0.0,0.0,0.0,0.0,0.0,0.0,0.0,0.0,0.0,0.0,0.0,0.0,0.0,0.0,0.0,0.0,0.0,0.0,0.0,0.0,0.0,0.0,0.0,0.0,0.0,0.0,0.0,0.0,0.0,0.0,0.0,0.0,0.0,0.0,0.0,0.0,0.0,0.0,0.0,0.0,0.0,0.0,0.0,0.0,0.0,0.0,0.0,0.0,0.0
0.0004652207374572,4.0361853670458855e-09,1.582213923496383e-09,2.4211559060447335e-09,4.211090437111735e-09,7.606522774835142e-09,1.5391438953726295e-08,2.6936499885202602e-08,4.662621261562908e-08,7.955749340185423e-08,1.336987654404213e-07,2.2115925732678384e-07,3.7900382930671985e-07,6.034441059047171e-07,9.480857919608114e-07,1.470213921792993e-06,2.250945479550043e-06,3.403990926157681e-06,5.086759055860221e-06,7.677692033962237e-06,1.1187999128106207e-05,1.6140935385057263e-05,2.3062724520698455e-05,3.2647429330971044e-05,4.580313146331342e-05,6.370857723026635e-05,8.78823474778121e-05,0.00012026684718712781,0.00016465942527283815,0.0002217767646490571,0.0002966394112401941,0.0003941231402106812,0.0005202695029292956,0.0006825232294965684,0.000890009166000953,0.0011538542972292854,0.0014875599862288723,0.0019074314946161725,0.002433070410748417,0.0030879380793429716,0.0038999979114587467,0.004914417560061993,0.006148179590425871,0.007658031483905033,0.0094982828312766,0.011732473943954193,0.014434707240130573,0.017691142112206806,0.02160167286692002,0.026281812696533517,0.031864810532375894,0.03850403393082098,0.04637565880122798,0.05568171510674889,0.06665355097023712,0.07955579530834526,0.09475945178710941,0.11247855510960596,0.13317109615321035,0.15728849220211302,0.18534746179466766,0.217940540167159,0.2557489372902079,0.2995584716148733,0.35027960642085226,0.40897304957502334,0.47688302907241364,0.5554813730573648,0.6465271640710579,0.7521494058852723,0.8749647593696248,0.0,0.0,0.0,0.0,0.0,0.0,0.0,0.0,0.0,0.0,0.0,0.0,0.0,0.0,0.0,0.0,0.0,0.0,0.0,0.0,0.0,0.0,0.0,0.0,0.0,0.0,0.0,0.0,0.0,0.0,0.0,0.0,0.0,0.0,0.0,0.0,0.0,0.0,0.0,0.0,0.0,0.0,0.0,0.0,0.0,0.0,0.0,0.0,0.0,0.0,0.0,0.0,0.0,0.0,0.0,0.0,0.0,0.0,0.0,0.0,0.0,0.0,0.0,0.0,0.0,0.0,0.0,0.0,0.0,0.0,0.0,0.0,0.0,0.0,0.0,0.0,0.0,0.0,0.0,0.0,0.0,0.0,0.0,0.0,0.0,0.0,0.0,0.0,0.0,0.0,0.0,0.0,0.0,0.0,0.0,0.0,0.0,0.0,0.0,0.0,0.0,0.0,0.0,0.0,0.0,0.0,0.0,0.0,0.0,0.0,0.0,0.0,0.0,0.0,0.0,0.0,0.0,0.0,0.0,0.0,0.0,0.0,0.0,0.0,0.0,0.0,0.0,0.0,0.0,0.0
0.0004690350532531,4.1621457282054515e-09,1.5572952156676732e-09,2.392592882692672e-09,4.202437509189558e-09,7.57219668116851e-09,1.5281132722544213e-08,2.674768953191187e-08,4.627407573799903e-08,7.896070340002761e-08,1.3268559383170777e-07,2.194599273518196e-07,3.761788790881743e-07,5.988647972940715e-07,9.407978176936564e-07,1.4587755287087807e-06,2.2332795552741167e-06,3.377063444475967e-06,5.046252635531779e-06,7.617319906724986e-06,1.1099301851577188e-05,1.601210543448337e-05,2.287751863000767e-05,3.2383818740761154e-05,4.5431477179818194e-05,6.318938658300607e-05,8.716326718500332e-05,0.00011927917183901622,0.00016331284329676373,0.00021995564066302727,0.00029419449516201264,0.00039086360082567006,0.000515952936285358,0.0006768436150315981,0.0008825822889388215,0.0011442003273841208,0.0014750829708551454,0.0018913949084799087,0.002412568401051324,0.00306186182987637,0.00386699599534036,0.004872847532973083,0.0060960625250771495,0.007592982982644577,0.009417444529197043,0.011632431884563981,0.014311398389991204,0.01753974747821556,0.02141649549590152,0.026056138384850006,0.03159074957249416,0.038172341165311145,0.04597552897317535,0.05520055008784187,0.06607669533721992,0.07886623461752056,0.09393752693492902,0.11150141217871201,0.13201237648928432,0.1559177666795941,0.18372962356209133,0.21603509588618472,0.2535091711321713,0.2969304487572232,0.3472009755946446,0.40537158115380756,0.4726748051997352,0.55056851259824,0.6407949010764621,0.7454622359627676,0.867161319854199,0.0,0.0,0.0,0.0,0.0,0.0,0.0,0.0,0.0,0.0,0.0,0.0,0.0,0.0,0.0,0.0,0.0,0.0,0.0,0.0,0.0,0.0,0.0,0.0,0.0,0.0,0.0,0.0,0.0,0.0,0.0,0.0,0.0,0.0,0.0,0.0,0.0,0.0,0.0,0.0,0.0,0.0,0.0,0.0,0.0,0.0,0.0,0.0,0.0,0.0,0.0,0.0,0.0,0.0,0.0,0.0,0.0,0.0,0.0,0.0,0.0,0.0,0.0,0.0,0.0,0.0,0.0,0.0,0.0,0.0,0.0,0.0,0.0,0.0,0.0,0.0,0.0,0.0,0.0,0.0,0.0,0.0,0.0,0.0,0.0,0.0,0.0,0.0,0.0,0.0,0.0,0.0,0.0,0.0,0.0,0.0,0.0,0.0,0.0,0.0,0.0,0.0,0.0,0.0,0.0,0.0,0.0,0.0,0.0,0.0,0.0,0.0,0.0,0.0,0.0,0.0,0.0,0.0,0.0,0.0,0.0,0.0,0.0,0.0,0.0,0.0,0.0,0.0,0.0,0.0
0.0005336699231206,3.5557032808576467e-09,1.381369740329659e-09,2.1565138405990427e-09,3.744008009922629e-09,6.717171805824346e-09,1.2063090635884898e-08,2.3896529240230655e-08,4.1235056935518135e-08,7.018105049409381e-08,1.1767674321593857e-07,1.9432082673220857e-07,3.3434823362019516e-07,5.31179834631428e-07,8.330643884688822e-07,1.2898864536265022e-06,1.972322922938053e-06,2.9793243987850587e-06,4.447854398255871e-06,6.7255805764628335e-06,9.789392360970927e-06,1.4109079146561155e-05,2.0141729822847775e-05,2.8490009526312346e-05,3.9942038894182286e-05,5.552043333398737e-05,7.654208693939899e-05,0.00010469076584116471,0.00014210457337761594,0.00019305784860391428,0.0002580835224337423,0.00034272129091218815,0.00045219990822469226,0.0005929603946092782,0.0007728947838377059,0.0010016235635830696,0.0012908166673029535,0.0016545631314802615,0.0021097953039940723,0.0026767738239835285,0.0033796401488333043,0.004247044061805941,0.005326447519254572,0.006632425556196349,0.00822374282942854,0.01015518267912946,0.012490617212725062,0.01530429059869499,0.01868225840889386,0.022724003017147686,0.027544247849577666,0.033274998382872026,0.04006784424693337,0.04809656393312206,0.057560085237650806,0.06868586770587477,0.08173379165117617,0.09707590842561786,0.11490665229030597,0.13568275998785354,0.15984727501703475,0.1879078953079431,0.22044783500960424,0.2581392567110376,0.3017601218212309,0.35221566268199755,0.41056621286732825,0.4780639534819361,0.5562024575138994,0.6467850513317974,0.7520217335783912,0.8746708861292269,0.0,0.0,0.0,0.0,0.0,0.0,0.0,0.0,0.0,0.0,0.0,0.0,0.0,0.0,0.0,0.0,0.0,0.0,0.0,0.0,0.0,0.0,0.0,0.0,0.0,0.0,0.0,0.0,0.0,0.0,0.0,0.0,0.0,0.0,0.0,0.0,0.0,0.0,0.0,0.0,0.0,0.0,0.0,0.0,0.0,0.0,0.0,0.0,0.0,0.0,0.0,0.0,0.0,0.0,0.0,0.0,0.0,0.0,0.0,0.0,0.0,0.0,0.0,0.0,0.0,0.0,0.0,0.0,0.0,0.0,0.0,0.0,0.0,0.0,0.0,0.0,0.0,0.0,0.0,0.0,0.0,0.0,0.0,0.0,0.0,0.0,0.0,0.0,0.0,0.0,0.0,0.0,0.0,0.0,0.0,0.0,0.0,0.0,0.0,0.0,0.0,0.0,0.0,0.0,0.0,0.0,0.0,0.0,0.0,0.0,0.0,0.0,0.0,0.0,0.0,0.0,0.0,0.0,0.0,0.0,0.0,0.0,0.0,0.0,0.0,0.0,0.0,0.0,0.0
0.0006135907273413,2.831569669027014e-09,1.2268878493798234e-09,1.9118902287297253e-09,3.3162287601793622e-09,5.935585280994702e-09,1.0627353600791686e-08,2.1209678181595466e-08,3.6454591399769915e-08,6.186936052181174e-08,1.0349436822467284e-07,1.7055860164495349e-07,2.768692289187795e-07,4.672112759340699e-07,7.312251954313809e-07,1.1302363484469415e-06,1.7256635154810943e-06,2.6033839921439192e-06,3.882256314171748e-06,5.724918305884894e-06,8.551323322855454e-06,1.2310479838083302e-05,1.755612180992441e-05,2.481005376730281e-05,3.4754237115170665e-05,4.827312468239171e-05,6.650516636481522e-05,9.090528662158681e-05,0.00012332024856329728,0.00016607875415449992,0.00022396313470430715,0.00029723436501682255,0.0003919655020797799,0.0005137097076077513,0.0006692686635877187,0.00086693068130034,0.001116746006854159,0.001430843985123036,0.0018237967831985292,0.0023130349953544823,0.002919321103272831,0.003667286794813182,0.004586041528365483,0.005725260406337469,0.007096438192978403,0.008760158952885774,0.010771253477091118,0.013193435842857227,0.01610053268425278,0.01957786143351121,0.02372377746207665,0.02865141364531091,0.03449064021530092,0.041390281226507036,0.04952063017354933,0.059076322535008524,0.07027963280630195,0.08338428967614123,0.09876248071585032,0.11658626717998094,0.13730997740051126,0.16136647667582119,0.1892525685121094,0.22154023457826122,0.2588906984160864,0.30207229145668313,0.3519835339973749,0.40968349810382865,0.47643257002923767,0.5537484340989967,0.6434849827922918,0.7479469696703975,0.8700626339938308,0.0,0.0,0.0,0.0,0.0,0.0,0.0,0.0,0.0,0.0,0.0,0.0,0.0,0.0,0.0,0.0,0.0,0.0,0.0,0.0,0.0,0.0,0.0,0.0,0.0,0.0,0.0,0.0,0.0,0.0,0.0,0.0,0.0,0.0,0.0,0.0,0.0,0.0,0.0,0.0,0.0,0.0,0.0,0.0,0.0,0.0,0.0,0.0,0.0,0.0,0.0,0.0,0.0,0.0,0.0,0.0,0.0,0.0,0.0,0.0,0.0,0.0,0.0,0.0,0.0,0.0,0.0,0.0,0.0,0.0,0.0,0.0,0.0,0.0,0.0,0.0,0.0,0.0,0.0,0.0,0.0,0.0,0.0,0.0,0.0,0.0,0.0,0.0,0.0,0.0,0.0,0.0,0.0,0.0,0.0,0.0,0.0,0.0,0.0,0.0,0.0,0.0,0.0,0.0,0.0,0.0,0.0,0.0,0.0,0.0,0.0,0.0,0.0,0.0,0.0,0.0,0.0,0.0,0.0,0.0,0.0,0.0,0.0,0.0,0.0,0.0,0.0,0.0
0.0006158862113952,3.1810753246473407e-09,1.2383508035908973e-09,1.9020108449536627e-09,3.302227693702142e-09,5.898114389141165e-09,1.0602401398506608e-08,2.1143223213784086e-08,3.632240991208198e-08,6.167333838590168e-08,1.0313336686789904e-07,1.6996618158712046e-07,2.7589608049816485e-07,4.6560893485866403e-07,7.28694337693272e-07,1.1262657038835334e-06,1.7195183323780992e-06,2.5940234593349826e-06,3.8681792727736e-06,5.704002370823615e-06,8.520501763132222e-06,1.2265711261704477e-05,1.749178144754428e-05,2.4718474368488686e-05,3.4625139923732934e-05,4.8092775943323395e-05,6.625539560114284e-05,9.056225828779148e-05,0.0001228528399017604,0.0001654466900009587,0.00022311413019278099,0.00029610258186360896,0.00039046677497848976,0.0005117378991893238,0.0006666904405499775,0.0008635795836106695,0.001112415302469582,0.0014252782194653765,0.0018166817913496443,0.0023039862133137435,0.0029078699509944143,0.0036528648477372025,0.004567961908070184,0.005702694994347068,0.00706839761197324,0.00872546000119995,0.01072848824314304,0.013140934586044784,0.01603632160606364,0.01949961463170518,0.02362876227767149,0.028536428154295097,0.0343519427421411,0.041223509764551025,0.04932071144056875,0.05883736725817958,0.06999481740844724,0.08304572016534724,0.09836107087513694,0.1161114673327652,0.13674964905147535,0.1607066230455139,0.18847704747333,0.22063041743823197,0.2578250599082694,0.3008259098393915,0.3505274756918479,0.4079840440491261,0.4744502252633816,0.5514366344778352,0.6407883634863756,0.7447989606730681,0.8663820340925672,0.0,0.0,0.0,0.0,0.0,0.0,0.0,0.0,0.0,0.0,0.0,0.0,0.0,0.0,0.0,0.0,0.0,0.0,0.0,0.0,0.0,0.0,0.0,0.0,0.0,0.0,0.0,0.0,0.0,0.0,0.0,0.0,0.0,0.0,0.0,0.0,0.0,0.0,0.0,0.0,0.0,0.0,0.0,0.0,0.0,0.0,0.0,0.0,0.0,0.0,0.0,0.0,0.0,0.0,0.0,0.0,0.0,0.0,0.0,0.0,0.0,0.0,0.0,0.0,0.0,0.0,0.0,0.0,0.0,0.0,0.0,0.0,0.0,0.0,0.0,0.0,0.0,0.0,0.0,0.0,0.0,0.0,0.0,0.0,0.0,0.0,0.0,0.0,0.0,0.0,0.0,0.0,0.0,0.0,0.0,0.0,0.0,0.0,0.0,0.0,0.0,0.0,0.0,0.0,0.0,0.0,0.0,0.0,0.0,0.0,0.0,0.0,0.0,0.0,0.0,0.0,0.0,0.0,0.0,0.0,0.0,0.0,0.0,0.0,0.0,0.0,0.0,0.0
0.0007017083168029,2.8199391078166353e-09,1.102262775588515e-09,1.706620024452241e-09,2.962352244581654e-09,5.279487100228427e-09,9.428000567729031e-09,1.8955263081547572e-08,3.245188807870616e-08,5.490022150739439e-08,9.160039305809382e-08,1.506296158022323e-07,2.4408223918543136e-07,4.13556768168327e-07,6.458301647402084e-07,9.96369583651813e-07,1.5188123576594247e-06,2.2881389807240977e-06,3.40798852849215e-06,5.0201290433558335e-06,7.316516582843871e-06,1.0802403494918612e-05,1.5388276899319225e-05,2.1724778430572433e-05,3.0404955024160593e-05,4.219745614687161e-05,5.80912108786413e-05,7.934943311093461e-05,0.00010757472731945207,0.0001447870253978595,0.00019351636106463495,0.00025911064397022784,0.00034148385425779597,0.0004472939316195989,0.0005824293449806242,0.00075406269539789,0.0009708879423720763,0.001243393525151243,0.0015841754139886903,0.0020082948927654634,0.0025336857161854225,0.0031816160615532225,0.00397721160397127,0.004965389666842018,0.00615222101467695,0.007591765058417469,0.009331286985325413,0.011425690372473346,0.013938570750922417,0.01694339585198516,0.02052482965226855,0.024780220081721097,0.029821273809190828,0.03577594786213797,0.042790595647379734,0.05103241261585351,0.06069224168854624,0.07198781329121626,0.08516751772702069,0.1006052801110905,0.11845095164462938,0.13915861182579625,0.16315296089411108,0.19092242677225613,0.22303092504793176,0.2601327506592608,0.3029917472959242,0.35250642627926065,0.4097435365248921,0.4759839347129301,0.552786861968062,0.6420826758894473,0.7463113224030669,0.868637817186324,0.0,0.0,0.0,0.0,0.0,0.0,0.0,0.0,0.0,0.0,0.0,0.0,0.0,0.0,0.0,0.0,0.0,0.0,0.0,0.0,0.0,0.0,0.0,0.0,0.0,0.0,0.0,0.0,0.0,0.0,0.0,0.0,0.0,0.0,0.0,0.0,0.0,0.0,0.0,0.0,0.0,0.0,0.0,0.0,0.0,0.0,0.0,0.0,0.0,0.0,0.0,0.0,0.0,0.0,0.0,0.0,0.0,0.0,0.0,0.0,0.0,0.0,0.0,0.0,0.0,0.0,0.0,0.0,0.0,0.0,0.0,0.0,0.0,0.0,0.0,0.0,0.0,0.0,0.0,0.0,0.0,0.0,0.0,0.0,0.0,0.0,0.0,0.0,0.0,0.0,0.0,0.0,0.0,0.0,0.0,0.0,0.0,0.0,0.0,0.0,0.0,0.0,0.0,0.0,0.0,0.0,0.0,0.0,0.0,0.0,0.0,0.0,0.0,0.0,0.0,0.0,0.0,0.0,0.0,0.0,0.0,0.0,0.0,0.0,0.0,0.0,0.0
0.0007054802310718,2.3325794839651353e-09,1.11365411223632e-09,1.702333426158179e-09,2.952676484750403e-09,5.2519985487220655e-09,9.382161088068978e-09,1.8868641206705566e-08,3.2309058508890864e-08,5.4635812412767725e-08,9.116117698059185e-08,1.4988852612567465e-07,2.4285875085582887e-07,4.115598229949204e-07,6.426438011952234e-07,9.913868671476324e-07,1.5111130373424607e-06,2.2764013850672148e-06,3.3903352206780205e-06,4.993892029894999e-06,7.277982829159534e-06,1.0746256118822816e-05,1.5307576920479252e-05,2.1609928847366835e-05,3.0243058103721834e-05,4.1971294174689e-05,5.777803135265357e-05,7.891929095558292e-05,0.00010698864789373374,0.00014399451354311484,0.00019245251982412124,0.00025769171037616864,0.00033960504420932586,0.0004448221533792334,0.0005791975553579724,0.0007498623725891469,0.0009654600630711575,0.0012364180438376002,0.0015752588370926742,0.0019969555142253345,0.0025193366551677365,0.0031635453676564737,0.003954559166172841,0.004921776386344327,0.006117092082941648,0.007548297175814009,0.009277717500053599,0.011359929086239926,0.01385814700997868,0.01684539847413055,0.020405838600795097,0.024636228462420928,0.029647599559041494,0.035567133539851456,0.042540293886112523,0.050733256617594744,0.06033569665181977,0.07156400687146301,0.08466504568381408,0.100011036297555,0.11774972150936681,0.1383329027110285,0.1621826035283468,0.18978415166671,0.22169785270903783,0.2585737728786891,0.30117076481343436,0.35038139204999874,0.40726523628841765,0.4730943967408613,0.5494172308729128,0.6381502908607146,0.7417155456078387,0.8632538566084388,0.0,0.0,0.0,0.0,0.0,0.0,0.0,0.0,0.0,0.0,0.0,0.0,0.0,0.0,0.0,0.0,0.0,0.0,0.0,0.0,0.0,0.0,0.0,0.0,0.0,0.0,0.0,0.0,0.0,0.0,0.0,0.0,0.0,0.0,0.0,0.0,0.0,0.0,0.0,0.0,0.0,0.0,0.0,0.0,0.0,0.0,0.0,0.0,0.0,0.0,0.0,0.0,0.0,0.0,0.0,0.0,0.0,0.0,0.0,0.0,0.0,0.0,0.0,0.0,0.0,0.0,0.0,0.0,0.0,0.0,0.0,0.0,0.0,0.0,0.0,0.0,0.0,0.0,0.0,0.0,0.0,0.0,0.0,0.0,0.0,0.0,0.0,0.0,0.0,0.0,0.0,0.0,0.0,0.0,0.0,0.0,0.0,0.0,0.0,0.0,0.0,0.0,0.0,0.0,0.0,0.0,0.0,0.0,0.0,0.0,0.0,0.0,0.0,0.0,0.0,0.0,0.0,0.0,0.0,0.0,0.0,0.0,0.0,0.0,0.0,0.0,0.0
0.0007913447380065,2.223472558905773e-09,1.0094357004501185e-09,1.5490749779191736e-09,2.6758461560476966e-09,4.760240876578614e-09,8.475386126913258e-09,1.4957714276211173e-08,2.9300220693741605e-08,4.940480534289895e-08,8.221449716779834e-08,1.3491035778728132e-07,2.1821419465246658e-07,3.479240480004781e-07,5.78462535759054e-07,8.907671514990387e-07,1.355655618537681e-06,2.0394825479278793e-06,3.0339206937354794e-06,4.4642558871404935e-06,6.5000569078897025e-06,9.613031355444443e-06,1.3678637932173554e-05,1.929174770657735e-05,2.6975282680445317e-05,3.7406667132350916e-05,5.1456963192063844e-05,7.023829150256512e-05,9.516088614790948e-05,0.00012800141965011442,0.00017098414824543448,0.00022905805894189425,0.00030169184772167127,0.00039494481432798486,0.0005139861945359033,0.0006651099149200377,0.0008559418614312466,0.0010956783937292878,0.0013953595402095625,0.0017681812397849456,0.002229850316820317,0.0027989874411704506,0.003497582714753968,0.004351509694053167,0.005408463820878161,0.006671481316053107,0.008197169890900932,0.01003350179695527,0.01223602423646276,0.014868884333772907,0.01800597819691405,0.021732240808013285,0.026145096945916043,0.03135609881381171,0.037492781340081355,0.0447007745631969,0.05314622322621141,0.0630185772911042,0.0745338357226307,0.08802992933487126,0.10361217225799867,0.12168648755244708,0.14262102570194352,0.16683871993029303,0.19482725789086022,0.2271516705297708,0.26447047852554945,0.3075567694472883,0.35732624123677653,0.4148753293859318,0.48153432388554585,0.5589434837834275,0.6491657746627852,0.7548605965617665,0.8795647846251152,0.0,0.0,0.0,0.0,0.0,0.0,0.0,0.0,0.0,0.0,0.0,0.0,0.0,0.0,0.0,0.0,0.0,0.0,0.0,0.0,0.0,0.0,0.0,0.0,0.0,0.0,0.0,0.0,0.0,0.0,0.0,0.0,0.0,0.0,0.0,0.0,0.0,0.0,0.0,0.0,0.0,0.0,0.0,0.0,0.0,0.0,0.0,0.0,0.0,0.0,0.0,0.0,0.0,0.0,0.0,0.0,0.0,0.0,0.0,0.0,0.0,0.0,0.0,0.0,0.0,0.0,0.0,0.0,0.0,0.0,0.0,0.0,0.0,0.0,0.0,0.0,0.0,0.0,0.0,0.0,0.0,0.0,0.0,0.0,0.0,0.0,0.0,0.0,0.0,0.0,0.0,0.0,0.0,0.0,0.0,0.0,0.0,0.0,0.0,0.0,0.0,0.0,0.0,0.0,0.0,0.0,0.0,0.0,0.0,0.0,0.0,0.0,0.0,0.0,0.0,0.0,0.0,0.0,0.0,0.0,0.0,0.0,0.0,0.0,0.0,0.0
0.0008111308307896,2.1545791744661417e-09,9.984971208097401e-10,1.522547211595936e-09,2.6262239486109053e-09,4.659521489349916e-09,8.302466062735846e-09,1.4629580372631966e-08,2.869101497791284e-08,4.835534747274149e-08,8.042599802122857e-08,1.3190941423615052e-07,2.1326915700991528e-07,3.399309252053815e-07,5.655883169968094e-07,8.705969710008361e-07,1.3244993751999023e-06,1.9919970576795067e-06,2.9624853492857077e-06,4.358109708947747e-06,6.34414934870506e-06,9.385936225234886e-06,1.3352197598234384e-05,1.8827195051484195e-05,2.6320460501116737e-05,3.6491995051058254e-05,5.019036709256455e-05,6.849887912186449e-05,9.2791050284046e-05,0.00012479710294695273,0.00016668298800027426,0.00022332146165373457,0.00029409642898861187,0.00038495291596978064,0.0005009229263315895,0.0006481327758426729,0.0008340046293196867,0.001067488340006407,0.001359327234573335,0.0017223614605801595,0.0021718731631813286,0.0027259781244014115,0.0034060685148392267,0.004237312479020804,0.005266564465258466,0.0064959102728625855,0.007980812992658891,0.009767923528192954,0.011911254944785435,0.014473177841008291,0.01752553616203902,0.021150899220408657,0.025443970380649127,0.030513176038378956,0.036482465885589004,0.04349336174636615,0.05170730408644717,0.0613083568668,0.07250635125044147,0.0856323615224167,0.10078323199158357,0.11835571838848563,0.1387072136176359,0.16224819581275426,0.18945186265253136,0.22086628513861456,0.257129985815601,0.2989922543764126,0.3473401546115039,0.4032352011560356,0.46796439213962643,0.5431132314704705,0.6306736961296149,0.7332102646923448,0.8541277628392742,0.998130207598939,0.0,0.0,0.0,0.0,0.0,0.0,0.0,0.0,0.0,0.0,0.0,0.0,0.0,0.0,0.0,0.0,0.0,0.0,0.0,0.0,0.0,0.0,0.0,0.0,0.0,0.0,0.0,0.0,0.0,0.0,0.0,0.0,0.0,0.0,0.0,0.0,0.0,0.0,0.0,0.0,0.0,0.0,0.0,0.0,0.0,0.0,0.0,0.0,0.0,0.0,0.0,0.0,0.0,0.0,0.0,0.0,0.0,0.0,0.0,0.0,0.0,0.0,0.0,0.0,0.0,0.0,0.0,0.0,0.0,0.0,0.0,0.0,0.0,0.0,0.0,0.0,0.0,0.0,0.0,0.0,0.0,0.0,0.0,0.0,0.0,0.0,0.0,0.0,0.0,0.0,0.0,0.0,0.0,0.0,0.0,0.0,0.0,0.0,0.0,0.0,0.0,0.0,0.0,0.0,0.0,0.0,0.0,0.0,0.0,0.0,0.0,0.0,0.0,0.0,0.0,0.0,0.0,0.0,0.0,0.0,0.0,0.0,0.0,0.0,0.0
0.0009076813697814,2.0195432402166996e-09,7.205991620577501e-10,1.3877969855405727e-09,2.3982099851515634e-09,4.238570040209848e-09,7.52478661137483e-09,1.3236100503476171e-08,2.612558794937172e-08,4.3890708121172244e-08,7.280226852941399e-08,1.1914404828144112e-07,1.9225163886178406e-07,3.0592740347086984e-07,5.108568126576687e-07,7.847969702235885e-07,1.1919374634477056e-06,1.7899891217761435e-06,2.658589896190848e-06,3.906548776528408e-06,5.680928541185635e-06,8.178753641334313e-06,1.19635663944387e-05,1.6851121632541866e-05,2.353511111691505e-05,3.260150913041343e-05,4.480322229236727e-05,6.110098010023835e-05,8.271222167234838e-05,0.00011116981483044607,0.00014839172600320216,0.00019676346174425064,0.00026179820851350956,0.00034246573265544545,0.00044537805690997203,0.0005759491740714906,0.0007407354913994935,0.000947639654164917,0.001206144065505191,0.0015275773510138877,0.001925417488269352,0.002415635447243101,0.003017083566744301,0.003751933628523881,0.004646169560350986,0.005749733064699134,0.007061336777039823,0.008639316342701535,0.010531170638974673,0.012791727568431471,0.015484118248154401,0.018680869930425576,0.022465133853786363,0.02693206959865367,0.03219041128607704,0.03836424817019745,0.04559506095249751,0.05404406531819317,0.06389493157626402,0.07535696684415782,0.08876915734884942,0.1042113684102273,0.12208808171188607,0.14275701828085316,0.16663002500349022,0.19418340314186752,0.22597109764276055,0.26264182921289725,0.3049617644210977,0.3538451453565536,0.4103966549776263,0.4759716166119459,0.5522642773787666,0.6414422135193844,0.7463605153991062,0.8709231012756115,0.0,0.0,0.0,0.0,0.0,0.0,0.0,0.0,0.0,0.0,0.0,0.0,0.0,0.0,0.0,0.0,0.0,0.0,0.0,0.0,0.0,0.0,0.0,0.0,0.0,0.0,0.0,0.0,0.0,0.0,0.0,0.0,0.0,0.0,0.0,0.0,0.0,0.0,0.0,0.0,0.0,0.0,0.0,0.0,0.0,0.0,0.0,0.0,0.0,0.0,0.0,0.0,0.0,0.0,0.0,0.0,0.0,0.0,0.0,0.0,0.0,0.0,0.0,0.0,0.0,0.0,0.0,0.0,0.0,0.0,0.0,0.0,0.0,0.0,0.0,0.0,0.0,0.0,0.0,0.0,0.0,0.0,0.0,0.0,0.0,0.0,0.0,0.0,0.0,0.0,0.0,0.0,0.0,0.0,0.0,0.0,0.0,0.0,0.0,0.0,0.0,0.0,0.0,0.0,0.0,0.0,0.0,0.0,0.0,0.0,0.0,0.0,0.0,0.0,0.0,0.0,0.0,0.0,0.0,0.0,0.0,0.0,0.0,0.0,0.0
0.0009326033468832,1.994514632789173e-09,7.013011246481549e-10,1.3626813721749765e-09,2.345336194695459e-09,4.150467828400099e-09,7.3521567776825535e-09,1.2926274753068264e-08,2.5547536059157978e-08,4.2890138335164326e-08,7.108909372423801e-08,1.1626270554880488e-07,1.8753232853956236e-07,2.9829317569917036e-07,4.985687517711596e-07,7.655325608475808e-07,1.1621799564587545e-06,1.7446362590210353e-06,2.590377028282021e-06,3.805176734215747e-06,5.532044912329136e-06,7.962501597371273e-06,1.1651848333652053e-05,1.6407553432427724e-05,2.2909922423567217e-05,3.1728301714344615e-05,4.359413900978527e-05,5.944067196012733e-05,8.04503221095571e-05,0.0001081116975214747,0.00014428714609153462,0.00019129272254877157,0.00025455101096160505,0.00033293275573442993,0.0004329158688946573,0.0005597546518040041,0.0007198113936541506,0.0009207539742174373,0.001171782116468984,0.0014838856653442822,0.0018701381920103075,0.0023460299425872577,0.0029298440556284077,0.0036430808687284207,0.004510934996129306,0.0055824087390874255,0.0068551621068392524,0.008386261140549389,0.010221745535441156,0.012414753696152013,0.015026465336936284,0.018127158747637442,0.021797398414441557,0.026129373482162207,0.03122841169209553,0.03721470016623215,0.04422525227199802,0.05241617098663458,0.061965273723188566,0.07307516206828099,0.08607738646808388,0.10104253987005218,0.11836510940098491,0.13839103056341395,0.1615184519033068,0.1882076588714481,0.21899373575068498,0.254502995704073,0.29547469590788283,0.3427903401424344,0.3975141468485869,0.460950455011283,0.5347277312631729,0.6209261570855927,0.7222803223613681,0.8425198156500835,0.986984261571415,0.0,0.0,0.0,0.0,0.0,0.0,0.0,0.0,0.0,0.0,0.0,0.0,0.0,0.0,0.0,0.0,0.0,0.0,0.0,0.0,0.0,0.0,0.0,0.0,0.0,0.0,0.0,0.0,0.0,0.0,0.0,0.0,0.0,0.0,0.0,0.0,0.0,0.0,0.0,0.0,0.0,0.0,0.0,0.0,0.0,0.0,0.0,0.0,0.0,0.0,0.0,0.0,0.0,0.0,0.0,0.0,0.0,0.0,0.0,0.0,0.0,0.0,0.0,0.0,0.0,0.0,0.0,0.0,0.0,0.0,0.0,0.0,0.0,0.0,0.0,0.0,0.0,0.0,0.0,0.0,0.0,0.0,0.0,0.0,0.0,0.0,0.0,0.0,0.0,0.0,0.0,0.0,0.0,0.0,0.0,0.0,0.0,0.0,0.0,0.0,0.0,0.0,0.0,0.0,0.0,0.0,0.0,0.0,0.0,0.0,0.0,0.0,0.0,0.0,0.0,0.0,0.0,0.0,0.0,0.0,0.0,0.0,0.0,0.0
0.0010392752647399,1.7120704434027466e-09,6.221378287751421e-10,9.81277699323807e-10,2.1503843941747054e-09,3.791571703316588e-09,6.706168481997962e-09,1.1756916929956239e-08,2.03445800410106e-08,3.913325059824641e-08,6.468742323667809e-08,1.0554674447343065e-07,1.6989581013316856e-07,2.6975376470041635e-07,4.225791762278824e-07,6.935108055523601e-07,1.0509087373241208e-06,1.5750890689590983e-06,2.335339477384968e-06,3.4262348792270573e-06,4.975523179936544e-06,7.154174887039059e-06,1.0188958328726486e-05,1.4749672426016007e-05,2.0573278242915397e-05,2.846480730426203e-05,3.9075602908069025e-05,5.32361259424123e-05,7.199808347523027e-05,9.668472672109328e-05,0.00012895069271696288,0.00017085266139443231,0.00022493246530465026,0.0002973183415011844,0.00038636061452254665,0.0004992595877839623,0.0006416530023336406,0.000820332392481564,0.0010434425516895507,0.0013207088333274763,0.001663695737201321,0.0020860997225198214,0.002604080205500162,0.003236632370068041,0.004006006241981379,0.004938177388014077,0.006085442807758163,0.007441573694838796,0.009066686677152117,0.011007619994202258,0.013318277345988507,0.01606055240899023,0.019305366425994015,0.023133836373488315,0.027638594677207824,0.03292528727784257,0.039114283431467486,0.046342640087678834,0.054766375576251816,0.06456312403010178,0.07593526284834304,0.08922332997506513,0.10448020265529116,0.1221094625939951,0.14245834636932947,0.165927651503088,0.19298245812961706,0.22416598160005505,0.26011779421892844,0.30159827989277566,0.3495221971017389,0.40500594634065057,0.46943615231032426,0.5445727603017113,0.6327107729355815,0.736947735431201,0.8616568924664488,0.0,0.0,0.0,0.0,0.0,0.0,0.0,0.0,0.0,0.0,0.0,0.0,0.0,0.0,0.0,0.0,0.0,0.0,0.0,0.0,0.0,0.0,0.0,0.0,0.0,0.0,0.0,0.0,0.0,0.0,0.0,0.0,0.0,0.0,0.0,0.0,0.0,0.0,0.0,0.0,0.0,0.0,0.0,0.0,0.0,0.0,0.0,0.0,0.0,0.0,0.0,0.0,0.0,0.0,0.0,0.0,0.0,0.0,0.0,0.0,0.0,0.0,0.0,0.0,0.0,0.0,0.0,0.0,0.0,0.0,0.0,0.0,0.0,0.0,0.0,0.0,0.0,0.0,0.0,0.0,0.0,0.0,0.0,0.0,0.0,0.0,0.0,0.0,0.0,0.0,0.0,0.0,0.0,0.0,0.0,0.0,0.0,0.0,0.0,0.0,0.0,0.0,0.0,0.0,0.0,0.0,0.0,0.0,0.0,0.0,0.0,0.0,0.0,0.0,0.0,0.0,0.0,0.0,0.0,0.0,0.0,0.0,0.0,0.0
0.0010722672220103,1.6372838056635745e-09,6.130246281766953e-10,9.488258150454503e-10,2.10012957772886e-09,3.6942064940517446e-09,6.530320714925686e-09,1.1440714292798448e-08,1.9784131824300978e-08,3.81275753102039e-08,6.296945423499386e-08,1.0265920324546413e-07,1.6514204374944597e-07,2.620744822763603e-07,4.1035811634343054e-07,6.741334503210194e-07,1.0209806150271484e-06,1.5294658566576463e-06,2.2667358457919218e-06,3.324303840646822e-06,4.825831275219672e-06,6.936766883074519e-06,9.876497041627093e-06,1.4303787948830483e-05,1.9944878433972363e-05,2.758719681216276e-05,3.786055506345387e-05,5.156779061452274e-05,6.9725487835332e-05,9.361247957002995e-05,0.00012482757183631242,0.00016535778669896255,0.00021765845418065242,0.00028774512770192033,0.0003738472203469937,0.0004830003572400372,0.000620647674965136,0.0007933454394080055,0.0010089551330556387,0.0012768626646518341,0.0016082273903205257,0.0020162643103074362,0.002516562774055876,0.0031274456008740363,0.0038703727497176954,0.004770394171535361,0.005878706506134651,0.0071878596346314355,0.008756493470034838,0.010629756304003552,0.012859600447623026,0.015505671098097648,0.018636303887316102,0.02232964733254973,0.026674930813586437,0.03177390306395835,0.03774247330331323,0.04471259587782267,0.05283445025474852,0.062278984769899036,0.0732409116062033,0.08605228585286669,0.10075530094205216,0.11774206414585654,0.13734620800613187,0.15995264525337033,0.18600777851961814,0.21603267395135545,0.2506403656362115,0.2905590399809305,0.33666379678445973,0.39002128127544533,0.4519542782106754,0.5241385150577884,0.6087539605698681,0.7087338752068261,0.8282026930312003,0.9733283134054013,0.0,0.0,0.0,0.0,0.0,0.0,0.0,0.0,0.0,0.0,0.0,0.0,0.0,0.0,0.0,0.0,0.0,0.0,0.0,0.0,0.0,0.0,0.0,0.0,0.0,0.0,0.0,0.0,0.0,0.0,0.0,0.0,0.0,0.0,0.0,0.0,0.0,0.0,0.0,0.0,0.0,0.0,0.0,0.0,0.0,0.0,0.0,0.0,0.0,0.0,0.0,0.0,0.0,0.0,0.0,0.0,0.0,0.0,0.0,0.0,0.0,0.0,0.0,0.0,0.0,0.0,0.0,0.0,0.0,0.0,0.0,0.0,0.0,0.0,0.0,0.0,0.0,0.0,0.0,0.0,0.0,0.0,0.0,0.0,0.0,0.0,0.0,0.0,0.0,0.0,0.0,0.0,0.0,0.0,0.0,0.0,0.0,0.0,0.0,0.0,0.0,0.0,0.0,0.0,0.0,0.0,0.0,0.0,0.0,0.0,0.0,0.0,0.0,0.0,0.0,0.0,0.0,0.0,0.0,0.0,0.0,0.0,0.0
0.0011784977912902,1.5417321459739358e-09,5.646402104193666e-10,8.793095922780976e-10,1.5444341130455958e-09,3.4268873118530237e-09,6.036479671816203e-09,1.0543581383173628e-08,1.820168957950078e-08,3.526488727049537e-08,5.807510128367699e-08,9.446547518030389e-08,1.5166250006593126e-07,2.402693973939736e-07,3.756476916806581e-07,6.191108155924091e-07,9.359848082888937e-07,1.3999610779983023e-06,2.0719381779170312e-06,3.0348816363685777e-06,4.400822800941097e-06,6.31951608140095e-06,8.989429758221634e-06,1.3037961803544393e-05,1.8160982441660108e-05,2.5095972726421485e-05,3.441163205387105e-05,4.6832497457040656e-05,6.327546072654031e-05,8.489335332716279e-05,0.00011312674754692558,0.00014976502229973416,0.00019701826065529935,0.0002576011805535304,0.00033834380829266946,0.0004368719409066223,0.0005610579734479078,0.0007167912082026441,0.0009111302915412521,0.0011524990905739678,0.0014509089565177885,0.0018182105831000526,0.002268378298937904,0.0028178302201283634,0.003485787947983661,0.0042946799044523976,0.0052705928852763324,0.0064685937663190125,0.007877168970938517,0.009558671627943102,0.011559529501058773,0.01393302304123388,0.01674016944802604,0.02005071672327884,0.023944264977290197,0.02851153712016655,0.03385582663653791,0.0400946572377847,0.04736169955804968,0.05580900311968424,0.06560961897519836,0.07707161637683961,0.09020706225456582,0.10537565798680039,0.1228726605108836,0.143038202671541,0.16626607567585075,0.1930150145170938,0.22382345530277245,0.2593292054453812,0.30029623289919744,0.3476520575804177,0.4025414368524318,0.46640605956237385,0.541107671362002,0.6291278387571898,0.7339127169856314,0.8605835749632464,0.0,0.0,0.0,0.0,0.0,0.0,0.0,0.0,0.0,0.0,0.0,0.0,0.0,0.0,0.0,0.0,0.0,0.0,0.0,0.0,0.0,0.0,0.0,0.0,0.0,0.0,0.0,0.0,0.0,0.0,0.0,0.0,0.0,0.0,0.0,0.0,0.0,0.0,0.0,0.0,0.0,0.0,0.0,0.0,0.0,0.0,0.0,0.0,0.0,0.0,0.0,0.0,0.0,0.0,0.0,0.0,0.0,0.0,0.0,0.0,0.0,0.0,0.0,0.0,0.0,0.0,0.0,0.0,0.0,0.0,0.0,0.0,0.0,0.0,0.0,0.0,0.0,0.0,0.0,0.0,0.0,0.0,0.0,0.0,0.0,0.0,0.0,0.0,0.0,0.0,0.0,0.0,0.0,0.0,0.0,0.0,0.0,0.0,0.0,0.0,0.0,0.0,0.0,0.0,0.0,0.0,0.0,0.0,0.0,0.0,0.0,0.0,0.0,0.0,0.0,0.0,0.0,0.0,0.0,0.0,0.0,0.0,0.0
0.001232846739442,1.5216099644096063e-09,5.404858980971719e-10,8.510405183665858e-10,1.4791247963573808e-09,3.3058608735628674e-09,5.814900273042057e-09,1.0150155398007102e-08,1.749250771897906e-08,2.971946403062e-08,5.59007987249871e-08,9.082252799734029e-08,1.4566301762925282e-07,2.3056133322888036e-07,3.6020688899787105e-07,5.555533228234441e-07,8.981570550564286e-07,1.3423282864862723e-06,1.985261960896121e-06,2.906109825255923e-06,4.2117274466913615e-06,6.044900785389272e-06,8.594797199147313e-06,1.2474842540791471e-05,1.7367444016008377e-05,2.3987864673212346e-05,3.287763746941597e-05,4.4726487225671224e-05,6.0407040042763253e-05,8.101611660226422e-05,0.00010792395505105883,0.00014283216821781914,0.00018784189356052324,0.0002455334090197829,0.0003225614826689932,0.000416368025825023,0.0005345725907152597,0.0006827683055373498,0.0008676574762093141,0.0010972368840717135,0.001381008340341407,0.0017302170740287638,0.002158120729994913,0.002680292312335878,0.003314960390720499,0.004083390464469179,0.0050103118603049696,0.006149178286352114,0.007486705052867478,0.009083094918872006,0.01098232646461631,0.013234858806537603,0.01589846568093273,0.019039172546381364,0.022732313223244222,0.02706372667880513,0.032131119221103274,0.03804562524835975,0.04493360793822134,0.05293875415095077,0.06222453320477361,0.07297711205507185,0.08552911933106772,0.09989207969120012,0.11645559529963463,0.13554004900718097,0.15751604984211542,0.18281489921613656,0.21194224559851535,0.24549623918011962,0.2841921849541186,0.32889683718129475,0.3806774465705275,0.44087422883605637,0.5112116925912369,0.5939780050323747,0.6923317717103051,0.8108690529088332,0.9568094592219034,0.0,0.0,0.0,0.0,0.0,0.0,0.0,0.0,0.0,0.0,0.0,0.0,0.0,0.0,0.0,0.0,0.0,0.0,0.0,0.0,0.0,0.0,0.0,0.0,0.0,0.0,0.0,0.0,0.0,0.0,0.0,0.0,0.0,0.0,0.0,0.0,0.0,0.0,0.0,0.0,0.0,0.0,0.0,0.0,0.0,0.0,0.0,0.0,0.0,0.0,0.0,0.0,0.0,0.0,0.0,0.0,0.0,0.0,0.0,0.0,0.0,0.0,0.0,0.0,0.0,0.0,0.0,0.0,0.0,0.0,0.0,0.0,0.0,0.0,0.0,0.0,0.0,0.0,0.0,0.0,0.0,0.0,0.0,0.0,0.0,0.0,0.0,0.0,0.0,0.0,0.0,0.0,0.0,0.0,0.0,0.0,0.0,0.0,0.0,0.0,0.0,0.0,0.0,0.0,0.0,0.0,0.0,0.0,0.0,0.0,0.0,0.0,0.0,0.0,0.0,0.0,0.0,0.0,0.0,0.0,0.0,0.0
0.0013348847389221,1.2670104641597e-09,5.102765808190995e-10,7.86264318598614e-10,1.3832864207029071e-09,3.111043974908174e-09,5.448376136589346e-09,9.487080862676134e-09,1.6323423856598837e-08,2.7685490932888872e-08,5.229183105319604e-08,8.477695224334361e-08,1.3571615033330176e-07,2.1447768996288398e-07,3.3460612841289255e-07,5.154294882967758e-07,8.354557400939847e-07,1.2468009416880463e-06,1.8415815153615033e-06,2.6926737790449973e-06,3.898332638330106e-06,5.589802007422005e-06,7.94084084984574e-06,1.1179552282506455e-05,1.605255810676896e-05,2.215186256242981e-05,3.033616636741339e-05,4.123758562951735e-05,5.5655391666368685e-05,7.459376085464693e-05,9.930654746217468e-05,0.00013135007456521684,0.00017264523286239898,0.00022554983230873608,0.0002964282128692536,0.00038241905127487334,0.0004907232149320484,0.0006264440975694908,0.0007956945959087652,0.001005765351458709,0.0012653157912062573,0.0015845901441060135,0.0019756614596079638,0.0024527058910054802,0.003032310856734102,0.003733820247282317,0.00457972055966169,0.00562079584664912,0.006840844083443559,0.00829651246662134,0.010027734850082605,0.012080311775567204,0.014506661944208184,0.01736666599236595,0.020728616616930064,0.024670293486919785,0.029280185393341436,0.03465888826279161,0.040920715559588594,0.04819556854971532,0.05663112704619413,0.06639544124524274,0.07780111064713519,0.09083425624606233,0.10585722785410633,0.12315795363982734,0.14306898195655,0.16597662197694568,0.1923328189818962,0.22267086985989462,0.2576266520461749,0.29796797442028433,0.34463625723631,0.39880759848638225,0.461985634515407,0.5361492774332991,0.6240013945457353,0.729418844625465,0.8584215686044555,0.0,0.0,0.0,0.0,0.0,0.0,0.0,0.0,0.0,0.0,0.0,0.0,0.0,0.0,0.0,0.0,0.0,0.0,0.0,0.0,0.0,0.0,0.0,0.0,0.0,0.0,0.0,0.0,0.0,0.0,0.0,0.0,0.0,0.0,0.0,0.0,0.0,0.0,0.0,0.0,0.0,0.0,0.0,0.0,0.0,0.0,0.0,0.0,0.0,0.0,0.0,0.0,0.0,0.0,0.0,0.0,0.0,0.0,0.0,0.0,0.0,0.0,0.0,0.0,0.0,0.0,0.0,0.0,0.0,0.0,0.0,0.0,0.0,0.0,0.0,0.0,0.0,0.0,0.0,0.0,0.0,0.0,0.0,0.0,0.0,0.0,0.0,0.0,0.0,0.0,0.0,0.0,0.0,0.0,0.0,0.0,0.0,0.0,0.0,0.0,0.0,0.0,0.0,0.0,0.0,0.0,0.0,0.0,0.0,0.0,0.0,0.0,0.0,0.0,0.0,0.0,0.0,0.0,0.0,0.0,0.0,0.0
0.0014174741629268,1.3173527033670726e-09,4.762349501034514e-10,7.526884054677545e-10,1.3135213716380556e-09,2.9650268013174293e-09,5.1908348006897274e-09,9.023959396308967e-09,1.5501234704712476e-08,2.6250962193234793e-08,4.975111538009864e-08,8.051955407848072e-08,1.2871381305824686e-07,2.031551265627303e-07,3.165836280512088e-07,4.871807487931277e-07,7.913108866083008e-07,1.179538355867161e-06,1.740440446385438e-06,2.542432309410663e-06,3.6777454483207088e-06,5.269492272415909e-06,7.480606487650903e-06,1.0524863267656057e-05,1.5127278343195287e-05,2.0859980269372898e-05,2.854804346667747e-05,3.8783069526471675e-05,5.231281305218465e-05,7.007631321786751e-05,9.324565764113954e-05,0.0001232750745593967,0.0001619588444395722,0.00021149856304741985,0.00027458161559321847,0.00035855198911184715,0.00045989881740503074,0.0005868541206716295,0.0007451170890854084,0.0009414827883504834,0.0011840194116522122,0.0014822689024838996,0.0018474731698955465,0.0022928285228278845,0.002833771316094496,0.0034882977998696696,0.00427732182848303,0.0052250742909374795,0.006387347973945579,0.0077442621268531825,0.009357593651574141,0.011269879025037484,0.013529785679761961,0.016192890414962753,0.019322555399207096,0.0229909181829282,0.027280016194884796,0.03228307155264778,0.03810596928186091,0.04486897147200232,0.052708722234979355,0.061780615678545356,0.0723832453845033,0.0844850476653784,0.0984293532335831,0.11448148344955641,0.13294750382825954,0.15418245794769472,0.17860103008149422,0.20669160443131387,0.239035178517912,0.2763313884947268,0.3194352634528496,0.36941072436038475,0.4276112994554367,0.4958073099289071,0.576397357746427,0.6727850223034433,0.7902197943056847,0.9369325052241272,0.0,0.0,0.0,0.0,0.0,0.0,0.0,0.0,0.0,0.0,0.0,0.0,0.0,0.0,0.0,0.0,0.0,0.0,0.0,0.0,0.0,0.0,0.0,0.0,0.0,0.0,0.0,0.0,0.0,0.0,0.0,0.0,0.0,0.0,0.0,0.0,0.0,0.0,0.0,0.0,0.0,0.0,0.0,0.0,0.0,0.0,0.0,0.0,0.0,0.0,0.0,0.0,0.0,0.0,0.0,0.0,0.0,0.0,0.0,0.0,0.0,0.0,0.0,0.0,0.0,0.0,0.0,0.0,0.0,0.0,0.0,0.0,0.0,0.0,0.0,0.0,0.0,0.0,0.0,0.0,0.0,0.0,0.0,0.0,0.0,0.0,0.0,0.0,0.0,0.0,0.0,0.0,0.0,0.0,0.0,0.0,0.0,0.0,0.0,0.0,0.0,0.0,0.0,0.0,0.0,0.0,0.0,0.0,0.0,0.0,0.0,0.0,0.0,0.0,0.0,0.0,0.0,0.0,0.0,0.0,0.0
0.0015332291603088,1.1778879535059981e-09,4.534821680406271e-10,7.035945866046757e-10,1.2308154808343672e-09,2.2070766427209946e-09,4.8793588747947244e-09,8.456200121742086e-09,1.449403962741864e-08,2.4500256700533672e-08,4.6650356641621745e-08,7.532424499329672e-08,1.201655136720354e-07,1.8933036219184765e-07,2.945835454817461e-07,4.5270751060307407e-07,6.873066578630714e-07,1.097468821154358e-06,1.617020779189258e-06,2.3591157160744345e-06,3.4086101370316796e-06,4.878732906488939e-06,6.919181944142744e-06,9.726291353527177e-06,1.3555419288066182e-05,1.9284390717138487e-05,2.6367432353351925e-05,3.579009033133229e-05,4.823733684793391e-05,6.456890686009567e-05,8.58572842956074e-05,0.00011343248554934035,0.00014893456671561729,0.00019437497955421325,0.0002522077854175605,0.00032947157922180574,0.0004223452926812607,0.0005386265115541475,0.0006835112250597289,0.0008631917326074287,0.0010850173690408612,0.0013576761449070485,0.0016913996302004022,0.0020981931467054554,0.0025920941561797754,0.0031894613783601143,0.003909298019746213,0.004773612358394776,0.0058355483116024525,0.007072374265253652,0.008542364292707768,0.010284092587048146,0.012341673739050048,0.014765462192317978,0.017612838720213617,0.020949097886716613,0.02484845480266101,0.029395193590536484,0.03468498644865171,0.04082642018572611,0.0479427781510962,0.05617413982286684,0.06567987989713132,0.07677387172695338,0.08940970166897184,0.10394767056701666,0.1206619333459242,0.1398699111604643,0.16194152463326458,0.18731130812076272,0.2164946154818113,0.25010977836136705,0.28890916692805935,0.3338240091450771,0.38603130788226064,0.44705793894208007,0.5189510068918006,0.6045750396936775,0.7083226457659476,0.8366709815044404,0.0,0.0,0.0,0.0,0.0,0.0,0.0,0.0,0.0,0.0,0.0,0.0,0.0,0.0,0.0,0.0,0.0,0.0,0.0,0.0,0.0,0.0,0.0,0.0,0.0,0.0,0.0,0.0,0.0,0.0,0.0,0.0,0.0,0.0,0.0,0.0,0.0,0.0,0.0,0.0,0.0,0.0,0.0,0.0,0.0,0.0,0.0,0.0,0.0,0.0,0.0,0.0,0.0,0.0,0.0,0.0,0.0,0.0,0.0,0.0,0.0,0.0,0.0,0.0,0.0,0.0,0.0,0.0,0.0,0.0,0.0,0.0,0.0,0.0,0.0,0.0,0.0,0.0,0.0,0.0,0.0,0.0,0.0,0.0,0.0,0.0,0.0,0.0,0.0,0.0,0.0,0.0,0.0,0.0,0.0,0.0,0.0,0.0,0.0,0.0,0.0,0.0,0.0,0.0,0.0,0.0,0.0,0.0,0.0,0.0,0.0,0.0,0.0,0.0,0.0,0.0,0.0,0.0,0.0,0.0,0.0
0.0016297508346206,1.1414569326607181e-09,4.341393419839507e-10,6.683281751456916e-10,1.1691247827728697e-09,2.088952486058929e-09,4.650082318053266e-09,8.0431367792176e-09,1.3764802479607494e-08,2.3230987593525512e-08,3.8633707489775e-08,7.155447226862358e-08,1.1396390591572601e-07,1.7929708023432403e-07,2.786258926027521e-07,4.2770295701130384e-07,6.486861912246401e-07,1.0379397026033823e-06,1.5275134477504887e-06,2.2261770571043435e-06,3.213452881818731e-06,4.59540618622865e-06,6.512166738082923e-06,9.147407874975582e-06,1.2739918914373627e-05,1.8142406363603408e-05,2.4787103475996894e-05,3.36212509306172e-05,4.528440183891964e-05,6.057889079465009e-05,8.050515391440931e-05,0.00010630329777542232,0.00013950190584060608,0.00018197487623174808,0.00023600756988904708,0.00030437313359679875,0.0003951594179096602,0.0005037175638965632,0.0006389238752956568,0.0008065351862543802,0.0010133814989542475,0.0012675340938890793,0.001578494870873571,0.001957409245773421,0.0024173047690643342,0.0029733582369436706,0.0036431939215978873,0.00444721638297658,0.005408981578802492,0.006586726430208705,0.007953179403424143,0.009571729464428629,0.011483209266600545,0.013734209651696883,0.016377801717299,0.019474351025004097,0.023092439943296836,0.027309918655538258,0.03221511050760571,0.03790820477890731,0.04450287971727448,0.05212821112260961,0.060930939847834854,0.07121096762982645,0.08290410256665562,0.09635154102605821,0.11180461480343105,0.12955387617480726,0.14993733267240744,0.17335120829411035,0.20026427522665083,0.2312373492779698,0.2669504572812684,0.30824176703214917,0.35616523241257764,0.41207937338731965,0.47779074840508773,0.5558002749051268,0.6499363693132236,0.7655492152093293,0.912968787954685,0.0,0.0,0.0,0.0,0.0,0.0,0.0,0.0,0.0,0.0,0.0,0.0,0.0,0.0,0.0,0.0,0.0,0.0,0.0,0.0,0.0,0.0,0.0,0.0,0.0,0.0,0.0,0.0,0.0,0.0,0.0,0.0,0.0,0.0,0.0,0.0,0.0,0.0,0.0,0.0,0.0,0.0,0.0,0.0,0.0,0.0,0.0,0.0,0.0,0.0,0.0,0.0,0.0,0.0,0.0,0.0,0.0,0.0,0.0,0.0,0.0,0.0,0.0,0.0,0.0,0.0,0.0,0.0,0.0,0.0,0.0,0.0,0.0,0.0,0.0,0.0,0.0,0.0,0.0,0.0,0.0,0.0,0.0,0.0,0.0,0.0,0.0,0.0,0.0,0.0,0.0,0.0,0.0,0.0,0.0,0.0,0.0,0.0,0.0,0.0,0.0,0.0,0.0,0.0,0.0,0.0,0.0,0.0,0.0,0.0,0.0,0.0,0.0,0.0,0.0,0.0,0.0,0.0,0.0,0.0
0.0017277592658996,1.0960975040250059e-09,4.126299589378203e-10,6.420580588068055e-10,1.110946188842197e-09,1.991005702103616e-09,4.443384194362982e-09,7.675285510898014e-09,1.3108328809327497e-08,2.2087388192209486e-08,3.668184812554572e-08,6.81579122268631e-08,1.0837438176393913e-07,1.7025923999043145e-07,2.642389479815612e-07,4.051686062929219e-07,6.138898190000569e-07,9.842960871178989e-07,1.4468619105318937e-06,2.1063977781065437e-06,3.0376433928702563e-06,4.34017770365756e-06,6.145539137633127e-06,8.626016873876948e-06,1.200548636644371e-05,1.7113978194746677e-05,2.33640626108818e-05,3.1668480700503426e-05,4.262592441909489e-05,5.698712918574932e-05,7.568775183813416e-05,9.988707797905973e-05,0.00013101347902852618,0.00017081727635041383,0.00022143222741045332,0.0002854465180067541,0.0003707049519114213,0.00047231947759127405,0.0005988252633286611,0.0007555881275512053,0.000948971873470104,0.0011864941790078057,0.0014770021361301836,0.0018308694971029408,0.002260217803679559,0.0027791635196162197,0.0034040942078962647,0.004153976324847467,0.005050698217787161,0.0061505048459345206,0.007424018603329126,0.008932012917217578,0.010712380028312757,0.012808339426819281,0.01526910277321161,0.018150622587310525,0.021516439552125708,0.025438646817025463,0.02999899431773596,0.035290162958856994,0.041417246572836706,0.04849949196635134,0.056672361256449734,0.06622326708896249,0.07707221647813421,0.08954337052435755,0.10386775843015346,0.12031206256728205,0.13918598383802533,0.16085182943026777,0.18573722563161404,0.21435232458434017,0.24731364484077525,0.2853780037929011,0.3294923627808094,0.3808698528345564,0.44111117118504667,0.5124098416797146,0.5981269800797099,0.7026969310189238,0.8346728718225647,0.0,0.0,0.0,0.0,0.0,0.0,0.0,0.0,0.0,0.0,0.0,0.0,0.0,0.0,0.0,0.0,0.0,0.0,0.0,0.0,0.0,0.0,0.0,0.0,0.0,0.0,0.0,0.0,0.0,0.0,0.0,0.0,0.0,0.0,0.0,0.0,0.0,0.0,0.0,0.0,0.0,0.0,0.0,0.0,0.0,0.0,0.0,0.0,0.0,0.0,0.0,0.0,0.0,0.0,0.0,0.0,0.0,0.0,0.0,0.0,0.0,0.0,0.0,0.0,0.0,0.0,0.0,0.0,0.0,0.0,0.0,0.0,0.0,0.0,0.0,0.0,0.0,0.0,0.0,0.0,0.0,0.0,0.0,0.0,0.0,0.0,0.0,0.0,0.0,0.0,0.0,0.0,0.0,0.0,0.0,0.0,0.0,0.0,0.0,0.0,0.0,0.0,0.0,0.0,0.0,0.0,0.0,0.0,0.0,0.0,0.0,0.0,0.0,0.0,0.0,0.0,0.0,0.0,0.0,0.0
0.0018738174228603,9.931668815269408e-10,3.867402748137166e-10,5.983087456194342e-10,1.043659266912758e-09,1.8575167937542494e-09,4.180364487676209e-09,7.194713083199153e-09,1.225540258587798e-08,2.060418758952901e-08,3.415072609589051e-08,6.375238643932802e-08,1.0112656817575973e-07,1.585395482407919e-07,2.455974614879994e-07,3.759540402960979e-07,5.687830952939835e-07,9.147592976243932e-07,1.3423214570207198e-06,1.9511639924724003e-06,2.8098101073185514e-06,4.009472281010341e-06,5.6705501179217e-06,7.950600760359659e-06,1.1054206862995976e-05,1.5244967030322958e-05,2.1521202046416506e-05,2.9139947520072545e-05,3.918407988988169e-05,5.233762738941866e-05,6.945251760598898e-05,9.158363899567931e-05,0.00012002987309848207,0.00015638191118842797,0.0002025777575972401,0.00026096677327869727,0.00033438338007113266,0.0004317191846213989,0.0005469819565475044,0.000689728423528054,0.0008657210266208176,0.0010817634436988163,0.0013458584088328585,0.0016673849139211211,0.002057296589695273,0.0025283435508731615,0.003095319951969224,0.0037753396090752732,0.004588143292334172,0.005587401498724598,0.006741043058533839,0.00810646687880634,0.009717781726260482,0.011613870480941027,0.013838981621944671,0.016443394393411442,0.019484170405498925,0.023026007247981727,0.02714221435636536,0.03191583610223588,0.037440955285610276,0.04382421899305896,0.05118664210401543,0.05966576143259774,0.06956300788604518,0.08077920330390827,0.09365333307309769,0.10842168666868636,0.12535799223608726,0.14478155341600388,0.16706797072837307,0.19266355005483754,0.22210510284256618,0.2560478614301595,0.2953060246734276,0.34091376760365444,0.3942210491808906,0.4570522354638358,0.5322202893596373,0.62310666352189,0.7363272257072176,0.8838898441797164,0.0,0.0,0.0,0.0,0.0,0.0,0.0,0.0,0.0,0.0,0.0,0.0,0.0,0.0,0.0,0.0,0.0,0.0,0.0,0.0,0.0,0.0,0.0,0.0,0.0,0.0,0.0,0.0,0.0,0.0,0.0,0.0,0.0,0.0,0.0,0.0,0.0,0.0,0.0,0.0,0.0,0.0,0.0,0.0,0.0,0.0,0.0,0.0,0.0,0.0,0.0,0.0,0.0,0.0,0.0,0.0,0.0,0.0,0.0,0.0,0.0,0.0,0.0,0.0,0.0,0.0,0.0,0.0,0.0,0.0,0.0,0.0,0.0,0.0,0.0,0.0,0.0,0.0,0.0,0.0,0.0,0.0,0.0,0.0,0.0,0.0,0.0,0.0,0.0,0.0,0.0,0.0,0.0,0.0,0.0,0.0,0.0,0.0,0.0,0.0,0.0,0.0,0.0,0.0,0.0,0.0,0.0,0.0,0.0,0.0,0.0,0.0,0.0,0.0,0.0,0.0,0.0,0.0,0.0
0.0018841462135314,1.0105057068623056e-09,3.8337139686509567e-10,5.924714512161328e-10,1.0382545649553225e-09,1.8520288474398747e-09,4.162341987848247e-09,7.162379732579682e-09,1.2199374605407545e-08,2.0507886221249123e-08,3.398564872117034e-08,6.346261668451589e-08,1.006518483701417e-07,1.5777912853558562e-07,2.443870632413619e-07,3.740585712927211e-07,5.658557752245961e-07,8.462274575007301e-07,1.335544404555931e-06,1.9410992064179034e-06,2.7950345683830774e-06,3.988032501879301e-06,5.639758452150274e-06,7.90681873200111e-06,1.0992546155889175e-05,1.5158922763353392e-05,2.1401767405170233e-05,2.8976092343547632e-05,3.8961061039948116e-05,5.203638479192132e-05,6.904857454390848e-05,9.104575959782265e-05,0.00011931844150460124,0.00015544699068690873,0.0002013567482233733,0.00025938160896885455,0.0003323373008169734,0.00042909061179889754,0.0005436258138389465,0.0006854653331922542,0.0008603327320964379,0.0010749855591664873,0.001337371978945903,0.0016568067094790498,0.002044167930418636,0.002512117514944827,0.003075346669483603,0.0037508496271150575,0.004558228461673914,0.005520032084733571,0.006696881137308309,0.008053091490209791,0.009653482735230886,0.01153665798967066,0.01374654556276842,0.016333058892177232,0.01935284180451418,0.02287011524165851,0.02695764472159775,0.03169785385765329,0.037184116479499846,0.043522268581057746,0.05083239565652117,0.05925096639594,0.06907822931031529,0.08021349838568687,0.09299413362640663,0.10765447695188393,0.12446595424956197,0.14374512108601326,0.16586425934873833,0.19126561109504536,0.2204809280193696,0.25415901480229125,0.29310570437271016,0.3383439536316717,0.39120810903250064,0.4534997568566552,0.5279985413184531,0.6180226865503317,0.7300755309949125,0.8758993655567906,0.0,0.0,0.0,0.0,0.0,0.0,0.0,0.0,0.0,0.0,0.0,0.0,0.0,0.0,0.0,0.0,0.0,0.0,0.0,0.0,0.0,0.0,0.0,0.0,0.0,0.0,0.0,0.0,0.0,0.0,0.0,0.0,0.0,0.0,0.0,0.0,0.0,0.0,0.0,0.0,0.0,0.0,0.0,0.0,0.0,0.0,0.0,0.0,0.0,0.0,0.0,0.0,0.0,0.0,0.0,0.0,0.0,0.0,0.0,0.0,0.0,0.0,0.0,0.0,0.0,0.0,0.0,0.0,0.0,0.0,0.0,0.0,0.0,0.0,0.0,0.0,0.0,0.0,0.0,0.0,0.0,0.0,0.0,0.0,0.0,0.0,0.0,0.0,0.0,0.0,0.0,0.0,0.0,0.0,0.0,0.0,0.0,0.0,0.0,0.0,0.0,0.0,0.0,0.0,0.0,0.0,0.0,0.0,0.0,0.0,0.0,0.0,0.0,0.0,0.0,0.0,0.0,0.0,0.0
0.0021544346900318,8.753216706363783e-10,3.413844780086058e-10,5.406738462471344e-10,9.324938958154897e-10,1.6561501554195405e-09,2.9370848781007083e-09,6.45351256925272e-09,1.0941642867686408e-08,1.8315627561359304e-08,3.024735911849721e-08,4.924562166576639e-08,8.995128564653133e-08,1.4047117487936796e-07,2.168569392709436e-07,3.309316071175124e-07,4.99267441071207e-07,7.448305467826629e-07,1.1812486766691626e-06,1.7120296189588988e-06,2.4589033840359102e-06,3.500229795098725e-06,4.939298697591878e-06,6.911027940376745e-06,9.590371532928561e-06,1.3202425457094668e-05,1.8034749483647396e-05,2.525123815553893e-05,3.3892080729007247e-05,4.519057321167971e-05,5.987034744042533e-05,7.88263132663872e-05,0.00010315904435915878,0.00013421484129973977,0.00017363207591171155,0.00022339473295227767,0.00028589382946973515,0.0003694327722037542,0.00046746797233384154,0.0005887433161427225,0.000738102651982079,0.0009212594683348403,0.0011449276945286805,0.00141696835033332,0.0017465536904603127,0.002144350380610624,0.0026227237109612313,0.0031959647926343465,0.003880543197685744,0.004695387648568352,0.005696761774133037,0.006844523648558209,0.008197823098630442,0.009788951663354592,0.011654617968742592,0.013836487539643852,0.016381790721376445,0.01934401082111973,0.02278366797071378,0.026769217580795993,0.03137808839460664,0.036697891583068645,0.04282784235492502,0.04988044780326087,0.058129371303291745,0.0674403442304676,0.07811432472002972,0.09034220419798654,0.1043441501557439,0.12037568136749643,0.13873558276584227,0.15977640827916376,0.183918706585112,0.21167074311696313,0.2436565882670807,0.2806574007348434,0.32367443500064236,0.3740297168887527,0.4338168492623459,0.5050729130280369,0.5921227708753986,0.701875571484462,0.8483182474031189,0.0,0.0,0.0,0.0,0.0,0.0,0.0,0.0,0.0,0.0,0.0,0.0,0.0,0.0,0.0,0.0,0.0,0.0,0.0,0.0,0.0,0.0,0.0,0.0,0.0,0.0,0.0,0.0,0.0,0.0,0.0,0.0,0.0,0.0,0.0,0.0,0.0,0.0,0.0,0.0,0.0,0.0,0.0,0.0,0.0,0.0,0.0,0.0,0.0,0.0,0.0,0.0,0.0,0.0,0.0,0.0,0.0,0.0,0.0,0.0,0.0,0.0,0.0,0.0,0.0,0.0,0.0,0.0,0.0,0.0,0.0,0.0,0.0,0.0,0.0,0.0,0.0,0.0,0.0,0.0,0.0,0.0,0.0,0.0,0.0,0.0,0.0,0.0,0.0,0.0,0.0,0.0,0.0,0.0,0.0,0.0,0.0,0.0,0.0,0.0,0.0,0.0,0.0,0.0,0.0,0.0,0.0,0.0,0.0,0.0,0.0,0.0,0.0,0.0,0.0,0.0,0.0,0.0
0.0022083630561828,9.127703432255764e-10,3.381197930916973e-10,5.263049762563984e-10,9.142050761549619e-10,1.6245219480653001e-09,2.8774094782509506e-09,6.332486232674253e-09,1.0725122058891217e-08,1.7942561127598674e-08,2.9608144887454156e-08,4.8172198276563324e-08,8.81287313094135e-08,1.3752438115028248e-07,2.1216789680704528e-07,3.235869144202013e-07,4.879322853576894e-07,7.275673170347682e-07,1.1549826625253577e-06,1.6730426178122248e-06,2.401703104501708e-06,3.41724531957868e-06,4.820143109278832e-06,6.741662517990901e-06,9.351931748057953e-06,1.2869794095470686e-05,1.7574738301913077e-05,2.4618146149302096e-05,3.303071277656243e-05,4.4027519132985084e-05,5.8311363591271394e-05,7.675119338974015e-05,0.000100415432374484,0.00013061072722419015,0.0001689268800675307,0.00021728864982917034,0.00027801522812142366,0.0003538882805628739,0.00045455350838198767,0.0005723452587845523,0.0007173845112105635,0.0008952083823879181,0.0011123223108003182,0.0013763418882905807,0.001696151388701947,0.002082080788001336,0.002546102988374029,0.0031020531947342873,0.003765872850152753,0.0045558805000851564,0.005527601085607053,0.006640150280833687,0.007951719316745634,0.009493537381662673,0.011301098508656177,0.013414681208451488,0.01587993356632054,0.01874853510635504,0.02207895009445053,0.025937290464145172,0.03039831184446595,0.03554657282327685,0.04147779639236166,0.04830048485624426,0.05613785543391658,0.06528804668146078,0.07560797772754853,0.08742731622125004,0.1009577428238635,0.11644470051180503,0.13417488479480266,0.15448616006090266,0.17778095553873263,0.20454478154808875,0.23537250749389022,0.27100682479375093,0.31239665451974713,0.3607898987415362,0.4181769933752532,0.4864058930559549,0.569497530653786,0.6737350847673736,0.8115054291426199,0.0,0.0,0.0,0.0,0.0,0.0,0.0,0.0,0.0,0.0,0.0,0.0,0.0,0.0,0.0,0.0,0.0,0.0,0.0,0.0,0.0,0.0,0.0,0.0,0.0,0.0,0.0,0.0,0.0,0.0,0.0,0.0,0.0,0.0,0.0,0.0,0.0,0.0,0.0,0.0,0.0,0.0,0.0,0.0,0.0,0.0,0.0,0.0,0.0,0.0,0.0,0.0,0.0,0.0,0.0,0.0,0.0,0.0,0.0,0.0,0.0,0.0,0.0,0.0,0.0,0.0,0.0,0.0,0.0,0.0,0.0,0.0,0.0,0.0,0.0,0.0,0.0,0.0,0.0,0.0,0.0,0.0,0.0,0.0,0.0,0.0,0.0,0.0,0.0,0.0,0.0,0.0,0.0,0.0,0.0,0.0,0.0,0.0,0.0,0.0,0.0,0.0,0.0,0.0,0.0,0.0,0.0,0.0,0.0,0.0,0.0,0.0,0.0,0.0,0.0,0.0,0.0,0.0
0.0024770763559917,8.12364531059422e-10,3.145935302548514e-10,4.861017116164593e-10,8.368740312689647e-10,1.48099452591988e-09,2.6152910753380665e-09,5.808270278979901e-09,9.79433048345797e-09,1.6322844502527383e-08,2.684762100087806e-08,4.354678978508507e-08,8.022142174984541e-08,1.2474307868770805e-07,1.9183973034160093e-07,2.91752251792409e-07,4.387953577470693e-07,6.527633467438979e-07,9.607353901602754e-07,1.5040981851358103e-06,2.1538833782635394e-06,3.057741191679223e-06,4.304100019586436e-06,6.008313916165684e-06,8.319693742388003e-06,1.1430048509958106e-05,1.5584022717960693e-05,2.1878641769586116e-05,2.9304191417798356e-05,3.8996841095719546e-05,5.1569524812067766e-05,6.777921183453878e-05,8.855559141348952e-05,0.00011503442888212344,0.00014859616586640056,0.00019091036656666084,0.0002439867435686983,0.00031023343050714305,0.0003987946454347072,0.0005015607012357372,0.0006279705007273619,0.0007828022894006954,0.0009716649096785524,0.0012011185468986027,0.0014788095502478512,0.0018136210159086048,0.002215840001130879,0.002697343621996647,0.0032718055800253307,0.003954925209232199,0.004764681639098972,0.005760110486646892,0.0068922070947905634,0.008222002455621798,0.009779785611082024,0.011599893954450245,0.013721201214259168,0.016187667821816895,0.019048965286607506,0.022361188798745952,0.026187676527644945,0.03059995896084752,0.035678868629803955,0.04151584943263271,0.048214517265699745,0.05605120607939265,0.0648553548703313,0.07492664542079522,0.08644091025599067,0.09960114509647304,0.11464327380104065,0.13184369794625025,0.15152937082640724,0.17409152672540185,0.2000048486410343,0.22985498747164748,0.2643793953832723,0.30453035927565414,0.3515771433446736,0.40759510820428885,0.47452675651998016,0.5567730730616637,0.6615782964461895,0.8045969522716983,0.0,0.0,0.0,0.0,0.0,0.0,0.0,0.0,0.0,0.0,0.0,0.0,0.0,0.0,0.0,0.0,0.0,0.0,0.0,0.0,0.0,0.0,0.0,0.0,0.0,0.0,0.0,0.0,0.0,0.0,0.0,0.0,0.0,0.0,0.0,0.0,0.0,0.0,0.0,0.0,0.0,0.0,0.0,0.0,0.0,0.0,0.0,0.0,0.0,0.0,0.0,0.0,0.0,0.0,0.0,0.0,0.0,0.0,0.0,0.0,0.0,0.0,0.0,0.0,0.0,0.0,0.0,0.0,0.0,0.0,0.0,0.0,0.0,0.0,0.0,0.0,0.0,0.0,0.0,0.0,0.0,0.0,0.0,0.0,0.0,0.0,0.0,0.0,0.0,0.0,0.0,0.0,0.0,0.0,0.0,0.0,0.0,0.0,0.0,0.0,0.0,0.0,0.0,0.0,0.0,0.0,0.0,0.0,0.0,0.0,0.0,0.0,0.0,0.0,0.0,0.0,0.0
0.0025116011619567,8.133903566245367e-10,3.0794388291367163e-10,4.787417255773275e-10,8.276316455496243e-10,1.4655781580102475e-09,2.5864852714201256e-09,5.749482181997729e-09,9.690327393187623e-09,1.6142345752743404e-08,2.6535922201281136e-08,4.302515487286015e-08,7.932776261427964e-08,1.2329790743874838e-07,1.8954285782101887e-07,2.8815177338408145e-07,4.3324303731627896e-07,6.443135517550268e-07,9.480370507231948e-07,1.4850160688576783e-06,2.1258977520770137e-06,3.0171489721807696e-06,4.245841974403902e-06,5.925540765172378e-06,8.203209122480486e-06,1.1267610041143613e-05,1.535946719007337e-05,2.078364901542364e-05,2.8883952290652012e-05,3.842965567746928e-05,5.0809571011578815e-05,6.676809408811189e-05,8.72193090503256e-05,0.00011327977621600102,0.00014630642126733375,0.00018794015121452237,0.000240155929411924,0.00030531995918109183,0.0003925197953192676,0.0004935966437534505,0.0006179125838558939,0.0007701607688200506,0.0009558495360812373,0.0011814207811558862,0.0014543822281204326,0.00178345485958775,0.0021787369757609682,0.0026518865272232004,0.003216323431256647,0.0038874540203622104,0.004682919950147932,0.005661344320111205,0.006773324068485849,0.008079359692984057,0.009609158963560243,0.011396396053810983,0.013479188804792482,0.015900636792191943,0.01870943145823286,0.0219605522087054,0.025716066313593456,0.030046055190131676,0.03502969668286375,0.04075654108848974,0.0473280310107452,0.05501807421161112,0.06365309448165214,0.07352945448244441,0.08481904025109388,0.0977201866165737,0.11246325964391005,0.1293179573945034,0.1486030372415137,0.17069955020116873,0.19606928081526537,0.22528116021781447,0.2590503498261976,0.2982983721520521,0.34425014435800494,0.39891773269580943,0.46412517335093534,0.5440739595469124,0.6455729289713614,0.7830377814610685,0.0,0.0,0.0,0.0,0.0,0.0,0.0,0.0,0.0,0.0,0.0,0.0,0.0,0.0,0.0,0.0,0.0,0.0,0.0,0.0,0.0,0.0,0.0,0.0,0.0,0.0,0.0,0.0,0.0,0.0,0.0,0.0,0.0,0.0,0.0,0.0,0.0,0.0,0.0,0.0,0.0,0.0,0.0,0.0,0.0,0.0,0.0,0.0,0.0,0.0,0.0,0.0,0.0,0.0,0.0,0.0,0.0,0.0,0.0,0.0,0.0,0.0,0.0,0.0,0.0,0.0,0.0,0.0,0.0,0.0,0.0,0.0,0.0,0.0,0.0,0.0,0.0,0.0,0.0,0.0,0.0,0.0,0.0,0.0,0.0,0.0,0.0,0.0,0.0,0.0,0.0,0.0,0.0,0.0,0.0,0.0,0.0,0.0,0.0,0.0,0.0,0.0,0.0,0.0,0.0,0.0,0.0,0.0,0.0,0.0,0.0,0.0,0.0,0.0,0.0,0.0,0.0
0.0028205607414245,7.073855015098021e-10,1.9235447963719048e-10,2.9773905424135955e-10,7.593540653400375e-10,1.3379097021963557e-09,2.3532108627960186e-09,4.098640125936281e-09,8.862424743326779e-09,1.4702210493600316e-08,2.4080818026537037e-08,3.8914811683621006e-08,6.20364482776397e-08,1.119379889855487e-07,1.7147872810610365e-07,2.5987263073199843e-07,3.896043026981317e-07,5.778994574665042e-07,8.482752452782693e-07,1.2325113728525543e-06,1.9060202100604564e-06,2.698304849031968e-06,3.7883434874629472e-06,5.275655748335343e-06,7.288829248342155e-06,9.992781962236001e-06,1.3597526918906924e-05,1.8368671722702554e-05,2.5587707557954346e-05,3.3981815929790805e-05,4.4851488700429525e-05,5.884266512206846e-05,7.674757632268942e-05,9.953274634872575e-05,0.00012837137259485743,0.00016468055170939275,0.00021016402505158105,0.0002668607794793273,0.0003372004590636965,0.0004312843895658822,0.0005392359462383479,0.0006712972395747413,0.0008321933824590814,0.0010274448759231398,0.0012634793342889354,0.001547755971081955,0.0018889038516295233,0.002296875422078311,0.002783116598332919,0.003360755152456156,0.004044809395796492,0.00485241919343679,0.005845890698155511,0.0069668253528978995,0.008278671553749615,0.009809957763031356,0.01159293990781433,0.013664045047267672,0.016064372634457782,0.01884026424542767,0.0220439554668094,0.02573432729188923,0.02997777951459609,0.034849254844159974,0.04043345137394436,0.046826272910229165,0.05430887191018269,0.06267438272637714,0.07222372894555923,0.08311968238844747,0.09555033130773521,0.10973456355034061,0.1259292800339109,0.14443906805015133,0.1656294580473099,0.18994554791419033,0.21793893779651044,0.250308041407058,0.2879609646498125,0.3324687545913791,0.3848426287793216,0.44798001269721927,0.5260063774316825,0.6265080092205292,0.7670361019646643,0.0,0.0,0.0,0.0,0.0,0.0,0.0,0.0,0.0,0.0,0.0,0.0,0.0,0.0,0.0,0.0,0.0,0.0,0.0,0.0,0.0,0.0,0.0,0.0,0.0,0.0,0.0,0.0,0.0,0.0,0.0,0.0,0.0,0.0,0.0,0.0,0.0,0.0,0.0,0.0,0.0,0.0,0.0,0.0,0.0,0.0,0.0,0.0,0.0,0.0,0.0,0.0,0.0,0.0,0.0,0.0,0.0,0.0,0.0,0.0,0.0,0.0,0.0,0.0,0.0,0.0,0.0,0.0,0.0,0.0,0.0,0.0,0.0,0.0,0.0,0.0,0.0,0.0,0.0,0.0,0.0,0.0,0.0,0.0,0.0,0.0,0.0,0.0,0.0,0.0,0.0,0.0,0.0,0.0,0.0,0.0,0.0,0.0,0.0,0.0,0.0,0.0,0.0,0.0,0.0,0.0,0.0,0.0,0.0,0.0,0.0,0.0,0.0,0.0,0.0,0.0
0.0028480358684358,6.84499318613813e-10,1.883011393950544e-10,2.932871576968929e-10,7.513290021953837e-10,1.3276261042695584e-09,2.335320574903784e-09,4.065192951416522e-09,8.79865440699739e-09,1.4589971169431121e-08,2.388840341574125e-08,3.85935085727147e-08,6.150621414270131e-08,1.1104432757004995e-07,1.7006224440712847e-07,2.5765527259663957e-07,3.86181177553126e-07,5.726902742657296e-07,8.404533788574433e-07,1.2209073486952404e-06,1.888783013795817e-06,2.673314446784004e-06,3.7524937998568764e-06,5.224741615432018e-06,7.217213215657554e-06,9.892958986618465e-06,1.3459593167039247e-05,1.817965956384526e-05,2.5329748672029293e-05,3.363382422692515e-05,4.438545034268355e-05,5.8222898643742644e-05,7.592889280753417e-05,9.845826580241598e-05,0.00012696989895949083,0.00016286348172200995,0.00020782160343735576,0.0002638577971368814,0.0003333711331802988,0.00042642095611812337,0.0005330968162110663,0.0006635848430519141,0.0008225492884788327,0.0010154390590735364,0.0012485978811329272,0.0015293870091344244,0.0018663214735228078,0.0022692213840530932,0.002749379522672241,0.003319747012306723,0.003995138801375312,0.004792461286199054,0.0057737314892022055,0.006880285330350926,0.008175203013434744,0.009686614966245077,0.011446323882683952,0.01349024119943718,0.015858880064399037,0.018597915438969534,0.021758824708561764,0.025399625871763525,0.02958573511813925,0.034390971977770274,0.03989874867103753,0.046203492064035505,0.05358469830967494,0.061833458654761864,0.07124842305675098,0.08198965973813921,0.09424205304104177,0.10822065456566131,0.1241777155271188,0.14241210594778175,0.1632822047571312,0.1872239807186052,0.21477709117414925,0.24662385427457678,0.28364987132927055,0.32739566629483247,0.37881703255687005,0.44072686806437295,0.5170868355636036,0.6151109167362013,0.7511689753847521,0.9907792209828263,0.0,0.0,0.0,0.0,0.0,0.0,0.0,0.0,0.0,0.0,0.0,0.0,0.0,0.0,0.0,0.0,0.0,0.0,0.0,0.0,0.0,0.0,0.0,0.0,0.0,0.0,0.0,0.0,0.0,0.0,0.0,0.0,0.0,0.0,0.0,0.0,0.0,0.0,0.0,0.0,0.0,0.0,0.0,0.0,0.0,0.0,0.0,0.0,0.0,0.0,0.0,0.0,0.0,0.0,0.0,0.0,0.0,0.0,0.0,0.0,0.0,0.0,0.0,0.0,0.0,0.0,0.0,0.0,0.0,0.0,0.0,0.0,0.0,0.0,0.0,0.0,0.0,0.0,0.0,0.0,0.0,0.0,0.0,0.0,0.0,0.0,0.0,0.0,0.0,0.0,0.0,0.0,0.0,0.0,0.0,0.0,0.0,0.0,0.0,0.0,0.0,0.0,0.0,0.0,0.0,0.0,0.0,0.0,0.0,0.0,0.0,0.0,0.0,0.0,0.0
0.0031848278999328,6.357255994829722e-10,1.7041286883288533e-10,2.699591826095128e-10,6.949615054158735e-10,1.2191773524326382e-09,2.1362703853054493e-09,3.7073763610821222e-09,8.092917043208193e-09,1.3362511643359871e-08,2.1794190365811243e-08,3.508803683168525e-08,5.5745906467042855e-08,8.739487626416411e-08,1.5466498722179838e-07,2.335575432262698e-07,3.4901303204885936e-07,5.161489789794935e-07,7.555502055476306e-07,1.0949846737362246e-06,1.7017253751931334e-06,2.4021877645468925e-06,3.363644724862538e-06,4.672636868549756e-06,6.44078090000155e-06,8.810986700130674e-06,1.1964931276646547e-05,1.6132030678106706e-05,2.160010526684449e-05,2.9865215686673247e-05,3.933981975634356e-05,5.151466090546831e-05,6.706996456244575e-05,8.683442959532339e-05,0.00011181261731976023,0.0001432163416425785,0.00018250062897216785,0.00023140468388717844,0.0002919983946967299,0.0003667349475709143,0.0004667972805968958,0.00058031615152657,0.000718451015430934,0.0008858811395772566,0.0010880486499876964,0.0013312621764744802,0.0016228118928482852,0.001971096965919074,0.0023857666511785864,0.0028778762666812384,0.0034600596109831453,0.00414671960040402,0.0049542390566477265,0.005948681247230661,0.00706163978885776,0.00835948994756949,0.00986918515379615,0.011621122999493798,0.01364955053807463,0.015993022999511223,0.018694926125436086,0.021804075312506062,0.025375407972333328,0.029470790644397275,0.03415996808772811,0.039521690617605805,0.045817777201032216,0.05281794551976653,0.06079673611844851,0.06988575483280372,0.08023625518348354,0.09202315995521688,0.10545028086000421,0.1207572129249404,0.1382286204105115,0.15820702464635422,0.1811108698310138,0.20746081921251186,0.23791941283205836,0.27373121792057614,0.31532039031865905,0.3647210685303791,0.42444833683508215,0.49865710052162504,0.5952540715373072,0.7338552922367302,0.0,0.0,0.0,0.0,0.0,0.0,0.0,0.0,0.0,0.0,0.0,0.0,0.0,0.0,0.0,0.0,0.0,0.0,0.0,0.0,0.0,0.0,0.0,0.0,0.0,0.0,0.0,0.0,0.0,0.0,0.0,0.0,0.0,0.0,0.0,0.0,0.0,0.0,0.0,0.0,0.0,0.0,0.0,0.0,0.0,0.0,0.0,0.0,0.0,0.0,0.0,0.0,0.0,0.0,0.0,0.0,0.0,0.0,0.0,0.0,0.0,0.0,0.0,0.0,0.0,0.0,0.0,0.0,0.0,0.0,0.0,0.0,0.0,0.0,0.0,0.0,0.0,0.0,0.0,0.0,0.0,0.0,0.0,0.0,0.0,0.0,0.0,0.0,0.0,0.0,0.0,0.0,0.0,0.0,0.0,0.0,0.0,0.0,0.0,0.0,0.0,0.0,0.0,0.0,0.0,0.0,0.0,0.0,0.0,0.0,0.0,0.0,0.0,0.0,0.0
0.0032745491628777,4.476581013233582e-10,1.684324283633057e-10,2.6388106958825465e-10,4.6015912292994156e-10,1.1939923249123084e-09,2.0908841718830774e-09,3.624428459861542e-09,6.1974648036476185e-09,1.3076763312332155e-08,2.1308600132327782e-08,3.427617449493401e-08,5.440930371415834e-08,8.52373116188408e-08,1.5109574216385485e-07,2.279712664346793e-07,3.4039936585140277e-07,5.030472932734847e-07,7.358844273634943e-07,1.0658278165008511e-06,1.6584056720430393e-06,2.339415850179964e-06,3.2736495137743336e-06,4.544890797788909e-06,6.261186325890443e-06,8.560797898491413e-06,1.1619425618277632e-05,1.5658854665074208e-05,2.0957221042639307e-05,2.899474074409909e-05,3.817476573182687e-05,4.9966225039180123e-05,6.502576519305561e-05,8.415311989226293e-05,0.00010831739027252754,0.00013868725792227996,0.00017666552278472177,0.0002239284458528451,0.00028247042856204257,0.0003546545182652027,0.00045153710696931054,0.000561156395159061,0.0006945061702710059,0.0008560895461871495,0.00105114239531263,0.0012857326142461174,0.0015668703663379664,0.0019026301572371463,0.002302285828586766,0.0027764598749212945,0.0033372883422070274,0.0039986030734059505,0.0047761331946601735,0.005735117400236478,0.006806442759226147,0.00805544617977208,0.009507977899616528,0.011193181984701407,0.013143882000805088,0.015397017070841484,0.017994137925544246,0.020981975113377804,0.024413094875456478,0.028346662478111677,0.03284933865282393,0.0379963423844292,0.04404547991557971,0.050761747805852464,0.058414258298778964,0.06712826945481669,0.0770475613339327,0.08833817669582418,0.10119326132377866,0.11583943495428405,0.13254533862214996,0.15163335210021023,0.17349606094340675,0.19862007695266012,0.2276216968343727,0.2616857526425489,0.3011303974579272,0.3478419614830003,0.40407443138844135,0.4734758747002755,0.5627574098655785,0.6874487879894897,0.9144655779283157,0.0,0.0,0.0,0.0,0.0,0.0,0.0,0.0,0.0,0.0,0.0,0.0,0.0,0.0,0.0,0.0,0.0,0.0,0.0,0.0,0.0,0.0,0.0,0.0,0.0,0.0,0.0,0.0,0.0,0.0,0.0,0.0,0.0,0.0,0.0,0.0,0.0,0.0,0.0,0.0,0.0,0.0,0.0,0.0,0.0,0.0,0.0,0.0,0.0,0.0,0.0,0.0,0.0,0.0,0.0,0.0,0.0,0.0,0.0,0.0,0.0,0.0,0.0,0.0,0.0,0.0,0.0,0.0,0.0,0.0,0.0,0.0,0.0,0.0,0.0,0.0,0.0,0.0,0.0,0.0,0.0,0.0,0.0,0.0,0.0,0.0,0.0,0.0,0.0,0.0,0.0,0.0,0.0,0.0,0.0,0.0,0.0,0.0,0.0,0.0,0.0,0.0,0.0,0.0,0.0,0.0,0.0,0.0,0.0,0.0,0.0,0.0,0.0,0.0
0.0036177527427673,4.663026710380927e-10,1.5699565180660344e-10,2.4307782916483855e-10,4.2494759467741254e-10,1.1094316183278514e-09,1.934932811314311e-09,3.3445503602051837e-09,5.70071750199638e-09,1.211908568651725e-08,1.967234692111878e-08,3.15375025333978e-08,4.9909098376082164e-08,7.796443289402145e-08,1.3906500935545228e-07,2.0915009253129001e-07,3.113837083017612e-07,4.5892631220489506e-07,6.696698227162783e-07,9.676808878069377e-07,1.385047313891221e-06,2.1281925259522528e-06,2.9708960778160835e-06,4.115301388323803e-06,5.65743317999257e-06,7.719987447580817e-06,1.0458653148137214e-05,1.40696609147554e-05,1.879876446600818e-05,2.495182503122647e-05,3.426486471319033e-05,4.477140072826174e-05,5.816998781313446e-05,7.516355332423837e-05,9.660284490318602e-05,0.000123512577855301,0.00015712130882545225,0.0001988954365720906,0.0002505777227841281,0.00031423082630058213,0.00039228631254624577,0.0004970776337817493,0.0006144491630727986,0.000756515721904753,0.0009278271473071439,0.001133651066508401,0.0013800671275552541,0.0016740712507459776,0.002023690738966569,0.002438111441481446,0.002927817908477095,0.0035047481334706055,0.0041824642167493774,0.004976340960484702,0.005956280505495998,0.007042863080883815,0.00830538563697491,0.009768848117402418,0.011461371335060602,0.013414559401542141,0.015663910405764276,0.018249284823037355,0.02121544349901294,0.02461267058281447,0.02849750100389632,0.03293357754511933,0.03799267088617196,0.04394292346779791,0.05051733602725818,0.057993311527898404,0.06649042741282694,0.07614607584778528,0.08711913953582777,0.09959477000534242,0.11379070884128269,0.1299658154048751,0.1484318311468494,0.16957003171254564,0.19385551858960354,0.2218939490822223,0.2548915917330688,0.2931113802387423,0.33848969747635477,0.3933574493792116,0.46159309841676655,0.550664495460085,0.6795601106268355,0.0,0.0,0.0,0.0,0.0,0.0,0.0,0.0,0.0,0.0,0.0,0.0,0.0,0.0,0.0,0.0,0.0,0.0,0.0,0.0,0.0,0.0,0.0,0.0,0.0,0.0,0.0,0.0,0.0,0.0,0.0,0.0,0.0,0.0,0.0,0.0,0.0,0.0,0.0,0.0,0.0,0.0,0.0,0.0,0.0,0.0,0.0,0.0,0.0,0.0,0.0,0.0,0.0,0.0,0.0,0.0,0.0,0.0,0.0,0.0,0.0,0.0,0.0,0.0,0.0,0.0,0.0,0.0,0.0,0.0,0.0,0.0,0.0,0.0,0.0,0.0,0.0,0.0,0.0,0.0,0.0,0.0,0.0,0.0,0.0,0.0,0.0,0.0,0.0,0.0,0.0,0.0,0.0,0.0,0.0,0.0,0.0,0.0,0.0,0.0,0.0,0.0,0.0,0.0,0.0,0.0,0.0,0.0,0.0,0.0,0.0,0.0,0.0,0.0
0.0037649358067924,4.494966131153163e-10,1.519097910562244e-10,2.3516841474741714e-10,4.1105438007763184e-10,1.077819221342624e-09,1.8779178234097968e-09,3.2396513664584806e-09,5.51609724192111e-09,1.176008218198592e-08,1.9061213512579757e-08,3.051429629435002e-08,4.822905006822064e-08,7.525299244802498e-08,1.3457330086384332e-07,2.0212503684874617e-07,3.005562275939093e-07,4.4246873655283875e-07,6.449774834367905e-07,9.310936927452473e-07,1.3314673519325872e-06,2.049478817330137e-06,2.8581162261231764e-06,3.955335462629966e-06,5.432695467890804e-06,7.407132154137252e-06,1.0026905588128712e-05,1.3478793280826263e-05,1.79965474069303e-05,2.3870953631243146e-05,3.281249448516104e-05,4.284250341184678e-05,5.5625366910053084e-05,7.182826376179252e-05,9.225824412184998e-05,0.00011788690752556697,0.0001498785473316571,0.0001896221930074468,0.00023876788900883223,0.0002992676758326064,0.00037342167730947145,0.00047337328836032593,0.0005848452357980316,0.0007197085485478683,0.0008822609682139968,0.0010774761831963472,0.0013110922410803738,0.001589709265230921,0.0019208973788128949,0.002313315739054756,0.002776843791445219,0.003322725943413163,0.003963731110118173,0.004714328810637617,0.005643249330126325,0.006670162777296367,0.007862909608693,0.00924497770408107,0.010842773339543508,0.012685957325373599,0.014807825232945881,0.017245740249466946,0.020041629484930535,0.023242557292349513,0.02690139333755635,0.031077597721936925,0.03583815283932739,0.041445690005196614,0.047626944173723096,0.05465188266840819,0.06263145927100879,0.07169290089209061,0.08198299382556583,0.09367233460109492,0.10696092190473211,0.1220856531720452,0.13933059118293245,0.1590413740192878,0.18164602756116377,0.20768605990418104,0.23828470099574212,0.27355656716098015,0.31523057261507437,0.36526933607059436,0.4268325319664482,0.5056810517218597,0.614905123624056,0.8069816884403862,0.0,0.0,0.0,0.0,0.0,0.0,0.0,0.0,0.0,0.0,0.0,0.0,0.0,0.0,0.0,0.0,0.0,0.0,0.0,0.0,0.0,0.0,0.0,0.0,0.0,0.0,0.0,0.0,0.0,0.0,0.0,0.0,0.0,0.0,0.0,0.0,0.0,0.0,0.0,0.0,0.0,0.0,0.0,0.0,0.0,0.0,0.0,0.0,0.0,0.0,0.0,0.0,0.0,0.0,0.0,0.0,0.0,0.0,0.0,0.0,0.0,0.0,0.0,0.0,0.0,0.0,0.0,0.0,0.0,0.0,0.0,0.0,0.0,0.0,0.0,0.0,0.0,0.0,0.0,0.0,0.0,0.0,0.0,0.0,0.0,0.0,0.0,0.0,0.0,0.0,0.0,0.0,0.0,0.0,0.0,0.0,0.0,0.0,0.0,0.0,0.0,0.0,0.0,0.0,0.0,0.0,0.0,0.0,0.0,0.0,0.0,0.0,0.0
0.004004905796051,4.110129317655584e-10,1.4075812419050142e-10,2.2396556136799556e-10,3.902589137806522e-10,1.0318707511017273e-09,1.7923818877299673e-09,3.0852759366059845e-09,5.2419975612588644e-09,8.772523605491352e-09,1.816007773553215e-08,2.9006837781356094e-08,4.575139430093765e-08,7.125565723651303e-08,1.095847920795361e-07,1.917733740494736e-07,2.8460469835508806e-07,4.182290804982197e-07,6.086200075310609e-07,8.772346140220122e-07,1.2526137777960672e-06,1.7723948967253796e-06,2.6921785915543278e-06,3.720033196131657e-06,5.102227250278988e-06,6.947225520120281e-06,9.392425877737746e-06,1.2610739906801894e-05,1.6818363958581112e-05,2.2283996287172624e-05,2.9339601765911184e-05,4.001164198428061e-05,5.1892030611995656e-05,6.693640838108165e-05,8.58879957431617e-05,0.00010964080154759273,0.00013926532094086396,0.00017603767045159147,0.0002214726378783649,0.0002773609348473238,0.00034581108570877315,0.00042929638687235334,0.0005415373433150407,0.0006658785919088218,0.0008156402712421815,0.0009953683293409507,0.0012103038458334042,0.001466471384467165,0.0017707764385809766,0.002131112826875211,0.002556480982118242,0.0030571181884517327,0.0036446420748218493,0.004332208751259537,0.005186825864466905,0.006126887559934452,0.007218103659286331,0.008481772521365675,0.009941819253647574,0.011625094251584624,0.013561710091410764,0.015785423975387427,0.01833407484893482,0.021250086737934198,0.02458105306600744,0.028380420763131655,0.032708298763522936,0.037819333285464364,0.043431464442580316,0.049803969452891075,0.05703552857021562,0.06523894503686256,0.07454390178445265,0.08510050016400343,0.0970838753326213,0.11070032381332294,0.12619560290815254,0.14386643101585364,0.1640768494802671,0.1872822340814418,0.2144965407352315,0.2456408608031859,0.28218287356399246,0.3256367663195072,0.37833301922471896,0.44423095946372554,0.531228489719973,0.6610644750558301,0.0,0.0,0.0,0.0,0.0,0.0,0.0,0.0,0.0,0.0,0.0,0.0,0.0,0.0,0.0,0.0,0.0,0.0,0.0,0.0,0.0,0.0,0.0,0.0,0.0,0.0,0.0,0.0,0.0,0.0,0.0,0.0,0.0,0.0,0.0,0.0,0.0,0.0,0.0,0.0,0.0,0.0,0.0,0.0,0.0,0.0,0.0,0.0,0.0,0.0,0.0,0.0,0.0,0.0,0.0,0.0,0.0,0.0,0.0,0.0,0.0,0.0,0.0,0.0,0.0,0.0,0.0,0.0,0.0,0.0,0.0,0.0,0.0,0.0,0.0,0.0,0.0,0.0,0.0,0.0,0.0,0.0,0.0,0.0,0.0,0.0,0.0,0.0,0.0,0.0,0.0,0.0,0.0,0.0,0.0,0.0,0.0,0.0,0.0,0.0,0.0,0.0,0.0,0.0,0.0,0.0,0.0,0.0,0.0,0.0,0.0,0.0,0.0
0.004328761281083,4.0995760595833297e-10,1.339117646488426e-10,2.109347702600477e-10,3.687381904017391e-10,6.544125409907198e-10,1.6922355960054201e-09,2.9039742275994543e-09,4.920945643565418e-09,8.215139392791153e-09,1.7101592252094302e-08,2.7234873083576908e-08,4.2841749169505735e-08,6.655637812364971e-08,1.0212526712908741e-07,1.796122880168249e-07,2.6587264714163344e-07,3.8977298333036466e-07,5.659559723101055e-07,8.140575756563912e-07,1.1601562055224639e-06,1.6385899900228023e-06,2.4976868704489226e-06,3.444370227447895e-06,4.7152431192529135e-06,6.408911033539441e-06,8.65011508892521e-06,1.1595617610541861e-05,1.544119481395314e-05,2.0429850887158533e-05,2.686146418093362e-05,3.670618772816494e-05,4.753480711797245e-05,6.122966824025868e-05,7.845995589032812e-05,0.0001000297563788183,0.00012690086048975825,0.0001602186485011262,0.00020134136642592618,0.0002518731085370609,0.00031370088292247464,0.0003890360915160623,0.0004912070115223494,0.000603346730452372,0.0007382827168906747,0.0009000675934711215,0.001093369624933436,0.001323550283124409,0.0015967497773000713,0.0019199811340508174,0.002301233723578062,0.002749587102074465,0.003275336175380132,0.0038901289890566067,0.004607118542779839,0.005498822324008119,0.006472963440108297,0.007600169369321239,0.0089015266591356,0.010400673532782645,0.012124088284170923,0.014101415549915548,0.01636583777557493,0.018954501115632284,0.021909007585304924,0.02527598838156056,0.02910777786712696,0.03346321303511713,0.03861055779586691,0.044237034494979705,0.05061424310025588,0.057838931381280434,0.06602183574366371,0.07529048078311788,0.08579279205540918,0.097701835110742,0.11122214745078546,0.12659837596810813,0.144127344121801,0.1641753837186064,0.1876463756512093,0.21426861865666025,0.24526106899489225,0.28172812355678944,0.3252897425309908,0.3785087846833961,0.4459280893389684,0.5373246650943597,0.6854885192769083,0.0,0.0,0.0,0.0,0.0,0.0,0.0,0.0,0.0,0.0,0.0,0.0,0.0,0.0,0.0,0.0,0.0,0.0,0.0,0.0,0.0,0.0,0.0,0.0,0.0,0.0,0.0,0.0,0.0,0.0,0.0,0.0,0.0,0.0,0.0,0.0,0.0,0.0,0.0,0.0,0.0,0.0,0.0,0.0,0.0,0.0,0.0,0.0,0.0,0.0,0.0,0.0,0.0,0.0,0.0,0.0,0.0,0.0,0.0,0.0,0.0,0.0,0.0,0.0,0.0,0.0,0.0,0.0,0.0,0.0,0.0,0.0,0.0,0.0,0.0,0.0,0.0,0.0,0.0,0.0,0.0,0.0,0.0,0.0,0.0,0.0,0.0,0.0,0.0,0.0,0.0,0.0,0.0,0.0,0.0,0.0,0.0,0.0,0.0,0.0,0.0,0.0,0.0,0.0,0.0,0.0,0.0,0.0,0.0,0.0,0.0,0.0
0.0045541672706604,3.8233006855724684e-10,1.295726439881169e-10,2.0283712153919627e-10,3.5385035846650715e-10,6.279797533406652e-10,1.6299227993698978e-09,2.793457261058335e-09,4.723810984516489e-09,7.87298366744171e-09,1.6451648846091514e-08,2.6148607699214043e-08,4.105824120416135e-08,6.367837013551929e-08,9.755730785201523e-08,1.4766914283410962e-07,2.544009502287809e-07,3.723523572278679e-07,5.39849619399806e-07,7.75414801753128e-07,1.1036292032668874e-06,1.5568179248265372e-06,2.177148578611333e-06,3.2759668682481435e-06,4.478943156221325e-06,6.080358551967634e-06,8.197259833231228e-06,1.0976614649737777e-05,1.4601805128482982e-05,1.9300257140759327e-05,2.5352402717007122e-05,3.469363312274244e-05,4.488309492459518e-05,5.775826522866457e-05,7.394354634235044e-05,9.41886589459963e-05,0.00011938974162485229,0.00015061322020431324,0.00018912287025929332,0.00023641022947062758,0.0002942287498034965,0.0003646320359090221,0.0004607069560155076,0.0005654686918235925,0.0006914438872510115,0.0008423884943461306,0.001022626456692344,0.0012371208940316878,0.0014915524769332565,0.0017924056321840694,0.0021470632817647277,0.002563910904920307,0.0030524509024946883,0.00362342828933285,0.004288969054777841,0.00512018902365066,0.006023930112228015,0.00706911468243774,0.008275135547647642,0.009663715946784408,0.011259169653020179,0.013088694628496154,0.015182706383519503,0.01757521919910876,0.020304285232404733,0.02341250444813313,0.026947621851525657,0.030963233334145378,0.035721372937220074,0.04090285054462799,0.04677099246122865,0.053413209593311604,0.0609292693444665,0.0694336933311913,0.079058830146837,0.08995885530132804,0.10231506912181111,0.11634305237322473,0.13230254899565042,0.15051147104647833,0.1713663541978304,0.19584050941642606,0.22368057443716777,0.25623939506258747,0.2948073826817061,0.34134859449117255,0.3991431952064338,0.4745421236338585,0.5838689772843668,0.0,0.0,0.0,0.0,0.0,0.0,0.0,0.0,0.0,0.0,0.0,0.0,0.0,0.0,0.0,0.0,0.0,0.0,0.0,0.0,0.0,0.0,0.0,0.0,0.0,0.0,0.0,0.0,0.0,0.0,0.0,0.0,0.0,0.0,0.0,0.0,0.0,0.0,0.0,0.0,0.0,0.0,0.0,0.0,0.0,0.0,0.0,0.0,0.0,0.0,0.0,0.0,0.0,0.0,0.0,0.0,0.0,0.0,0.0,0.0,0.0,0.0,0.0,0.0,0.0,0.0,0.0,0.0,0.0,0.0,0.0,0.0,0.0,0.0,0.0,0.0,0.0,0.0,0.0,0.0,0.0,0.0,0.0,0.0,0.0,0.0,0.0,0.0,0.0,0.0,0.0,0.0,0.0,0.0,0.0,0.0,0.0,0.0,0.0,0.0,0.0,0.0,0.0,0.0,0.0,0.0,0.0,0.0,0.0,0.0,0.0,0.0
0.0049770235643321,3.3395237282838444e-10,1.2019370196729346e-10,1.90149263757474e-10,3.308609366402762e-10,5.859970352109414e-10,1.0320678560249903e-09,2.6119216400786513e-09,4.402289674317041e-09,7.313969589998252e-09,1.1969010808943652e-08,2.4373431589221593e-08,3.814312348336548e-08,5.897755538490187e-08,9.009833228732639e-08,1.3601645178146335e-07,2.3567115965153887e-07,3.439242445057771e-07,4.972652894797295e-07,7.124128967488315e-07,1.0115122118593853e-06,1.4236307569764577e-06,1.986613691259269e-06,3.0018045119682478e-06,4.094450513415732e-06,5.546042803106549e-06,7.461195258708935e-06,9.971044020197538e-06,1.323894467251308e-05,1.746720115248505e-05,2.290486931211119e-05,2.985690366074489e-05,4.0585290832158796e-05,5.213494857985908e-05,6.663130951057707e-05,8.47366879532833e-05,0.00010724169018873215,0.0001350859689446376,0.00016938166068634084,0.00021143974743221744,0.0002627995914682661,0.0003252619684156826,0.00040092583587813917,0.0005044095092109075,0.0006159767628336821,0.0007495002454625878,0.0009087537952294872,0.0010980644411359985,0.0013223795377407827,0.0015873404636197923,0.0018993635085055353,0.0022657285817160857,0.0026946764963337922,0.0031955157058539676,0.003778739542296293,0.004456155115818837,0.0053043817408747205,0.006218522604169233,0.007272306508158286,0.008484425156812693,0.009875769558017281,0.011469673282715748,0.013292187458252305,0.015372393627456868,0.01774276221636927,0.020439566373432444,0.023503363648136318,0.026979561455582692,0.030919086969637143,0.03559673426622544,0.04065931302386347,0.046381007482790226,0.05284475707901355,0.060145243029769896,0.06839119516153468,0.07770835529266265,0.08824334434951128,0.1001687984754261,0.11369032679688806,0.12905615321584465,0.1465708330544905,0.1670948673273795,0.19017737516612787,0.21691981616303935,0.24820309157570117,0.28529424357086103,0.33014224306089207,0.3860537117150197,0.4596038275447422,0.5687312946700813,0.0,0.0,0.0,0.0,0.0,0.0,0.0,0.0,0.0,0.0,0.0,0.0,0.0,0.0,0.0,0.0,0.0,0.0,0.0,0.0,0.0,0.0,0.0,0.0,0.0,0.0,0.0,0.0,0.0,0.0,0.0,0.0,0.0,0.0,0.0,0.0,0.0,0.0,0.0,0.0,0.0,0.0,0.0,0.0,0.0,0.0,0.0,0.0,0.0,0.0,0.0,0.0,0.0,0.0,0.0,0.0,0.0,0.0,0.0,0.0,0.0,0.0,0.0,0.0,0.0,0.0,0.0,0.0,0.0,0.0,0.0,0.0,0.0,0.0,0.0,0.0,0.0,0.0,0.0,0.0,0.0,0.0,0.0,0.0,0.0,0.0,0.0,0.0,0.0,0.0,0.0,0.0,0.0,0.0,0.0,0.0,0.0,0.0,0.0,0.0,0.0,0.0,0.0,0.0,0.0,0.0,0.0,0.0,0.0,0.0,0.0
0.0050481211662292,3.285962424138864e-10,1.1880026084564144e-10,1.88180630807561e-10,3.2632043523243407e-10,5.793146249853347e-10,1.0209469300755888e-09,2.584196053254818e-09,4.352969673930084e-09,7.228426454419652e-09,1.1824112241245811e-08,2.410356214497394e-08,3.77009721852457e-08,5.8263626036813784e-08,8.89660174290083e-08,1.3424806423191814e-07,2.328283306925022e-07,3.3961189623718776e-07,4.90806161133999e-07,7.028623734676161e-07,9.975570025720518e-07,1.4034573887281248e-06,1.957765334769339e-06,2.9602906875315242e-06,4.0362562636710035e-06,5.465209253328385e-06,7.349887270093487e-06,9.819046042112363e-06,1.3033035205565277e-05,1.7190364046633753e-05,2.2535386017820976e-05,2.9367214098432307e-05,3.9936845070041544e-05,5.128687709441295e-05,6.552899293468836e-05,8.331240585189577e-05,0.00010541190717380084,0.00013274816077996738,0.00016641060356720213,0.0002076831960250867,0.0002580732826204825,0.00031934384020650917,0.0003935493896800434,0.0004952367188744373,0.0006046438980645538,0.0007355566130577347,0.0008916666355584359,0.0010772061649739642,0.0012970132702916663,0.001556603754323115,0.0018622499756446736,0.002221067329188195,0.0026411089828246607,0.0031314698279281696,0.003702400610287332,0.0043654333807588265,0.005196793801663905,0.0060913869339884585,0.0071224710760264525,0.008308288994359694,0.009669225212957395,0.011228042002070993,0.013010145948671635,0.015043890932078464,0.017360925033059502,0.019996590610450407,0.022990389532961793,0.026386528700556883,0.03023456559062779,0.03480761868446815,0.03975091952452128,0.04533644884925951,0.05164471281382893,0.05876753551331291,0.06681026164684375,0.07589458017112048,0.08616220055806845,0.09777972256764937,0.11094521351516629,0.1258972914095154,0.14292799505113774,0.16288276652915867,0.18528464981577708,0.21120300253478616,0.24146801550756544,0.2772643256204323,0.32039392629035884,0.3738629517746075,0.44347873507080315,0.5440852159050606,0.0,0.0,0.0,0.0,0.0,0.0,0.0,0.0,0.0,0.0,0.0,0.0,0.0,0.0,0.0,0.0,0.0,0.0,0.0,0.0,0.0,0.0,0.0,0.0,0.0,0.0,0.0,0.0,0.0,0.0,0.0,0.0,0.0,0.0,0.0,0.0,0.0,0.0,0.0,0.0,0.0,0.0,0.0,0.0,0.0,0.0,0.0,0.0,0.0,0.0,0.0,0.0,0.0,0.0,0.0,0.0,0.0,0.0,0.0,0.0,0.0,0.0,0.0,0.0,0.0,0.0,0.0,0.0,0.0,0.0,0.0,0.0,0.0,0.0,0.0,0.0,0.0,0.0,0.0,0.0,0.0,0.0,0.0,0.0,0.0,0.0,0.0,0.0,0.0,0.0,0.0,0.0,0.0,0.0,0.0,0.0,0.0,0.0,0.0,0.0,0.0,0.0,0.0,0.0,0.0,0.0,0.0,0.0,0.0,0.0,0.0
0.005543982219696,3.194291298493457e-10,0.0,0.0,3.0416224568552044e-10,5.386171413741955e-10,9.459364436503913e-10,2.4117713081525894e-09,4.046334550328211e-09,6.695655560095583e-09,1.091760924602783e-08,2.24121495757243e-08,3.492631776365954e-08,5.3790467432415674e-08,8.187214796150205e-08,1.2317411971910243e-07,1.832169397068266e-07,3.1260164747659513e-07,4.5037994989324925e-07,6.43102190824469e-07,9.102513787862499e-07,1.277340313905287e-06,1.7775030345125084e-06,2.453438825792185e-06,3.6727687150100047e-06,4.960549233238883e-06,6.655313910661967e-06,8.871017609702181e-06,1.1749329767717962e-05,1.5465324942401286e-05,2.0234140603624412e-05,2.631869493704287e-05,3.403861198112882e-05,4.601038114362804e-05,5.86738479573001e-05,7.44590842444003e-05,9.404317125281742e-05,0.00011822951421653948,0.00014796743992165598,0.0001843742352458318,0.000228759816693861,0.000282654230199527,0.00034783826345495376,0.00042637738083947527,0.0005344612207537451,0.0006492417643533634,0.0007859360368661874,0.0009481934467137866,0.0011401808288776735,0.0013666430705554676,0.0016329694962152039,0.001945266518489363,0.0023104371513829112,0.0027362680170241373,0.003231524676462311,0.003806056123670977,0.004533615688919847,0.005308019929732509,0.006199596123108857,0.007223847649279892,0.008398071335708806,0.00974154988469469,0.011275768222340313,0.013024658054293294,0.0150148763078519,0.017276124236708285,0.019841516052912324,0.022748008063004414,0.026036902654613718,0.029970999591916656,0.03418653388183005,0.03894208754657641,0.044303670654765634,0.05034615443512612,0.05715489004988531,0.06482775588435748,0.07347778327198981,0.08323657628448715,0.09425884314779184,0.10672851819357616,0.12086721802138997,0.1374369669633514,0.1558182519025451,0.17690944452999008,0.20127752497380624,0.2296946841570599,0.26326326156700663,0.30366079687859654,0.3536870280717864,0.41875277961926977,0.5126925996217495,0.0,0.0,0.0,0.0,0.0,0.0,0.0,0.0,0.0,0.0,0.0,0.0,0.0,0.0,0.0,0.0,0.0,0.0,0.0,0.0,0.0,0.0,0.0,0.0,0.0,0.0,0.0,0.0,0.0,0.0,0.0,0.0,0.0,0.0,0.0,0.0,0.0,0.0,0.0,0.0,0.0,0.0,0.0,0.0,0.0,0.0,0.0,0.0,0.0,0.0,0.0,0.0,0.0,0.0,0.0,0.0,0.0,0.0,0.0,0.0,0.0,0.0,0.0,0.0,0.0,0.0,0.0,0.0,0.0,0.0,0.0,0.0,0.0,0.0,0.0,0.0,0.0,0.0,0.0,0.0,0.0,0.0,0.0,0.0,0.0,0.0,0.0,0.0,0.0,0.0,0.0,0.0,0.0,0.0,0.0,0.0,0.0,0.0,0.0,0.0,0.0,0.0,0.0,0.0,0.0,0.0,0.0,0.0,0.0,0.0
0.0057223676593502,3.033745056377243e-10,0.0,0.0,2.980925586023757e-10,5.253511016681145e-10,9.221225714440181e-10,2.35637175551482e-09,3.9489998210644226e-09,6.5263359412466635e-09,1.06282460456359e-08,2.1873556263036472e-08,3.4043987705982006e-08,5.236850407469923e-08,7.961893819989541e-08,1.1965892715059984e-07,1.778109391962588e-07,3.040270875535025e-07,4.3755276835309715e-07,6.241507137704597e-07,8.825829049027165e-07,1.2373922812404179e-06,1.7204383422081766e-06,2.3727415115308314e-06,3.557759386265144e-06,4.800965966104313e-06,6.435808714101973e-06,8.571593159533301e-06,1.1344129398793548e-05,1.4921141694108593e-05,1.9508613465786386e-05,2.535813445474175e-05,3.277537784916338e-05,4.4349006960796575e-05,5.6516678871303735e-05,7.16747382903607e-05,9.046977537455839e-05,0.00011366861970314004,0.00014217692014353967,0.0001770600544554929,0.0002195664687534277,0.00027115374120924697,0.00033351755090364673,0.00040862377356090196,0.0005124916521349833,0.0006222363540402805,0.0007528730306477041,0.0009078704146185129,0.0010911873913789503,0.00130733014683005,0.0015614147602932356,0.0018592356420621058,0.0022073403884505173,0.002613111585509789,0.0030848564712326098,0.0036319050380272154,0.004264717754578891,0.005064338883232521,0.005912657913109259,0.006886840399298027,0.008003235271043675,0.009280058275634462,0.010737593325938192,0.012398419754846884,0.014287670490721296,0.016433327388559717,0.01886656151438591,0.02162212845951699,0.02473883125817425,0.028476252485607145,0.032468115382194906,0.03696889018789027,0.04204025893631915,0.04775205559747944,0.054183723358748284,0.06142614930699473,0.06958400594762726,0.07877878396557528,0.08915278578012073,0.10087448273257335,0.11414585477101709,0.12921269370255917,0.1468972095297902,0.1665730076031932,0.18923370894795163,0.21555135178399695,0.246468057413444,0.28338205258051696,0.328542013041876,0.38603604386378837,0.4650831844009343,0.6019063282053376,0.0,0.0,0.0,0.0,0.0,0.0,0.0,0.0,0.0,0.0,0.0,0.0,0.0,0.0,0.0,0.0,0.0,0.0,0.0,0.0,0.0,0.0,0.0,0.0,0.0,0.0,0.0,0.0,0.0,0.0,0.0,0.0,0.0,0.0,0.0,0.0,0.0,0.0,0.0,0.0,0.0,0.0,0.0,0.0,0.0,0.0,0.0,0.0,0.0,0.0,0.0,0.0,0.0,0.0,0.0,0.0,0.0,0.0,0.0,0.0,0.0,0.0,0.0,0.0,0.0,0.0,0.0,0.0,0.0,0.0,0.0,0.0,0.0,0.0,0.0,0.0,0.0,0.0,0.0,0.0,0.0,0.0,0.0,0.0,0.0,0.0,0.0,0.0,0.0,0.0,0.0,0.0,0.0,0.0,0.0,0.0,0.0,0.0,0.0,0.0,0.0,0.0,0.0,0.0,0.0,0.0,0.0,0.0,0.0
0.0060474719047546,2.7398367621225516e-10,0.0,0.0,2.86105128281923e-10,5.032130365101249e-10,8.825123050222041e-10,1.525914223382029e-09,3.786249489546695e-09,6.2427986521151285e-09,1.0145414182766432e-08,1.6248573370953383e-08,3.2568085211108054e-08,4.999085289031855e-08,7.585124243685985e-08,1.1378218542002066e-07,1.687801152400699e-07,2.8969634907075854e-07,4.16123967831051e-07,5.925069091758291e-07,8.364001476897183e-07,1.1707442424946808e-06,1.6252716896389032e-06,2.2382195568536417e-06,3.0584061389756077e-06,4.535036408848709e-06,6.0701883668312666e-06,8.073078426458577e-06,1.0669801587283265e-05,1.4015913548505285e-05,1.8302251269269333e-05,2.376165146893437e-05,3.0676730632368174e-05,3.9388799643001937e-05,5.29347510680764e-05,6.705334529124743e-05,8.454119771268932e-05,0.00010610479270726548,0.00013257776292933572,0.00016493989748457452,0.00020433838591355215,0.0002521114647583055,0.0003098147089742692,0.000379250134948123,0.0004624983789506709,0.0005775809029717531,0.000698221201801747,0.0008412425221488492,0.0010102622811225916,0.001209394916636215,0.0014433082604951037,0.00171728511971703,0.002037290537008652,0.0024100452758718327,0.0028431061047489,0.0033449536526291945,0.003925088654397519,0.004663060009668927,0.005440309564418569,0.006332263286505411,0.007353723642975579,0.008521167071157066,0.009852921365055004,0.011369365326463494,0.013093154763632757,0.015049480071249025,0.017266361888760993,0.01977499306322634,0.022610137296830476,0.025810597947613506,0.029652681491185055,0.03373776080382679,0.038336045275676314,0.04350932883198327,0.04932765886003426,0.05587085003475572,0.0632303996751835,0.0715119453518516,0.08083846693791558,0.09135453068948943,0.10323202464091184,0.11667808272643294,0.13246923147484424,0.14990151523458742,0.16987588366738765,0.1929229306691541,0.21976561851167067,0.2514365237153584,0.2895078776122326,0.33660525570484495,0.3978065051630132,0.4861075858574063,0.0,0.0,0.0,0.0,0.0,0.0,0.0,0.0,0.0,0.0,0.0,0.0,0.0,0.0,0.0,0.0,0.0,0.0,0.0,0.0,0.0,0.0,0.0,0.0,0.0,0.0,0.0,0.0,0.0,0.0,0.0,0.0,0.0,0.0,0.0,0.0,0.0,0.0,0.0,0.0,0.0,0.0,0.0,0.0,0.0,0.0,0.0,0.0,0.0,0.0,0.0,0.0,0.0,0.0,0.0,0.0,0.0,0.0,0.0,0.0,0.0,0.0,0.0,0.0,0.0,0.0,0.0,0.0,0.0,0.0,0.0,0.0,0.0,0.0,0.0,0.0,0.0,0.0,0.0,0.0,0.0,0.0,0.0,0.0,0.0,0.0,0.0,0.0,0.0,0.0,0.0,0.0,0.0,0.0,0.0,0.0,0.0,0.0,0.0,0.0,0.0,0.0,0.0,0.0,0.0,0.0,0.0,0.0,0.0
0.0065604973793029,2.741736751683923e-10,0.0,0.0,0.0,4.737345204072255e-10,8.283252117266738e-10,1.4275387315311235e-09,3.5609957526321457e-09,5.852048531157787e-09,9.47999373475339e-09,1.513777302922359e-08,3.05320933855351e-08,4.671229212623487e-08,7.065970222454484e-08,1.0568963186062671e-07,1.5634971313144565e-07,2.288188396371492e-07,3.866339657345278e-07,5.489879587861945e-07,7.729339890776688e-07,1.0792184222216527e-06,1.4946776316601255e-06,2.0537561699258437e-06,2.8003442235880252e-06,4.170581129714618e-06,5.569482133924484e-06,7.390883681479314e-06,9.747693004162553e-06,1.2778963619456827e-05,1.6655000110212785e-05,2.1583258775195337e-05,2.7815154727490803e-05,3.5653864499612324e-05,4.805472990446643e-05,6.076156358458854e-05,7.647533600118365e-05,9.582117724357374e-05,0.00011953572164664932,0.00014848358063691597,0.00018367575801226792,0.0002262901089334373,0.00027769407073249916,0.00033946977483782624,0.00041344178348138964,0.0005171604370462151,0.0006243207573486317,0.0007512026825958213,0.0009009669915736032,0.0010772046020659915,0.001283984755100051,0.0015259075734227537,0.0018081613547311416,0.0021365850398146974,0.002517736352871359,0.0029589661357695834,0.003468499655751244,0.004055525581655766,0.004805909989995098,0.005587849311867655,0.006482379117288112,0.00750367663010607,0.00866748743641524,0.009991289872655582,0.011494480216058929,0.013198582595709872,0.015127488547332228,0.01730773232969827,0.019768809819541572,0.02254355072531765,0.02590016928454721,0.029434852599169104,0.033407637300357444,0.03787003186567501,0.04288013071567795,0.048503751553323,0.05481585726506065,0.061902355789021514,0.06986241030244024,0.07881145004342532,0.088885161955569,0.10024488587443615,0.11361378404699123,0.1282000052859184,0.14480183719286557,0.16379856711683047,0.18568880489458028,0.2111521659571983,0.24115965947154924,0.277190286943177,0.32171471968251514,0.379512353104302,0.4634547960207796,0.0,0.0,0.0,0.0,0.0,0.0,0.0,0.0,0.0,0.0,0.0,0.0,0.0,0.0,0.0,0.0,0.0,0.0,0.0,0.0,0.0,0.0,0.0,0.0,0.0,0.0,0.0,0.0,0.0,0.0,0.0,0.0,0.0,0.0,0.0,0.0,0.0,0.0,0.0,0.0,0.0,0.0,0.0,0.0,0.0,0.0,0.0,0.0,0.0,0.0,0.0,0.0,0.0,0.0,0.0,0.0,0.0,0.0,0.0,0.0,0.0,0.0,0.0,0.0,0.0,0.0,0.0,0.0,0.0,0.0,0.0,0.0,0.0,0.0,0.0,0.0,0.0,0.0,0.0,0.0,0.0,0.0,0.0,0.0,0.0,0.0,0.0,0.0,0.0,0.0,0.0,0.0,0.0,0.0,0.0,0.0,0.0,0.0,0.0,0.0,0.0,0.0,0.0,0.0,0.0,0.0,0.0,0.0
0.0065793322465756,2.780777282735098e-10,0.0,0.0,0.0,4.733320862765946e-10,8.256739637380852e-10,1.4242525031967763e-09,3.553276038801006e-09,5.838640715107592e-09,9.457471211636358e-09,1.5099510953190917e-08,3.04637096535237e-08,4.660124493955133e-08,7.048420836218237e-08,1.0541586856382403e-07,1.559301822134304e-07,2.281833067379268e-07,3.856389714456335e-07,5.4752043258133e-07,7.707942060976012e-07,1.0761345224182327e-06,1.4902799523771927e-06,2.047546695531953e-06,2.791661140757116e-06,4.158317204652243e-06,5.55264129069516e-06,7.367950555806507e-06,9.716710045770056e-06,1.2737422062638469e-05,1.6599704172940913e-05,2.151016833936378e-05,2.771918308478279e-05,3.552866461242139e-05,4.789115588406352e-05,6.055076767595307e-05,7.620522264776376e-05,9.547695133984928e-05,0.00011909935740400882,0.00014793322150381637,0.00018298501908313775,0.00022542728504591327,0.0002766212031393641,0.0003381416138931679,0.0004118045788768867,0.0005151443618213052,0.0006218558880008392,0.000748200701549559,0.0008973244567916439,0.001072800750067839,0.0012786790208276367,0.0015195368139090558,0.0018005367625203307,0.002127488681339593,0.0025069173006436944,0.002946136195979879,0.0034533285592843453,0.004037635695779485,0.004784843964823387,0.005563139346571166,0.0064534666921276474,0.007469927662465729,0.008628183054077428,0.009945616060239026,0.011441516150462886,0.013137287449155955,0.015056686525916537,0.017226095604239197,0.01967483890016093,0.02243555183627676,0.02577617768174838,0.029292751710968314,0.033244974261169645,0.03768402271263174,0.042667607993823686,0.04826110059184676,0.05453893743895665,0.06158640216119869,0.06950190879019397,0.0783999764468395,0.08841517040626526,0.09970742503703124,0.11299827392282083,0.12749325074153908,0.14398761395983298,0.16285628728445517,0.18459157867256423,0.20986352792724663,0.23962759652564475,0.2753351527034256,0.319400853564435,0.3764637524998009,0.4588656805658631,0.6488866744656316,0.0,0.0,0.0,0.0,0.0,0.0,0.0,0.0,0.0,0.0,0.0,0.0,0.0,0.0,0.0,0.0,0.0,0.0,0.0,0.0,0.0,0.0,0.0,0.0,0.0,0.0,0.0,0.0,0.0,0.0,0.0,0.0,0.0,0.0,0.0,0.0,0.0,0.0,0.0,0.0,0.0,0.0,0.0,0.0,0.0,0.0,0.0,0.0,0.0,0.0,0.0,0.0,0.0,0.0,0.0,0.0,0.0,0.0,0.0,0.0,0.0,0.0,0.0,0.0,0.0,0.0,0.0,0.0,0.0,0.0,0.0,0.0,0.0,0.0,0.0,0.0,0.0,0.0,0.0,0.0,0.0,0.0,0.0,0.0,0.0,0.0,0.0,0.0,0.0,0.0,0.0,0.0,0.0,0.0,0.0,0.0,0.0,0.0,0.0,0.0,0.0,0.0,0.0,0.0,0.0,0.0,0.0
0.0070811514854431,2.552564036948367e-10,0.0,0.0,0.0,4.4810930376394166e-10,7.802874700443589e-10,1.3414812313535447e-09,3.3651336502551954e-09,5.5119069222653844e-09,8.90209518336292e-09,1.417128249875157e-08,2.2244190046067056e-08,4.386384859359323e-08,6.615183605738036e-08,9.86679494558127e-08,1.4557521535127353e-07,2.1251382600287382e-07,3.610770701254887e-07,5.113076803066369e-07,7.180311948487051e-07,1.0001160795169257e-06,1.3819127204741926e-06,1.8946225901802592e-06,2.577922589166584e-06,3.4819225938219415e-06,5.138226731728741e-06,6.803860434077015e-06,8.954959804469843e-06,1.1716532072745642e-05,1.524143285619641e-05,1.9715567395045966e-05,2.5363886393188504e-05,3.245724838013861e-05,4.1320240183178824e-05,5.5381984968790534e-05,6.958482745556533e-05,8.704354883589836e-05,0.00010841294309851247,0.0001344605442517296,0.00016608267741535622,0.0002043222746885468,0.0002503886312977565,0.0003056792209007595,0.0003718037460671895,0.00045061055553258304,0.0005616652427107101,0.000674921010212061,0.0008084408485422498,0.0009653782396516618,0.0011493027176694686,0.0013642449989845797,0.001614746129670018,0.001905910936245017,0.0022434662098022493,0.002633824133796281,0.003084151363699818,0.0036024445220108163,0.004272505440190163,0.004962381811624267,0.005750776844795363,0.006649971526365298,0.007673585215944565,0.008836712233686601,0.010156074952615113,0.01165019648089354,0.013339596620958372,0.01524701585358037,0.01739767303583173,0.019819564305484975,0.02254381240989689,0.025853708191221826,0.029310302750837403,0.033187094586555235,0.037532743156895206,0.042402096514667684,0.047857264223397505,0.053968959242838496,0.06081819723079485,0.06849847840814617,0.07711863185372018,0.08680658723029855,0.09771447381383105,0.11058699129437628,0.12455530634625134,0.1404318886860156,0.15857470600100934,0.17945450383434486,0.2037131576305852,0.23226811703096806,0.26651737634234546,0.3087972615505383,0.36362917738325734,0.4432860642446766,0.0,0.0,0.0,0.0,0.0,0.0,0.0,0.0,0.0,0.0,0.0,0.0,0.0,0.0,0.0,0.0,0.0,0.0,0.0,0.0,0.0,0.0,0.0,0.0,0.0,0.0,0.0,0.0,0.0,0.0,0.0,0.0,0.0,0.0,0.0,0.0,0.0,0.0,0.0,0.0,0.0,0.0,0.0,0.0,0.0,0.0,0.0,0.0,0.0,0.0,0.0,0.0,0.0,0.0,0.0,0.0,0.0,0.0,0.0,0.0,0.0,0.0,0.0,0.0,0.0,0.0,0.0,0.0,0.0,0.0,0.0,0.0,0.0,0.0,0.0,0.0,0.0,0.0,0.0,0.0,0.0,0.0,0.0,0.0,0.0,0.0,0.0,0.0,0.0,0.0,0.0,0.0,0.0,0.0,0.0,0.0,0.0,0.0,0.0,0.0,0.0,0.0,0.0,0.0,0.0,0.0,0.0
0.0075646332755462,2.4794014662753695e-10,0.0,0.0,0.0,0.0,7.415830415680376e-10,1.2724663181136675e-09,2.148268656081579e-09,5.237348931037625e-09,8.435053737908986e-09,1.3392740250305152e-08,2.096900913160623e-08,4.1563919192831734e-08,6.251598705003799e-08,9.300902466264568e-08,1.3689689912471405e-07,1.993921524663402e-07,2.874717672224128e-07,4.80989933731761e-07,6.738978975721684e-07,9.365850456782795e-07,1.2914282470568005e-06,1.7670441376941542e-06,2.3997652939225862e-06,3.235402607232797e-06,4.793012647470503e-06,6.334386151718473e-06,8.321540186369714e-06,1.0868374410140083e-05,1.411395317675268e-05,1.8227168117475206e-05,2.3412101749692804e-05,2.99141485507002e-05,3.802700148487735e-05,4.8100556392840726e-05,6.411263764709284e-05,8.007842510716312e-05,9.959408787162063e-05,0.00012335106832448315,0.00015215587864676996,0.00018694587473476752,0.00022880672258697297,0.0002789916567868018,0.00033894268487388683,0.00041031387351752376,0.0004949968579320535,0.0006148245950724752,0.0007355988412127807,0.0008774041397122697,0.0010434218842630674,0.0012372409009970243,0.0014629003536983979,0.0017249363524497873,0.0020284325805336855,0.002379075367832411,0.002783213600282918,0.003247924010451753,0.0037810824924005343,0.004473509880028513,0.00517933097461858,0.005983600824966836,0.006898308229982967,0.007936722170336823,0.009113521352834468,0.010444939671633681,0.011948930535436919,0.013645353689828561,0.015556189097121744,0.017705783533363578,0.020121137064565756,0.0230793581093491,0.026139144114535308,0.02956648502493048,0.03340306984807772,0.03769569230688316,0.042497090632425155,0.04786698734275067,0.053873391396949355,0.06059424969494993,0.06811957055147246,0.07655419648846462,0.08602148735399794,0.09723253472322968,0.10926671515009993,0.12287550647235204,0.13833073820441255,0.1559806363902381,0.17628453632389376,0.19987116904049512,0.22764371383818724,0.2609879083962902,0.3022432270395094,0.35680201033785625,0.4352848349480975,0.0,0.0,0.0,0.0,0.0,0.0,0.0,0.0,0.0,0.0,0.0,0.0,0.0,0.0,0.0,0.0,0.0,0.0,0.0,0.0,0.0,0.0,0.0,0.0,0.0,0.0,0.0,0.0,0.0,0.0,0.0,0.0,0.0,0.0,0.0,0.0,0.0,0.0,0.0,0.0,0.0,0.0,0.0,0.0,0.0,0.0,0.0,0.0,0.0,0.0,0.0,0.0,0.0,0.0,0.0,0.0,0.0,0.0,0.0,0.0,0.0,0.0,0.0,0.0,0.0,0.0,0.0,0.0,0.0,0.0,0.0,0.0,0.0,0.0,0.0,0.0,0.0,0.0,0.0,0.0,0.0,0.0,0.0,0.0,0.0,0.0,0.0,0.0,0.0,0.0,0.0,0.0,0.0,0.0,0.0,0.0,0.0,0.0,0.0,0.0,0.0,0.0,0.0,0.0,0.0,0.0
0.007609434223175,2.4603879075122475e-10,0.0,0.0,0.0,0.0,7.385229209837455e-10,1.2668896230528527e-09,2.137770214767659e-09,5.213910791128332e-09,8.394640551990051e-09,1.3326027145695525e-08,2.0858979625692695e-08,4.1365419422573817e-08,6.220193806874094e-08,9.252025538600041e-08,1.3614832743796162e-07,1.9826112622455948e-07,2.857842299034249e-07,4.783767833756605e-07,6.700949989739179e-07,9.311144606197248e-07,1.2836408643987322e-06,1.75606943946129e-06,2.384447065167793e-06,3.2142166142546863e-06,4.763339283282567e-06,6.2940528129054375e-06,8.267148176898007e-06,1.079557763949641e-05,1.4017228738643723e-05,1.8099540781474008e-05,2.3244815691839034e-05,2.969628123233624e-05,3.7744996529778615e-05,4.773768056210184e-05,6.364426630841383e-05,7.948253521418244e-05,9.883993308955642e-05,0.00012240143359512466,0.00015096592074721846,0.00018546178452690475,0.0002269641991918704,0.0002767141594000168,0.00033613945502171725,0.0004068776845447766,0.0004908014721743152,0.0006097027638090957,0.0007293931119049808,0.0008699120610012416,0.001034408172980631,0.0012264329172278186,0.0014499830449222117,0.0017095466221523192,0.0020101530394937344,0.0023574273741950374,0.0027576495369613374,0.0032178187259703987,0.0037457237649471935,0.0044320193356004395,0.005130849524637254,0.0059270860334178724,0.0068325806447624045,0.007860449093274921,0.009025198662928334,0.010342871418710726,0.011831205945442576,0.013509821164136649,0.01540042660908028,0.01752706486314846,0.019916392878606973,0.02284498652789626,0.025871384962399536,0.029260939402337798,0.0330547640914182,0.03729899064660936,0.04204558964417867,0.047353386883066534,0.05328933488321729,0.05993012374918264,0.0673642500546456,0.07569471448124816,0.08504259995572094,0.0961163292413873,0.10799132683845662,0.12141437300361713,0.13665081137768342,0.15403982620767803,0.17402762165637187,0.1972228472891437,0.22449582536261137,0.2571733291436065,0.2974737235851372,0.3504858720687086,0.4255884779454932,0.0,0.0,0.0,0.0,0.0,0.0,0.0,0.0,0.0,0.0,0.0,0.0,0.0,0.0,0.0,0.0,0.0,0.0,0.0,0.0,0.0,0.0,0.0,0.0,0.0,0.0,0.0,0.0,0.0,0.0,0.0,0.0,0.0,0.0,0.0,0.0,0.0,0.0,0.0,0.0,0.0,0.0,0.0,0.0,0.0,0.0,0.0,0.0,0.0,0.0,0.0,0.0,0.0,0.0,0.0,0.0,0.0,0.0,0.0,0.0,0.0,0.0,0.0,0.0,0.0,0.0,0.0,0.0,0.0,0.0,0.0,0.0,0.0,0.0,0.0,0.0,0.0,0.0,0.0,0.0,0.0,0.0,0.0,0.0,0.0,0.0,0.0,0.0,0.0,0.0,0.0,0.0,0.0,0.0,0.0,0.0,0.0,0.0,0.0,0.0,0.0,0.0,0.0,0.0,0.0,0.0
0.0081453455924987,2.3210439778345502e-10,0.0,0.0,0.0,0.0,7.014740227439211e-10,1.1997214054343224e-09,2.0196892638507153e-09,4.9500629843907626e-09,7.945598738097183e-09,1.2577404787226638e-08,1.9634928796464426e-08,3.024071511807381e-08,5.8711995690074935e-08,8.709272717465122e-08,1.278335285661506e-07,1.8570026365170146e-07,2.670598032033825e-07,4.493593630803296e-07,6.278976674541515e-07,8.704316180657669e-07,1.1972992737932112e-06,1.6344550055703034e-06,2.214787750893674e-06,2.9796863098799895e-06,3.980895203447257e-06,5.847703695415683e-06,7.665530983802895e-06,9.990796066929814e-06,1.2948447334951769e-05,1.668998113451327e-05,2.1398158122888075e-05,2.729239530487522e-05,3.463488747216118e-05,4.373754160747546e-05,5.848127581314378e-05,7.291690378398854e-05,9.053427734730606e-05,0.00011194759710842238,0.00013787229343485547,0.00016913875338462098,0.00020670748360413776,0.00025168583018042606,0.00030534633899585473,0.0003691469130251771,0.00044475283903691636,0.0005534932722905789,0.0006613154010896201,0.0007877550638962148,0.0009356033312970984,0.0011080050568848235,0.0013084955995526428,0.0015410406770404812,0.0018100795729413793,0.0021205720196981986,0.0024780490874008777,0.0028886685400230016,0.0033592750792489183,0.003978652326908281,0.004601285702811416,0.00530999920338082,0.0061151626794249585,0.007028235650280122,0.00806187441886314,0.009230051778822329,0.010548191574650782,0.012033320717366484,0.013704242363853026,0.01558173416693884,0.01768877711724424,0.02005082154174397,0.022960759613482054,0.0259413282909874,0.029272736411898686,0.032994104733633255,0.03714930203979463,0.04178772569453962,0.04696526757428541,0.052745523144017405,0.059201323681753334,0.06641670468501325,0.07448947324199645,0.08353461387681438,0.09428654061736007,0.10574722453905423,0.11868446999429763,0.133350466332153,0.1500676878638734,0.16926050959348604,0.19150803205070138,0.21763867501881093,0.24891591065765045,0.2874533303773152,0.3381933035169337,0.40990545692380015,0.0,0.0,0.0,0.0,0.0,0.0,0.0,0.0,0.0,0.0,0.0,0.0,0.0,0.0,0.0,0.0,0.0,0.0,0.0,0.0,0.0,0.0,0.0,0.0,0.0,0.0,0.0,0.0,0.0,0.0,0.0,0.0,0.0,0.0,0.0,0.0,0.0,0.0,0.0,0.0,0.0,0.0,0.0,0.0,0.0,0.0,0.0,0.0,0.0,0.0,0.0,0.0,0.0,0.0,0.0,0.0,0.0,0.0,0.0,0.0,0.0,0.0,0.0,0.0,0.0,0.0,0.0,0.0,0.0,0.0,0.0,0.0,0.0,0.0,0.0,0.0,0.0,0.0,0.0,0.0,0.0,0.0,0.0,0.0,0.0,0.0,0.0,0.0,0.0,0.0,0.0,0.0,0.0,0.0,0.0,0.0,0.0,0.0,0.0,0.0,0.0,0.0,0.0,0.0,0.0
0.0086888855934143,2.1432910101675182e-10,0.0,0.0,0.0,0.0,0.0,1.1402247143509482e-09,1.9147356586443408e-09,3.1625446548505867e-09,7.545663824055108e-09,1.1911152095382127e-08,1.8546281604839817e-08,2.849190410311015e-08,5.560572454873965e-08,8.226641235175804e-08,1.2044542562269616e-07,1.7455025643128796e-07,2.5045424815561496e-07,3.559141770104273e-07,5.904809667505003e-07,8.16678908522508e-07,1.120894093607978e-06,1.5269419265288867e-06,2.064946921033173e-06,2.772751936929192e-06,3.697591244786731e-06,4.898049850938524e-06,7.135522521467622e-06,9.2824860169357e-06,1.200867508831217e-05,1.5451717455737834e-05,1.9777402897659907e-05,2.5184482923075442e-05,3.191012819164628e-05,4.023609551537145e-05,5.049567160331764e-05,6.717475472626081e-05,8.327659542223203e-05,0.00010282051200306398,0.0001264499570771307,0.00015491086488726705,0.00018906502417286605,0.00022990481809788914,0.00027856937913094387,0.0003363623005905405,0.00040477098754453057,0.00048548774782226423,0.0006022648448595539,0.0007165448038741572,0.0008500258146634102,0.001005505261507267,0.001186124584505536,0.0013954039336600615,0.0016372796840736887,0.0019161450687814345,0.0022368941996349354,0.0026049698318879413,0.0030264152469705544,0.003507930749609316,0.004145644999036657,0.004779416767633475,0.005498738364805487,0.006313672324390865,0.007235316235068307,0.008275903454025242,0.0094489158265709,0.01076921045805743,0.012253163285923597,0.013918832640406787,0.015786146901435115,0.017877121260116195,0.020478779915419333,0.02311333958981097,0.026054145944631922,0.029334619275510482,0.03299207975468234,0.03706835459000196,0.04161052178825692,0.04667183111290319,0.05231285716688469,0.05860296114155632,0.06562216916071864,0.0734636226377579,0.08283551523830789,0.09270410713067448,0.10379254251131806,0.11629319635111256,0.13044645262423965,0.14655978884056067,0.1650379874815218,0.18643362485504641,0.21153750332399307,0.24155626128073301,0.2794141511341679,0.3272142507226007,0.39588126097926624,0.0,0.0,0.0,0.0,0.0,0.0,0.0,0.0,0.0,0.0,0.0,0.0,0.0,0.0,0.0,0.0,0.0,0.0,0.0,0.0,0.0,0.0,0.0,0.0,0.0,0.0,0.0,0.0,0.0,0.0,0.0,0.0,0.0,0.0,0.0,0.0,0.0,0.0,0.0,0.0,0.0,0.0,0.0,0.0,0.0,0.0,0.0,0.0,0.0,0.0,0.0,0.0,0.0,0.0,0.0,0.0,0.0,0.0,0.0,0.0,0.0,0.0,0.0,0.0,0.0,0.0,0.0,0.0,0.0,0.0,0.0,0.0,0.0,0.0,0.0,0.0,0.0,0.0,0.0,0.0,0.0,0.0,0.0,0.0,0.0,0.0,0.0,0.0,0.0,0.0,0.0,0.0,0.0,0.0,0.0,0.0,0.0,0.0,0.0,0.0,0.0,0.0,0.0,0.0
0.0086974900261778,2.2339127096386741e-10,0.0,0.0,0.0,0.0,0.0,1.1395435652074631e-09,1.913137766412617e-09,3.1594981454674344e-09,7.539785033190496e-09,1.1901299179111408e-08,1.8530174108871944e-08,2.8465833198579107e-08,5.5559141183965296e-08,8.219487521649246e-08,1.2033585382044646e-07,1.7438489788663595e-07,2.502082841248889e-07,3.555515393350154e-07,5.899261537163703e-07,8.158831959852133e-07,1.1197633907506597e-06,1.5253518419342821e-06,2.0627319395082423e-06,2.769694918224239e-06,3.693408033952383e-06,4.892372490536012e-06,7.12769834900302e-06,9.272034603506935e-06,1.1994814841071018e-05,1.543346503475105e-05,1.9753523112096936e-05,2.515343980942764e-05,3.187001989926053e-05,4.0184576567045396e-05,5.042987522434974e-05,6.709030467425108e-05,8.316990422439573e-05,0.00010268639853095945,0.00012628219025362085,0.00015470197975650017,0.00018880611762251868,0.00022958530890790878,0.00027817674184133856,0.0003358817642120296,0.0004041851895076833,0.0004847763487171356,0.0006014000857638331,0.0007155023752684951,0.0008487735420909877,0.0010040059216470311,0.0011843352323657797,0.0013932751582854017,0.0016347547751739515,0.0019131590978391372,0.0022333730092099872,0.0026008288976569986,0.0030215584453007057,0.0035022489701896954,0.00413900029362776,0.004771681906296352,0.005489755287637577,0.006303262801290878,0.007223279552612889,0.008262013841194602,0.009432919545907794,0.010750822572948973,0.012232063992342472,0.01389466312948685,0.015758504632933226,0.017845554592362582,0.020442749722687982,0.023072306505951594,0.02600746957920976,0.02928157841774688,0.032931860647365925,0.03700003680636153,0.041533061191880126,0.04658403896281702,0.052213374195113134,0.05849022503322677,0.06549437306519029,0.07331866145306011,0.08267092065533035,0.09251694772651507,0.10357928685483334,0.1160495305675922,0.1301670066684111,0.1462377193158267,0.16466431067237478,0.18599608485851185,0.21101849658727279,0.24092861303903557,0.2786318573718658,0.3261807400446815,0.39430958286849144,0.5635981304889137,0.0,0.0,0.0,0.0,0.0,0.0,0.0,0.0,0.0,0.0,0.0,0.0,0.0,0.0,0.0,0.0,0.0,0.0,0.0,0.0,0.0,0.0,0.0,0.0,0.0,0.0,0.0,0.0,0.0,0.0,0.0,0.0,0.0,0.0,0.0,0.0,0.0,0.0,0.0,0.0,0.0,0.0,0.0,0.0,0.0,0.0,0.0,0.0,0.0,0.0,0.0,0.0,0.0,0.0,0.0,0.0,0.0,0.0,0.0,0.0,0.0,0.0,0.0,0.0,0.0,0.0,0.0,0.0,0.0,0.0,0.0,0.0,0.0,0.0,0.0,0.0,0.0,0.0,0.0,0.0,0.0,0.0,0.0,0.0,0.0,0.0,0.0,0.0,0.0,0.0,0.0,0.0,0.0,0.0,0.0,0.0,0.0,0.0,0.0,0.0,0.0,0.0,0.0
0.0092400542259216,2.0124749539123152e-10,0.0,0.0,0.0,0.0,0.0,1.0872136471281124e-09,1.8205082790395186e-09,2.9995973989557137e-09,7.187304473712286e-09,1.1314321473672523e-08,1.7570695791763135e-08,2.6927013162357013e-08,4.073554441553719e-08,7.794608199518345e-08,1.1383880203532442e-07,1.6458834888905945e-07,2.3563281611916245e-07,3.341373725933793e-07,4.694608420644145e-07,7.687578982406362e-07,1.0528472338944723e-06,1.43128616370046e-06,1.931763066781617e-06,2.5890029134466506e-06,3.4462737961176175e-06,4.557155881718425e-06,6.665602988338911e-06,8.655089860880336e-06,1.1177053022356218e-05,1.4356987195966686e-05,1.83458431620223e-05,2.3324326770219423e-05,2.9507780985924867e-05,3.715168493181289e-05,4.655785040765329e-05,5.808136208777754e-05,7.689403159116195e-05,9.480078240804181e-05,0.0001164218423678675,0.00014242990801145776,0.00017360124750398327,0.00021082872351253052,0.00025513608401387,0.00030769358931509455,0.00036983505811513195,0.00044307645080473586,0.0005291360589667959,0.0006544261028467203,0.0007754285818201451,0.0009162212451582408,0.0010796070588563367,0.0012687236485359465,0.0014870760323068828,0.0017385719798678097,0.0020275602761375866,0.0023588721280405857,0.002737866074196054,0.003170476731525808,0.0036632678732022015,0.004320251663661217,0.004965648773463204,0.005696134121613708,0.006521483545047041,0.007452457882268792,0.008500898019027096,0.009679831279843655,0.01100359135676939,0.012487954210886141,0.014150293162146632,0.01600975699129696,0.01808747598893731,0.02068781717718963,0.02329631166647307,0.026202281666370203,0.029437699645424562,0.03303824803677102,0.03704389905690071,0.0414996254220071,0.04645628062188718,0.05197170148091704,0.05811210620145151,0.06495389124116085,0.0731844923187191,0.08174552467004116,0.09132673573561725,0.10207803466247252,0.11418319954976378,0.12787193562364285,0.14343815205678828,0.1612688996980675,0.18189274068446162,0.20606640303995444,0.23494501259190576,0.27142037420343834,0.3173293774997295,0.3832347712749501,0.0,0.0,0.0,0.0,0.0,0.0,0.0,0.0,0.0,0.0,0.0,0.0,0.0,0.0,0.0,0.0,0.0,0.0,0.0,0.0,0.0,0.0,0.0,0.0,0.0,0.0,0.0,0.0,0.0,0.0,0.0,0.0,0.0,0.0,0.0,0.0,0.0,0.0,0.0,0.0,0.0,0.0,0.0,0.0,0.0,0.0,0.0,0.0,0.0,0.0,0.0,0.0,0.0,0.0,0.0,0.0,0.0,0.0,0.0,0.0,0.0,0.0,0.0,0.0,0.0,0.0,0.0,0.0,0.0,0.0,0.0,0.0,0.0,0.0,0.0,0.0,0.0,0.0,0.0,0.0,0.0,0.0,0.0,0.0,0.0,0.0,0.0,0.0,0.0,0.0,0.0,0.0,0.0,0.0,0.0,0.0,0.0,0.0,0.0,0.0,0.0,0.0,0.0
0.0097988514900207,2.0213972284957975e-10,0.0,0.0,0.0,0.0,0.0,0.0,1.7358119059669002e-09,2.8523898119134264e-09,4.6108313346548185e-09,1.0776074238904869e-08,1.6692129489117067e-08,2.5518254502407182e-08,3.8515331747710037e-08,7.405660627404695e-08,1.0789719119468037e-07,1.5563839392678828e-07,2.2232879446683694e-07,3.146092261811665e-07,4.4113510269069275e-07,7.257900433731734e-07,9.918947709734025e-07,1.3456906841902184e-06,1.8127071914437578e-06,2.4249076561582504e-06,3.22205638555912e-06,4.2533183973056876e-06,5.579120241373405e-06,8.096161705883798e-06,1.0436900911479051e-05,1.3383593049666969e-05,1.707413764591442e-05,2.1673400819521763e-05,2.7377570134727385e-05,3.4419096619770436e-05,4.307222995751097e-05,5.365922896616318e-05,7.124866007735201e-05,8.771340506767833e-05,0.00010756700755280569,0.00013141829688488357,0.00015996902627608492,0.0001940254220386981,0.00023451087202733817,0.00028247975445853794,0.00033913253900719453,0.00040583218040005596,0.00048412195657137583,0.0005999238782664827,0.0007100255686603026,0.0008379978728866074,0.0009863512247494195,0.0011578929560797956,0.00135575592472136,0.001583429455049871,0.001844792709050377,0.0021441507559998604,0.0024862735959773675,0.002876438436468992,0.003320475592717172,0.0039205600907387525,0.004501920067162081,0.0051593074227311,0.005901370136669613,0.006737614516776002,0.007678485817948581,0.008735458114985214,0.009921135088565392,0.011249363747402319,0.01273536347942985,0.014395873505404385,0.016249322405136636,0.018594721879225534,0.020918661040699442,0.023504420008842376,0.026379563755368363,0.02957473795792585,0.033124126008591576,0.03706600404173087,0.04144342159065215,0.046305044919212675,0.051706213614995146,0.057710280578550405,0.0643903346873716,0.07246344695964144,0.08080137940311338,0.09012045719173413,0.10056416872526205,0.11230846129233066,0.12557331024929494,0.1406402571107757,0.1578801816570492,0.1777997303982093,0.20112450746948476,0.22995716678192568,0.2641815037730712,0.30836311863207577,0.37174109430894026,0.0,0.0,0.0,0.0,0.0,0.0,0.0,0.0,0.0,0.0,0.0,0.0,0.0,0.0,0.0,0.0,0.0,0.0,0.0,0.0,0.0,0.0,0.0,0.0,0.0,0.0,0.0,0.0,0.0,0.0,0.0,0.0,0.0,0.0,0.0,0.0,0.0,0.0,0.0,0.0,0.0,0.0,0.0,0.0,0.0,0.0,0.0,0.0,0.0,0.0,0.0,0.0,0.0,0.0,0.0,0.0,0.0,0.0,0.0,0.0,0.0,0.0,0.0,0.0,0.0,0.0,0.0,0.0,0.0,0.0,0.0,0.0,0.0,0.0,0.0,0.0,0.0,0.0,0.0,0.0,0.0,0.0,0.0,0.0,0.0,0.0,0.0,0.0,0.0,0.0,0.0,0.0,0.0,0.0,0.0,0.0,0.0,0.0,0.0,0.0,0.0,0.0
0.01,1.978528551812726e-10,0.0,0.0,0.0,0.0,0.0,0.0,1.7073343512287667e-09,2.803127954030143e-09,4.527630284675494e-09,1.0596226384020636e-08,1.6399886044065904e-08,2.504922404271331e-08,3.777674320201142e-08,7.27614293784144e-08,1.0591975815897114e-07,1.5266213210262172e-07,2.1790820238079572e-07,3.081249301229091e-07,4.3173603642798345e-07,7.115229155766164e-07,9.716712892718807e-07,1.3173100972720811e-06,1.7732594904151703e-06,2.3705743917445536e-06,3.1478679183219206e-06,4.152851768979774e-06,5.444138603784373e-06,7.911402377157778e-06,1.0192400907765387e-05,1.3062251067848553e-05,1.6654589474748314e-05,2.1129088289604198e-05,2.667567369428649e-05,3.351926845197861e-05,4.192512311758502e-05,5.220477180419424e-05,6.939167983026497e-05,8.538346808622322e-05,0.00010465771203130414,0.00012780243988611407,0.00015549513937640044,0.00018851385750576536,0.0002277493421246344,0.0002742183223155198,0.0003290779479958699,0.00039364151742745935,0.0004693955288150291,0.0005820948365684535,0.0006886413337697714,0.0008124345107828737,0.0009558901009964297,0.0011217085588455192,0.0013129024098110335,0.0015328257460772124,0.0017852060600083066,0.0020741786051702397,0.0024043235561434675,0.0027807062231832522,0.0032089206968654712,0.0037905157537860014,0.004351109777058946,0.004984805161064096,0.005699887810319112,0.006505461759132515,0.007411525245635573,0.008429055448086552,0.009570103375314797,0.01084790072468674,0.012276980954749092,0.013873317350539321,0.015654481453342275,0.017917677202284706,0.020150046259900325,0.022632859860978034,0.025392299685312314,0.028457436183207774,0.0318606493967332,0.03563813851655346,0.03983054466044026,0.04448371970117006,0.049649685614756425,0.05538784591767405,0.06176653529053638,0.06949657136885112,0.07744365656086652,0.08631451641149318,0.0962411025933195,0.1073842390913227,0.11994354298957484,0.1341722614438084,0.15040038062063163,0.16907246505815648,0.1908136647654868,0.2175596277169205,0.24882399338058528,0.28832060171094115,0.34224627988350903,0.43478753713583873,0.0,0.0,0.0,0.0,0.0,0.0,0.0,0.0,0.0,0.0,0.0,0.0,0.0,0.0,0.0,0.0,0.0,0.0,0.0,0.0,0.0,0.0,0.0,0.0,0.0,0.0,0.0,0.0,0.0,0.0,0.0,0.0,0.0,0.0,0.0,0.0,0.0,0.0,0.0,0.0,0.0,0.0,0.0,0.0,0.0,0.0,0.0,0.0,0.0,0.0,0.0,0.0,0.0,0.0,0.0,0.0,0.0,0.0,0.0,0.0,0.0,0.0,0.0,0.0,0.0,0.0,0.0,0.0,0.0,0.0,0.0,0.0,0.0,0.0,0.0,0.0,0.0,0.0,0.0,0.0,0.0,0.0,0.0,0.0,0.0,0.0,0.0,0.0,0.0,0.0,0.0,0.0,0.0,0.0,0.0,0.0,0.0,0.0,0.0,0.0,0.0
0.0103652773857117,1.912963005865098e-10,0.0,0.0,0.0,0.0,0.0,0.0,1.6586871228865888e-09,2.7186925258145043e-09,4.384729525993046e-09,1.0287762447913593e-08,1.589651482311392e-08,2.424383904690442e-08,3.650846350868436e-08,5.4307152269438395e-08,1.0252451065471407e-07,1.4755386594222909e-07,2.1032437269216774e-07,2.970063035468099e-07,4.1562788167394554e-07,5.765513961252949e-07,9.370137936955172e-07,1.2686996611577154e-06,1.7057270121645562e-06,2.2776054997356627e-06,3.0209857558908166e-06,3.9811120670757965e-06,5.213509091337556e-06,7.59563201430322e-06,9.774727443878834e-06,1.2513580850382566e-05,1.5938568627020347e-05,2.0200565751832057e-05,2.547887403716016e-05,3.198565851529603e-05,3.997091460028507e-05,4.972803246563237e-05,6.159998396101854e-05,8.141720265891036e-05,9.970728011330083e-05,0.00012165225757815773,0.00014788861937035854,0.0001791467879981673,0.00021626240401194876,0.00026018862235094775,0.00031200950928180474,0.00037295459464396915,0.00044441465188319013,0.0005279587894194692,0.0006523812942469003,0.0007691036304271652,0.000904275477699256,0.001060417439192713,0.0012403396100539687,0.001447168705434895,0.0016843773054420396,0.0019558153895645786,0.002265744386221869,0.0026188739837458043,0.0030204020128299226,0.00347605773758657,0.004096371999545801,0.004690145846490669,0.005359783464711989,0.006113716141850231,0.006961195147680317,0.007912368076433855,0.00897836407136568,0.010171389552212178,0.011504836335558504,0.01299340449603476,0.014653242911731078,0.016502111057060617,0.0188572538420303,0.02116758133621883,0.023733297179309866,0.026580881954632096,0.02973975862443604,0.03324273068810897,0.03712651463237416,0.04143239308600164,0.04620702432554773,0.051503456701302505,0.05738241551125344,0.06454439827168228,0.07184627117122033,0.07997934884836579,0.08905767249607399,0.09921884544821988,0.11063163524845941,0.12350709244262989,0.13811540746599954,0.15481260687284867,0.1740851877745938,0.19663010254930496,0.22455920816032596,0.2575814142176983,0.30017340051213715,0.36121839805411243,0.0,0.0,0.0,0.0,0.0,0.0,0.0,0.0,0.0,0.0,0.0,0.0,0.0,0.0,0.0,0.0,0.0,0.0,0.0,0.0,0.0,0.0,0.0,0.0,0.0,0.0,0.0,0.0,0.0,0.0,0.0,0.0,0.0,0.0,0.0,0.0,0.0,0.0,0.0,0.0,0.0,0.0,0.0,0.0,0.0,0.0,0.0,0.0,0.0,0.0,0.0,0.0,0.0,0.0,0.0,0.0,0.0,0.0,0.0,0.0,0.0,0.0,0.0,0.0,0.0,0.0,0.0,0.0,0.0,0.0,0.0,0.0,0.0,0.0,0.0,0.0,0.0,0.0,0.0,0.0,0.0,0.0,0.0,0.0,0.0,0.0,0.0,0.0,0.0,0.0,0.0,0.0,0.0,0.0,0.0,0.0,0.0,0.0,0.0,0.0,0.0
0.0109393319129944,1.2077611488811026e-10,0.0,0.0,0.0,0.0,0.0,0.0,1.5884771306548335e-09,2.597889639278314e-09,4.179152033151965e-09,9.843549196154375e-09,1.517239582552888e-08,2.3085336713415987e-08,3.46857803306861e-08,5.1485063343179095e-08,9.764424936311767e-08,1.4021735788222385e-07,1.9944163740487915e-07,2.8106456905786543e-07,3.925510981130532e-07,5.435200251753295e-07,8.873636829317611e-07,1.1991204718856862e-06,1.6091464126431252e-06,2.144757868483313e-06,2.8398265852889654e-06,3.7361031980612435e-06,4.884748583048142e-06,6.348106673018847e-06,9.179509900109425e-06,1.1732291521333487e-05,1.49197647089287e-05,1.8880400747806578e-05,2.377854120090866e-05,2.980839478458692e-05,3.719851503135222e-05,4.6216795310292123e-05,5.717602498090393e-05,7.579714022682315e-05,9.269752272517617e-05,0.00011294956141524259,0.00013713230665498983,0.00016590953415558456,0.00020003980403329171,0.00024038742858854457,0.0002879343981217216,0.0003437933262826636,0.0004092214690039895,0.00048563588880285986,0.0006013304970530605,0.0007081334570169977,0.0008316912616726474,0.0009742744239250038,0.0011384117409208414,0.0013269141898277208,0.0015429006251336957,0.001789825461037701,0.0020715084897964114,0.002392167059870412,0.0027564508513590867,0.0031694795474766016,0.0037399705976078053,0.0042781122162353,0.0048844587083548005,0.00556651525536586,0.006332506131733376,0.007191439872370014,0.008153181745975048,0.00922853479884876,0.010429330957926109,0.011768534083266889,0.013260357215984364,0.01492039684507861,0.017060832178527045,0.01913294894313475,0.021431424382751973,0.023979267150470697,0.026801952118513647,0.029927769676169717,0.03338824662578178,0.037218657845561415,0.04145865415832039,0.046153040649826116,0.05135275227763508,0.05711609159497854,0.06417495816403893,0.07131619084424759,0.07925993883778065,0.08811572762624262,0.09801573456635126,0.109122104645978,0.12163765120529686,0.13582207993231782,0.1520176840234105,0.170692306683128,0.19358797867794736,0.21961515461873732,0.2515251673740319,0.2926441451864219,0.3515183238115463,0.0,0.0,0.0,0.0,0.0,0.0,0.0,0.0,0.0,0.0,0.0,0.0,0.0,0.0,0.0,0.0,0.0,0.0,0.0,0.0,0.0,0.0,0.0,0.0,0.0,0.0,0.0,0.0,0.0,0.0,0.0,0.0,0.0,0.0,0.0,0.0,0.0,0.0,0.0,0.0,0.0,0.0,0.0,0.0,0.0,0.0,0.0,0.0,0.0,0.0,0.0,0.0,0.0,0.0,0.0,0.0,0.0,0.0,0.0,0.0,0.0,0.0,0.0,0.0,0.0,0.0,0.0,0.0,0.0,0.0,0.0,0.0,0.0,0.0,0.0,0.0,0.0,0.0,0.0,0.0,0.0,0.0,0.0,0.0,0.0,0.0,0.0,0.0,0.0,0.0,0.0,0.0,0.0,0.0,0.0,0.0,0.0,0.0,0.0,0.0
0.0114975699539774,1.1766496071890366e-10,0.0,0.0,0.0,0.0,0.0,0.0,0.0,2.4908651093837666e-09,3.998558914900239e-09,6.318706758576019e-09,1.453629221844735e-08,2.2068214549983358e-08,3.308675383953513e-08,4.901180620342634e-08,7.176223407656546e-08,1.3378774209710137e-07,1.8991305336257446e-07,2.671208316048111e-07,3.7238737268360234e-07,5.14686940846383e-07,7.054718953601371e-07,1.1383865024841294e-06,1.5249291370272286e-06,2.029031166833545e-06,2.6821713255140473e-06,3.523089601138541e-06,4.599192657906351e-06,5.96817090366788e-06,7.69985411587471e-06,1.1054516172859363e-05,1.4036766814468067e-05,1.7737257438916142e-05,2.2307523875175304e-05,2.7926424023552476e-05,3.480419009580814e-05,4.3186953451344125e-05,5.3361770160392545e-05,6.566218505707003e-05,8.665718640650916e-05,0.0001054565193381905,0.00012787849623607564,0.00015453026397418862,0.00018610494686685638,0.00022339149564519871,0.0002672853873472987,0.0003188002229553089,0.0003790802770527003,0.000449414053512475,0.0005312489102449437,0.0006559899533150471,0.0007696580781507063,0.0009007036220119648,0.0010514184015510805,0.0012243476097559308,0.0014223126022032228,0.001648435384290324,0.0019061649672643358,0.0021993057180363126,0.002532047982651039,0.002909001148504729,0.0033352294794551937,0.00392833853312739,0.004481216551413563,0.005102596286946018,0.005799847438695061,0.006581032194611905,0.007454967550006789,0.008431294716774285,0.009520556833971596,0.01073428647774343,0.012085104765395665,0.01358683427290539,0.015254628522224591,0.01741989834248719,0.019495076897599113,0.02179281312487501,0.024335403565881212,0.027147523794902824,0.03025656733626482,0.033693054358826593,0.03749112882062448,0.04168916895863141,0.046330544513626885,0.05146456644771106,0.05780969772487401,0.06414517565481943,0.07117215117188036,0.07897986035092713,0.08767457407059863,0.09738463892459674,0.1082676401024837,0.12052089245042484,0.13439737185102124,0.15023099584132305,0.16847899507016836,0.19092173297604675,0.21635005921321138,0.24754334896121105,0.28781017643699697,0.3457917778163852,0.0,0.0,0.0,0.0,0.0,0.0,0.0,0.0,0.0,0.0,0.0,0.0,0.0,0.0,0.0,0.0,0.0,0.0,0.0,0.0,0.0,0.0,0.0,0.0,0.0,0.0,0.0,0.0,0.0,0.0,0.0,0.0,0.0,0.0,0.0,0.0,0.0,0.0,0.0,0.0,0.0,0.0,0.0,0.0,0.0,0.0,0.0,0.0,0.0,0.0,0.0,0.0,0.0,0.0,0.0,0.0,0.0,0.0,0.0,0.0,0.0,0.0,0.0,0.0,0.0,0.0,0.0,0.0,0.0,0.0,0.0,0.0,0.0,0.0,0.0,0.0,0.0,0.0,0.0,0.0,0.0,0.0,0.0,0.0,0.0,0.0,0.0,0.0,0.0,0.0,0.0,0.0,0.0,0.0,0.0,0.0,0.0,0.0,0.0
0.0115191079139709,1.1897619945821626e-10,0.0,0.0,0.0,0.0,0.0,0.0,0.0,2.4869291248895312e-09,3.9917932733559175e-09,6.307819408459865e-09,1.451277568112606e-08,2.203075200179986e-08,3.30282445973595e-08,4.8921131639775205e-08,7.162431091401763e-08,1.33551552915174e-07,1.895641710034242e-07,2.666103278867759e-07,3.7164966484771917e-07,5.13632826420007e-07,7.039815935282955e-07,1.1361658667279243e-06,1.5218513075776162e-06,2.0248047840031557e-06,2.676416261370418e-06,3.5153177964474026e-06,4.588780093543183e-06,5.954322880372496e-06,7.681569486296522e-06,1.1029815585479761e-05,1.4004602912184682e-05,1.7695636671663163e-05,2.225399084751556e-05,2.7857966287592124e-05,3.471713408408105e-05,4.307683893029173e-05,5.322320706913758e-05,6.54886894317702e-05,8.643781268159639e-05,0.00010518450043627948,0.00012754269516520496,0.00015411750207251423,0.00018559968701261764,0.00022277548597931807,0.0002665372608539242,0.0003178950490403502,0.000377989059270426,0.0004481031744096785,0.0005296795048460045,0.000654103530071005,0.0007674146766910013,0.0008980439036076484,0.0010482745297231597,0.0012206422017541677,0.0014179576112345797,0.0016433308470676488,0.0019001976298810778,0.002192347538310821,0.002523954471647467,0.002899609561989953,0.0033243568146140304,0.003915732836008907,0.004466688668553041,0.005085887891605618,0.005780669718698096,0.006559062604803301,0.0074298462095118605,0.008402620401470436,0.009487882510450326,0.010697114286375263,0.012042880390788619,0.01353894057444714,0.015200378296356154,0.017358417872393984,0.01942561311856459,0.021714413678440098,0.024247004547955472,0.027047934752665474,0.0301444535195333,0.03356691553077838,0.03734927375263359,0.04152968436886086,0.04615125687053388,0.051262994417494476,0.05758287920512609,0.06388993785334189,0.07088465991060752,0.07865560565567993,0.08730819138570473,0.09696966145464468,0.10779614603801627,0.11998298570003652,0.13378038725517846,0.14951822270544116,0.167647499884816,0.18993905106826792,0.21516413812315513,0.24606464137985395,0.28585180898343365,0.34278201109613793,0.0,0.0,0.0,0.0,0.0,0.0,0.0,0.0,0.0,0.0,0.0,0.0,0.0,0.0,0.0,0.0,0.0,0.0,0.0,0.0,0.0,0.0,0.0,0.0,0.0,0.0,0.0,0.0,0.0,0.0,0.0,0.0,0.0,0.0,0.0,0.0,0.0,0.0,0.0,0.0,0.0,0.0,0.0,0.0,0.0,0.0,0.0,0.0,0.0,0.0,0.0,0.0,0.0,0.0,0.0,0.0,0.0,0.0,0.0,0.0,0.0,0.0,0.0,0.0,0.0,0.0,0.0,0.0,0.0,0.0,0.0,0.0,0.0,0.0,0.0,0.0,0.0,0.0,0.0,0.0,0.0,0.0,0.0,0.0,0.0,0.0,0.0,0.0,0.0,0.0,0.0,0.0,0.0,0.0,0.0,0.0,0.0,0.0,0.0
0.0121065125465393,1.1573220828837931e-10,0.0,0.0,0.0,0.0,0.0,0.0,0.0,2.3854327600637086e-09,3.819982629022087e-09,6.0228580381313725e-09,1.3907447990655563e-08,2.1063744513994062e-08,3.150967884109963e-08,4.657491794884767e-08,6.805327961987081e-08,1.2745051242377918e-07,1.8053259747608722e-07,2.5340833282297724e-07,3.5257848863159056e-07,4.863906728451549e-07,6.654794085483764e-07,1.0787794781532732e-06,1.4423611281902438e-06,1.9156886730990347e-06,2.5279197031871472e-06,3.314881984340497e-06,4.320352784790888e-06,5.597526146107409e-06,7.2106992482193435e-06,1.0393464948503958e-05,1.3176373375023076e-05,1.6624413371085993e-05,2.087680322655189e-05,2.6097644147448235e-05,3.247957669049592e-05,4.02478580949096e-05,4.9664878582614604e-05,6.103516182859507e-05,7.471087936364548e-05,9.820365399779538e-05,0.00011892857364698215,0.00014353344617446507,0.0001726489591485173,0.0002069922186301136,0.0002473762914346537,0.00029472053811764305,0.00035006178516797483,0.000414566372027799,0.0004895431344160861,0.0005764573716339408,0.0007100605352339018,0.0008300703419481817,0.0009679554335173862,0.0011260095501608425,0.0013067728248452866,0.0015130533176852434,0.001747950144678643,0.0020148783387788785,0.0023175956072804186,0.0026602311846753903,0.0030473170216449704,0.0035945647541969004,0.0040966682264503675,0.00466046998738047,0.0052925402957639915,0.006000057357477623,0.006790860557893143,0.007673509500149334,0.008657349837980883,0.00975258706309065,0.010970369676957243,0.012322883488771457,0.01382345916594202,0.015798403537119286,0.017663781813947097,0.019726837128814262,0.022006983775489278,0.024525634620554713,0.027306471951450202,0.030375771479131432,0.033762793055559154,0.03750025599124563,0.04162492262046559,0.04617832206166194,0.051207657687916894,0.057463747755285344,0.06365506086594364,0.07051267501181029,0.07812192020440946,0.08658438343061377,0.09602270938700248,0.10658741558271995,0.11846686263044794,0.13190237390665008,0.14721218689042986,0.165971535306544,0.18656268771698933,0.21103723541387867,0.24099191095943764,0.2795280174304629,0.33461947498437905,0.0,0.0,0.0,0.0,0.0,0.0,0.0,0.0,0.0,0.0,0.0,0.0,0.0,0.0,0.0,0.0,0.0,0.0,0.0,0.0,0.0,0.0,0.0,0.0,0.0,0.0,0.0,0.0,0.0,0.0,0.0,0.0,0.0,0.0,0.0,0.0,0.0,0.0,0.0,0.0,0.0,0.0,0.0,0.0,0.0,0.0,0.0,0.0,0.0,0.0,0.0,0.0,0.0,0.0,0.0,0.0,0.0,0.0,0.0,0.0,0.0,0.0,0.0,0.0,0.0,0.0,0.0,0.0,0.0,0.0,0.0,0.0,0.0,0.0,0.0,0.0,0.0,0.0,0.0,0.0,0.0,0.0,0.0,0.0,0.0,0.0,0.0,0.0,0.0,0.0,0.0,0.0,0.0,0.0,0.0,0.0,0.0,0.0
0.0126996386528015,1.1184387626780391e-10,0.0,0.0,0.0,0.0,0.0,0.0,0.0,0.0,3.662279309199879e-09,5.761470954873037e-09,8.92864280931154e-09,2.0176531908390752e-08,3.011818123249529e-08,4.4426806905545536e-08,6.478712149023789e-08,9.344363159243189e-08,1.7227022102379678e-07,2.413431958576432e-07,3.351682786689838e-07,4.6154801548513595e-07,6.304044285324625e-07,8.54267448999755e-07,1.3699382848803867e-06,1.8163772075940436e-06,2.3929026021500175e-06,3.1328228596629527e-06,4.076775444755239e-06,5.274071522869071e-06,6.784234650328628e-06,8.67875342675505e-06,1.2426370060292113e-05,1.565527165338979e-05,1.963199254963838e-05,2.4507949789054308e-05,3.046068060140437e-05,3.7697531947942145e-05,4.645975481231527e-05,5.702702127927283e-05,6.972241061365947e-05,9.192364440182538e-05,0.00011118555698934858,0.00013402728466570775,0.00016102624377535018,0.0001928382877507343,0.0002302062846656029,0.0002739693867540972,0.0003250730429310813,0.0003845797843739708,0.00045368083405863697,0.0005337085838162454,0.0006588457750558265,0.0007694148003054856,0.0008963322157747534,0.0010416790373432923,0.001207757680377881,0.001397111057742295,0.0016125430435738755,0.0018571404353791223,0.002134296559638227,0.002447736631608721,0.0028015451674357488,0.0032001955537652796,0.0037686703969148703,0.004283607055599575,0.004860400665710524,0.005505490873290386,0.0062259015439091415,0.007029291540964412,0.007924011103333628,0.008919164804857589,0.010024682192735144,0.01125139752798016,0.012611140280977644,0.014116838471602607,0.016114583459542177,0.01798063474524639,0.020040770831939086,0.022313765634787062,0.02482031430321422,0.027583294651183893,0.03062808002465179,0.033982916731032396,0.03767938332645665,0.04175295462201971,0.046243701313995106,0.05189016092828611,0.057398310499032115,0.06348297468603106,0.0702141617303696,0.07767423260973992,0.08596125719516355,0.09519365864188406,0.10551680728863515,0.11711266844389188,0.13021443487515583,0.1451297096603648,0.16347230980322172,0.1835002920912563,0.2072851600268301,0.23637230824058514,0.2737646827935756,0.3271885083729267,0.0,0.0,0.0,0.0,0.0,0.0,0.0,0.0,0.0,0.0,0.0,0.0,0.0,0.0,0.0,0.0,0.0,0.0,0.0,0.0,0.0,0.0,0.0,0.0,0.0,0.0,0.0,0.0,0.0,0.0,0.0,0.0,0.0,0.0,0.0,0.0,0.0,0.0,0.0,0.0,0.0,0.0,0.0,0.0,0.0,0.0,0.0,0.0,0.0,0.0,0.0,0.0,0.0,0.0,0.0,0.0,0.0,0.0,0.0,0.0,0.0,0.0,0.0,0.0,0.0,0.0,0.0,0.0,0.0,0.0,0.0,0.0,0.0,0.0,0.0,0.0,0.0,0.0,0.0,0.0,0.0,0.0,0.0,0.0,0.0,0.0,0.0,0.0,0.0,0.0,0.0,0.0,0.0,0.0,0.0,0.0,0.0
0.0132194114846603,1.0632768370062746e-10,0.0,0.0,0.0,0.0,0.0,0.0,0.0,0.0,3.5352808837993394e-09,5.551133692315878e-09,8.58757328937781e-09,1.9463366211734756e-08,2.9000547004001622e-08,4.2703452304848965e-08,6.216912736289474e-08,8.952287588701766e-08,1.6564611775063422e-07,2.3167985993303221e-07,3.212375800804432e-07,4.416889936739845e-07,6.023937087038025e-07,8.15153640430934e-07,1.312092950820506e-06,1.7371320338578397e-06,2.285269876527214e-06,2.9878241708912504e-06,3.882959456638511e-06,5.0169288725555095e-06,6.44549974559981e-06,8.235575430204906e-06,1.1830701840658112e-05,1.4886230750401747e-05,1.8645044405341175e-05,2.3248616803431605e-05,2.886265202960182e-05,3.5680481476208096e-05,4.392682260861637e-05,5.3861936787052225e-05,6.578618539394505e-05,8.004505064589156e-05,0.0001050778973271439,0.00012653444433241126,0.00015187180092675093,0.00018169815604498726,0.00021670178725644685,0.0002576595200926376,0.0003054458527463629,0.00036104276883823245,0.00042555030534431083,0.0005001978777531651,0.0005863564398692852,0.0007218922116305049,0.0008402522098265431,0.000975690636928282,0.0011303263360267063,0.0013064976144223997,0.001506780705264743,0.001734009533613059,0.0019912969222952554,0.002282057377622635,0.002610031603864101,0.0029793129628551086,0.0035132619003961124,0.00399032121127563,0.004524295946817801,0.005121061238053043,0.0057870184582167715,0.0065291399232471565,0.007355018383654906,0.008272922084140419,0.0092918563418145,0.010421632766084368,0.01167294754457688,0.01305747043416851,0.014917052014153725,0.016631854348767593,0.018523275445136357,0.02060812721977019,0.022904893087666658,0.025433946418468356,0.02821781039138068,0.031281469387725615,0.03465274517174184,0.03836275527780565,0.04244647675737227,0.046943446536798654,0.05262780107151084,0.058134189085715826,0.06421143333202242,0.07092892427892497,0.07836842981782444,0.08662749858178759,0.09582418502591186,0.10610378337994658,0.117648724729355,0.1306936688831579,0.14675093990721544,0.1638901186137818,0.18388420473338865,0.20768712413352525,0.23692453461889273,0.274841374470096,0.3303036533358986,0.0,0.0,0.0,0.0,0.0,0.0,0.0,0.0,0.0,0.0,0.0,0.0,0.0,0.0,0.0,0.0,0.0,0.0,0.0,0.0,0.0,0.0,0.0,0.0,0.0,0.0,0.0,0.0,0.0,0.0,0.0,0.0,0.0,0.0,0.0,0.0,0.0,0.0,0.0,0.0,0.0,0.0,0.0,0.0,0.0,0.0,0.0,0.0,0.0,0.0,0.0,0.0,0.0,0.0,0.0,0.0,0.0,0.0,0.0,0.0,0.0,0.0,0.0,0.0,0.0,0.0,0.0,0.0,0.0,0.0,0.0,0.0,0.0,0.0,0.0,0.0,0.0,0.0,0.0,0.0,0.0,0.0,0.0,0.0,0.0,0.0,0.0,0.0,0.0,0.0,0.0,0.0,0.0,0.0,0.0,0.0
0.0133003933906555,1.04749480178238e-10,0.0,0.0,0.0,0.0,0.0,0.0,0.0,0.0,3.5163932016429874e-09,5.520001633982801e-09,8.536766160441107e-09,1.935727773550139e-08,2.883428300643413e-08,4.2446547424155064e-08,6.177969054469955e-08,8.894012924501359e-08,1.6466147901021637e-07,2.302433659444619e-07,3.1916859265503286e-07,4.3874083879900183e-07,5.982374670870262e-07,8.093534209315093e-07,1.0867291803706096e-06,1.7253792570219414e-06,2.269314822021338e-06,2.9663420257687978e-06,3.854258777430223e-06,4.978868607306546e-06,6.395387712154416e-06,8.170042167532449e-06,1.1742580518635169e-05,1.4772514776049834e-05,1.849917441381256e-05,2.30625727193879e-05,2.8626677147989255e-05,3.538276047534379e-05,4.355311752947039e-05,5.339515847204519e-05,6.520591948352774e-05,7.932700336939638e-05,0.00010417767070593144,0.00012543049616649688,0.00015052357582493855,0.00018005812298201197,0.00021471443170347217,0.0002552602159206388,0.00030255960292677935,0.00035758281248661543,0.00042141656376742037,0.0004952752427431478,0.0005805128778455207,0.0007149131394274299,0.0008320192366280073,0.0009660063090473018,0.001118966448206799,0.0012932081638547064,0.0014912745443416702,0.0017159627128662262,0.0019703446930996126,0.002257789811097393,0.002581988810295229,0.0029469798531716273,0.0034758766617428976,0.003947405360504901,0.004475130168250682,0.005064844404301025,0.005722859289023601,0.006456047800969586,0.007271893142207387,0.008178542762602268,0.009184868586983547,0.01030053480505716,0.011536074419574136,0.012902976248665073,0.014742447081344407,0.016435276276543644,0.01830220167554379,0.02035975490840211,0.02262610408384725,0.025121266377635242,0.02786736065360916,0.030888909884940783,0.03421320612514084,0.0378707547022289,0.04189581982150285,0.04632710145700174,0.051937140994025695,0.05736061192335646,0.06334429932041212,0.06995582976253155,0.0772747727067035,0.08539588902932266,0.09443362677563541,0.10452850431592456,0.11585645027003108,0.12864296980916448,0.14438795065517934,0.16113872404693655,0.18063462056581256,0.203767264799944,0.2320325360484178,0.26833740930514843,0.3201603386408174,0.0,0.0,0.0,0.0,0.0,0.0,0.0,0.0,0.0,0.0,0.0,0.0,0.0,0.0,0.0,0.0,0.0,0.0,0.0,0.0,0.0,0.0,0.0,0.0,0.0,0.0,0.0,0.0,0.0,0.0,0.0,0.0,0.0,0.0,0.0,0.0,0.0,0.0,0.0,0.0,0.0,0.0,0.0,0.0,0.0,0.0,0.0,0.0,0.0,0.0,0.0,0.0,0.0,0.0,0.0,0.0,0.0,0.0,0.0,0.0,0.0,0.0,0.0,0.0,0.0,0.0,0.0,0.0,0.0,0.0,0.0,0.0,0.0,0.0,0.0,0.0,0.0,0.0,0.0,0.0,0.0,0.0,0.0,0.0,0.0,0.0,0.0,0.0,0.0,0.0,0.0,0.0,0.0,0.0,0.0,0.0
0.0139068696022034,9.995319752054781e-11,0.0,0.0,0.0,0.0,0.0,0.0,0.0,0.0,0.0,5.297083164344707e-09,8.175192088125024e-09,1.2438471091339414e-08,2.764965128972224e-08,4.062228310126954e-08,5.9010873773220816e-08,8.479805331284661e-08,1.2059151305548898e-07,2.2003225548394494e-07,3.044646287918814e-07,4.1780332523779146e-07,5.6873820068154e-07,7.682056510387367e-07,1.0298780984608611e-06,1.6419938767183927e-06,2.1561816027302684e-06,2.8140959352689525e-06,3.6509693150046045e-06,4.709434861352481e-06,6.040818928036253e-06,7.706606463281917e-06,9.780099578485368e-06,1.3968335671803583e-05,1.7468136952787028e-05,2.174823708157744e-05,2.696041040666311e-05,3.328150368332043e-05,4.0916811361471755e-05,5.010379656492622e-05,6.111618230998069e-05,7.426842877913254e-05,8.992063198084371e-05,0.00011765447011081972,0.00014103103374670165,0.00016851595757861964,0.00020073374791059067,0.00023838847927848937,0.00028227189153311617,0.0003332720998642235,0.00039238294390237676,0.0004607140132089743,0.0005395013847931425,0.0006659273534998402,0.000774254147743321,0.0008980832735069166,0.0010393206751374666,0.0012000675679004734,0.0013826366076613195,0.0015895691756325557,0.0018236538821022222,0.0020879464075031795,0.0023857907998032927,0.0027208424031983976,0.0030970925885513575,0.0036473677226102016,0.004131516765913706,0.0046720887980061096,0.005274771789424105,0.005945752411573014,0.006691757960661054,0.007520102810672236,0.008438740127832805,0.009456319747205937,0.010582253288517054,0.011826787815227429,0.01320108962582134,0.015066831426361895,0.016763928505889633,0.018632351242217255,0.020688123222509038,0.022948844757091177,0.025433898557460984,0.028164694222623767,0.0311649610513872,0.03446110149267851,0.038082621406862395,0.04206265866977329,0.04716244712134519,0.0520183386157728,0.05736304110322017,0.06325273521593248,0.06975283980689273,0.07694033810408353,0.08490692698995793,0.09376337570140074,0.10364571489554181,0.11472429332657168,0.12721751571738854,0.14266934911718104,0.159009926208673,0.17801195749705084,0.20053985478452704,0.2280442299925252,0.26334489930393823,0.31369859224771396,0.0,0.0,0.0,0.0,0.0,0.0,0.0,0.0,0.0,0.0,0.0,0.0,0.0,0.0,0.0,0.0,0.0,0.0,0.0,0.0,0.0,0.0,0.0,0.0,0.0,0.0,0.0,0.0,0.0,0.0,0.0,0.0,0.0,0.0,0.0,0.0,0.0,0.0,0.0,0.0,0.0,0.0,0.0,0.0,0.0,0.0,0.0,0.0,0.0,0.0,0.0,0.0,0.0,0.0,0.0,0.0,0.0,0.0,0.0,0.0,0.0,0.0,0.0,0.0,0.0,0.0,0.0,0.0,0.0,0.0,0.0,0.0,0.0,0.0,0.0,0.0,0.0,0.0,0.0,0.0,0.0,0.0,0.0,0.0,0.0,0.0,0.0,0.0,0.0,0.0,0.0,0.0,0.0,0.0,0.0
0.0145190672874451,1.0084532491555636e-10,0.0,0.0,0.0,0.0,0.0,0.0,0.0,0.0,0.0,5.0905653185091285e-09,7.84050741161658e-09,1.1906107210048523e-08,2.6553299610686117e-08,3.893502094769988e-08,5.6453516164639966e-08,8.097661892179541e-08,1.1495675779395038e-07,2.1060813746104053e-07,2.9090896798271583e-07,3.98521900305145e-07,5.416002141692064e-07,7.303907038209051e-07,9.776843906857626e-07,1.2993422617565913e-06,2.05228689005499e-06,2.674423058302999e-06,3.464651008153329e-06,4.462732385972792e-06,5.716471447365618e-06,7.283063933664929e-06,9.230612269418982e-06,1.1639839944041327e-05,1.6526655347491203e-05,2.0549135944232684e-05,2.544156436521619e-05,3.1367794318861215e-05,3.8517824416214356e-05,4.711118671726097e-05,5.74006641048965e-05,6.96763609836743e-05,8.427014354316006e-05,0.00011059714565043777,0.00013242253641716032,0.00015805669098139198,0.00018807421265841073,0.00022312229119105328,0.00026392801319327565,0.0003113062183396243,0.000366167917959759,0.000429529318345658,0.0005025214680792324,0.0005864005701301814,0.0007221910481969813,0.0008369054623320567,0.0009676310885765389,0.0011162851816472834,0.0012849760633992546,0.0014760185230114605,0.0016919502832179482,0.0019355496103297403,0.002209854191483461,0.002518181415382928,0.0028641501895483807,0.0032517044989080015,0.003823966367792053,0.004320770951936914,0.0048742083836746195,0.005489863583944581,0.006173802042951032,0.006932609993175119,0.007773438970943839,0.008704055491594868,0.00973289671466778,0.01086913313272857,0.01212273957780505,0.013504576073501875,0.0153976826804913,0.017099386387910216,0.018969769981090023,0.021024378585473364,0.02328027864776056,0.025756257220754204,0.02847305893278785,0.03145366988894178,0.03472366043199172,0.038311602509802596,0.042249582471226385,0.047333848483077534,0.05212859781954447,0.05739965308779266,0.0632014236694879,0.0695972742664991,0.07666178292392892,0.08448379829178003,0.09317067139011742,0.10285426498485112,0.11369974829721241,0.12717915653230408,0.14110180836557865,0.15705975527056404,0.17560144570185998,0.197566181121477,0.22436293774133004,0.25873182135831624,0.3077294143966264,0.0,0.0,0.0,0.0,0.0,0.0,0.0,0.0,0.0,0.0,0.0,0.0,0.0,0.0,0.0,0.0,0.0,0.0,0.0,0.0,0.0,0.0,0.0,0.0,0.0,0.0,0.0,0.0,0.0,0.0,0.0,0.0,0.0,0.0,0.0,0.0,0.0,0.0,0.0,0.0,0.0,0.0,0.0,0.0,0.0,0.0,0.0,0.0,0.0,0.0,0.0,0.0,0.0,0.0,0.0,0.0,0.0,0.0,0.0,0.0,0.0,0.0,0.0,0.0,0.0,0.0,0.0,0.0,0.0,0.0,0.0,0.0,0.0,0.0,0.0,0.0,0.0,0.0,0.0,0.0,0.0,0.0,0.0,0.0,0.0,0.0,0.0,0.0,0.0,0.0,0.0,0.0,0.0,0.0
0.0151388936042786,9.618565871002057e-11,0.0,0.0,0.0,0.0,0.0,0.0,0.0,0.0,0.0,0.0,7.528983511652088e-09,1.1411030674378365e-08,1.706325937974689e-08,3.736608553775355e-08,5.4077885953067347e-08,7.74301087708859e-08,1.0973311825638999e-07,1.5398711179358937e-07,2.783387399721432e-07,3.8066057446303907e-07,5.164875394047137e-07,6.954345244818072e-07,9.294856551619998e-07,1.2334808870417544e-06,1.956309510361382e-06,2.545524152295996e-06,3.2928739892201378e-06,4.235502257619955e-06,5.418007687995463e-06,6.893682175691628e-06,8.725902064034282e-06,1.0989701298588432e-05,1.5661780650214642e-05,1.9448587192452638e-05,2.4048768186807392e-05,2.961440600973276e-05,3.632165603785161e-05,4.4373831405010644e-05,5.4004797704345375e-05,6.548266824783869e-05,7.911384625871546e-05,9.52474104987869e-05,0.0001245681733337228,0.00014852094734646632,0.0001765410821703717,0.00020922461143804173,0.00024724052596036714,0.00029133786960329803,0.00034235333934993085,0.0004012194170370731,0.0004689730601676429,0.0005467649752852353,0.0006358695140240129,0.0007814630257790444,0.0009027045972263044,0.0010404553518043361,0.0011966412923100536,0.0013733751993469782,0.0015729713015570845,0.0017979609608881398,0.002051109436696245,0.0023354338700585504,0.00265422258851736,0.0030110559044059394,0.0035469718290096768,0.004004550572482081,0.004513882811807363,0.0050800223202070015,0.005708451269689455,0.006405115093738561,0.007176461038851426,0.008029480967497582,0.008971759144953781,0.010011525835103237,0.011157717748352535,0.012420046560113897,0.014176360529414386,0.01573010847251584,0.01743616405902119,0.019308309364516805,0.021361632020444866,0.023612688768984515,0.026079698679546865,0.028782773003104983,0.03174419058492474,0.03498873047203661,0.038544076953310275,0.043195695721357175,0.04751285219708183,0.05224865802335662,0.05744880443413504,0.06316601741920508,0.06946170828072294,0.07640816600834231,0.08409152579304391,0.09261587798546998,0.10210910333289205,0.11273141300200773,0.12600229320063938,0.13961733838523108,0.15520909248323597,0.17330990815716368,0.19473455647927493,0.2208509384405872,0.25431922567774695,0.3019880954635151,0.0,0.0,0.0,0.0,0.0,0.0,0.0,0.0,0.0,0.0,0.0,0.0,0.0,0.0,0.0,0.0,0.0,0.0,0.0,0.0,0.0,0.0,0.0,0.0,0.0,0.0,0.0,0.0,0.0,0.0,0.0,0.0,0.0,0.0,0.0,0.0,0.0,0.0,0.0,0.0,0.0,0.0,0.0,0.0,0.0,0.0,0.0,0.0,0.0,0.0,0.0,0.0,0.0,0.0,0.0,0.0,0.0,0.0,0.0,0.0,0.0,0.0,0.0,0.0,0.0,0.0,0.0,0.0,0.0,0.0,0.0,0.0,0.0,0.0,0.0,0.0,0.0,0.0,0.0,0.0,0.0,0.0,0.0,0.0,0.0,0.0,0.0,0.0,0.0,0.0,0.0,0.0,0.0
0.0151991108295293,9.328667401923032e-11,0.0,0.0,0.0,0.0,0.0,0.0,0.0,0.0,0.0,0.0,7.500094879416239e-09,1.1365088554140253e-08,1.6991514721870616e-08,3.722033191969809e-08,5.385744020145028e-08,7.710164742563469e-08,1.0924942294151224e-07,1.53283812528449e-07,2.7717404799406405e-07,3.7900645026713745e-07,5.141635536835854e-07,6.922013430576298e-07,9.250301365820802e-07,1.22739597708609e-06,1.947435107395443e-06,2.533613130808509e-06,3.277008691650797e-06,4.21452614776617e-06,5.3904706662601835e-06,6.857775041744866e-06,8.679383783858224e-06,1.0929808593146228e-05,1.5582058537843048e-05,1.934719145200333e-05,2.3920508582549018e-05,2.945301772026641e-05,3.611960591228649e-05,4.412210702111433e-05,5.36926568444464e-05,6.509736224259022e-05,7.864030212789638e-05,9.466787577391279e-05,0.0001238468878957492,0.00014764562628234832,0.000175482852050936,0.00020794993876362434,0.0002457105870471911,0.0002895078521608241,0.0003401716698693818,0.00039862690910145044,0.00046590197256810153,0.0005431379825474505,0.0006315985711379696,0.0007763905713413109,0.000896766589709369,0.0010335226230335061,0.0011885681387253273,0.0013639976022602285,0.0015621049906202672,0.0017853992998198163,0.002036621127284987,0.00231876044462345,0.002635075682977088,0.0029891142789701597,0.003521716044510046,0.003975727995751257,0.00448105127886082,0.005042691773950187,0.0056660790924443595,0.00635710098068447,0.007122141336868918,0.007968122415258657,0.008902551919439323,0.009933575814509599,0.01107003784851115,0.01232154700843088,0.014065458000363434,0.0156058238473634,0.01729702599171578,0.01915268992726498,0.021187727930452652,0.023418499573791073,0.025863001248840774,0.028541091472589424,0.03147476065919657,0.034688456677174954,0.038209480965937924,0.04206847487692623,0.04709673794460892,0.051784769349253565,0.056931334012993245,0.06258825830240101,0.06881584902948683,0.0756850188551833,0.08328015842643736,0.09170310299690061,0.10107875049437019,0.11156325805853694,0.12467059920863167,0.13808791782741583,0.15343498726083735,0.1712231713651615,0.19222952150156472,0.21774471996646505,0.2502340735276053,0.29580498843235925,0.39204918471305245,0.0,0.0,0.0,0.0,0.0,0.0,0.0,0.0,0.0,0.0,0.0,0.0,0.0,0.0,0.0,0.0,0.0,0.0,0.0,0.0,0.0,0.0,0.0,0.0,0.0,0.0,0.0,0.0,0.0,0.0,0.0,0.0,0.0,0.0,0.0,0.0,0.0,0.0,0.0,0.0,0.0,0.0,0.0,0.0,0.0,0.0,0.0,0.0,0.0,0.0,0.0,0.0,0.0,0.0,0.0,0.0,0.0,0.0,0.0,0.0,0.0,0.0,0.0,0.0,0.0,0.0,0.0,0.0,0.0,0.0,0.0,0.0,0.0,0.0,0.0,0.0,0.0,0.0,0.0,0.0,0.0,0.0,0.0,0.0,0.0,0.0,0.0,0.0,0.0,0.0,0.0,0.0
0.0157644413948059,8.971113154268389e-11,0.0,0.0,0.0,0.0,0.0,0.0,0.0,0.0,0.0,0.0,7.239323315087607e-09,1.095092549976832e-08,1.6345258778204997e-08,3.590774506178303e-08,5.1872142451961006e-08,7.414132284587246e-08,1.0489391234456082e-07,1.4695545045048868e-07,2.666881437376912e-07,3.641239535363751e-07,4.932618627034313e-07,6.631381009869878e-07,8.849994823421033e-07,1.1727534072851163e-06,1.5434910420864887e-06,2.426622546553343e-06,3.134575837795623e-06,4.0263039083748935e-06,5.14348781621299e-06,6.535868905991114e-06,8.262531687513745e-06,1.039334409250765e-05,1.3010567265310702e-05,1.84388758659871e-05,2.2772045588337448e-05,2.800851589362162e-05,3.431191444491167e-05,4.187089763549196e-05,5.090223995499646e-05,6.16542117899456e-05,7.441025515917578e-05,8.949297542086824e-05,0.00011740403413311955,0.0001398297830771417,0.00016603725895215105,0.00019657650659954772,0.00023206432747848222,0.00027319070553714474,0.00032072567992779457,0.0003755266925742305,0.00043854643019317687,0.0005108411849360491,0.0005935797645403851,0.0007312296044004738,0.0008439163116325131,0.0009718383949213266,0.0011167592136982324,0.0012806114747776457,0.0014655103559796162,0.0016737674922564913,0.0019079059162871248,0.0021706760447279053,0.002465072811167518,0.002794354077393321,0.00316206047693492,0.0037199602312619345,0.00418979497795387,0.004711622112725877,0.005290409510805305,0.005931538460779234,0.0066408371403515335,0.00742461766088859,0.00828971726737207,0.009243544377274192,0.010294130285149188,0.01145018752583402,0.012721176121310686,0.014506927220686581,0.016067268882490455,0.017777814092204355,0.019651955781207237,0.021704348593889148,0.02395106760615133,0.026409795904505443,0.02910004778254026,0.03204343624989133,0.03526399614212384,0.03878857764846837,0.04343848831210881,0.047709968753829504,0.052390166757220615,0.05752340267022343,0.06316082559532796,0.06936201767542007,0.07619712514195429,0.08374974378330602,0.09212091324099882,0.10143478952206686,0.1131615780771474,0.12492595101787382,0.1382518066558217,0.15349948883509695,0.17118633005304362,0.19210423620266562,0.2175828911473369,0.2502083363771458,0.2983066602407226,0.0,0.0,0.0,0.0,0.0,0.0,0.0,0.0,0.0,0.0,0.0,0.0,0.0,0.0,0.0,0.0,0.0,0.0,0.0,0.0,0.0,0.0,0.0,0.0,0.0,0.0,0.0,0.0,0.0,0.0,0.0,0.0,0.0,0.0,0.0,0.0,0.0,0.0,0.0,0.0,0.0,0.0,0.0,0.0,0.0,0.0,0.0,0.0,0.0,0.0,0.0,0.0,0.0,0.0,0.0,0.0,0.0,0.0,0.0,0.0,0.0,0.0,0.0,0.0,0.0,0.0,0.0,0.0,0.0,0.0,0.0,0.0,0.0,0.0,0.0,0.0,0.0,0.0,0.0,0.0,0.0,0.0,0.0,0.0,0.0,0.0,0.0,0.0,0.0,0.0,0.0,0.0
0.0163957106590271,8.990811332860889e-11,0.0,0.0,0.0,0.0,0.0,0.0,0.0,0.0,0.0,0.0,0.0,1.0522161326978099e-08,1.5677022154704932e-08,2.3062218980769327e-08,4.981913784420646e-08,7.108328109641692e-08,1.0039907489962933e-07,1.404316412054572e-07,1.94602090281609e-07,3.487744913840738e-07,4.7172616986312877e-07,6.332226964715298e-07,8.438353920976852e-07,1.1166167595671624e-06,1.467586910054771e-06,1.9162925959636246e-06,2.988315645097055e-06,3.833200674867149e-06,4.890326679849674e-06,6.2061991795839094e-06,7.835992798919439e-06,9.844875191910066e-06,1.2309486432524474e-05,1.5319586392746897e-05,2.159854408872294e-05,2.653371624760153e-05,3.246776884485887e-05,3.957607291345733e-05,4.805992389261392e-05,5.81496352786542e-05,7.010788808631236e-05,8.42333715601737e-05,0.00010086472370654546,0.0001318861575252083,0.00015644400095064966,0.00018503324990222243,0.00021822369075562056,0.0002566521462545157,0.00030102869556243236,0.0003521433298504958,0.00041087304942752085,0.0004781894076707527,0.0005551665532444118,0.0006429897810905207,0.0007905319030819646,0.0009095683789382675,0.0010443115009508943,0.0011965329906382704,0.0013681702073570015,0.0015613386602998695,0.0017783453560119838,0.0020217030427322306,0.0022941454578139487,0.002598643676124876,0.0029384236858662005,0.003463071018130609,0.003897427508445081,0.004379478117541656,0.00491373573688881,0.00550508325565524,0.006158802745421013,0.006880607647955159,0.007676678442660369,0.008553702358029797,0.009518917806308896,0.010580164333288894,0.011745939070025737,0.013410749134703531,0.014841434572009277,0.01640835062460406,0.018123430989250542,0.019999698805009482,0.022051397934530127,0.0242941471701672,0.026745122535302042,0.029423274254201368,0.03234958685559273,0.03554739337181647,0.03904275807682699,0.04369395283089927,0.0479221425674364,0.052549628776801326,0.05761944327524626,0.06318125353584089,0.0692929235596293,0.07602258727898213,0.08345145616388469,0.09167770585375516,0.10082199603237782,0.11240432485835421,0.12393758425604588,0.13699059875853056,0.15191384073357878,0.1692105625955298,0.18965125112818398,0.2145298321679809,0.24636313839763424,0.2933717330910075,0.0,0.0,0.0,0.0,0.0,0.0,0.0,0.0,0.0,0.0,0.0,0.0,0.0,0.0,0.0,0.0,0.0,0.0,0.0,0.0,0.0,0.0,0.0,0.0,0.0,0.0,0.0,0.0,0.0,0.0,0.0,0.0,0.0,0.0,0.0,0.0,0.0,0.0,0.0,0.0,0.0,0.0,0.0,0.0,0.0,0.0,0.0,0.0,0.0,0.0,0.0,0.0,0.0,0.0,0.0,0.0,0.0,0.0,0.0,0.0,0.0,0.0,0.0,0.0,0.0,0.0,0.0,0.0,0.0,0.0,0.0,0.0,0.0,0.0,0.0,0.0,0.0,0.0,0.0,0.0,0.0,0.0,0.0,0.0,0.0,0.0,0.0,0.0,0.0,0.0,0.0
0.0170307942390442,8.618426323773537e-11,0.0,0.0,0.0,0.0,0.0,0.0,0.0,0.0,0.0,0.0,0.0,1.0123083330031562e-08,1.50554405942126e-08,2.2109756593550178e-08,3.2081121501138934e-08,6.824147831323956e-08,9.622691233307299e-08,1.3438219297393661e-07,1.8593393819638842e-07,2.549857095295669e-07,4.5176732500964e-07,6.055264930215993e-07,8.057629368836766e-07,1.0647480913185939e-06,1.3975229932190584e-06,1.822415359086259e-06,2.8532334760944958e-06,3.655026202147281e-06,4.656956912699016e-06,5.902581354844041e-06,7.443513521762099e-06,9.340646428906231e-06,1.1665512702698831e-05,1.4501796172581736e-05,2.052025819669393e-05,2.5179727283017278e-05,3.077609600873201e-05,3.747269086047619e-05,4.545679722191441e-05,5.4942481903173796e-05,6.617366039042653e-05,7.942741949782646e-05,9.501761445738683e-05,0.00011329874382186048,0.00014768423841321585,0.00017450053417863472,0.00020560367766236782,0.0002415826399859185,0.00028309357963011403,0.00033086587493293324,0.00038570855176793046,0.00044851712133299113,0.0005202808500637019,0.0006020904818056203,0.000695146441949963,0.0008530648941999602,0.0009786137522987222,0.001120334927926406,0.0012800069348939992,0.001459570226517366,0.0016611391407221681,0.0018870146409041204,0.0021396979146367174,0.0024219049354761877,0.0027365820812041133,0.003086922938865208,0.0036336797449184775,0.004080024158818683,0.004574335347869863,0.005121055688638223,0.0057249852513254346,0.0063913098824445935,0.007125632217963048,0.007934006089695831,0.008822974889691214,0.009799614526064867,0.01087158178396155,0.01204716901491563,0.013743469485384949,0.015182665740429742,0.016756464630634158,0.018476486365367868,0.020355406277850593,0.022407082528692886,0.024646706177553115,0.027090978626540016,0.02975832287812292,0.03266913682527846,0.03584609928336287,0.04013659961313699,0.04397085110763488,0.04815903489752609,0.052737695243714015,0.0577486703227728,0.06324025683120235,0.06926873129403865,0.07590037109899406,0.08321419147417256,0.09130573477114767,0.10029245281919552,0.11174569257253317,0.12306469596619302,0.13586504476897807,0.1504882852813668,0.16742502280306149,0.18742668532158338,0.21175583553034194,0.24287009771586995,0.2889195884590859,0.0,0.0,0.0,0.0,0.0,0.0,0.0,0.0,0.0,0.0,0.0,0.0,0.0,0.0,0.0,0.0,0.0,0.0,0.0,0.0,0.0,0.0,0.0,0.0,0.0,0.0,0.0,0.0,0.0,0.0,0.0,0.0,0.0,0.0,0.0,0.0,0.0,0.0,0.0,0.0,0.0,0.0,0.0,0.0,0.0,0.0,0.0,0.0,0.0,0.0,0.0,0.0,0.0,0.0,0.0,0.0,0.0,0.0,0.0,0.0,0.0,0.0,0.0,0.0,0.0,0.0,0.0,0.0,0.0,0.0,0.0,0.0,0.0,0.0,0.0,0.0,0.0,0.0,0.0,0.0,0.0,0.0,0.0,0.0,0.0,0.0,0.0,0.0,0.0,0.0
0.0174752840000769,8.337889901483252e-11,0.0,0.0,0.0,0.0,0.0,0.0,0.0,0.0,0.0,0.0,0.0,0.0,1.4647561786894477e-08,2.1485402629899776e-08,3.113988278475082e-08,6.637879573664495e-08,9.349451541485825e-08,1.3042393572996164e-07,1.802674150367659e-07,2.469633906215777e-07,4.387135469846748e-07,5.874282552563106e-07,7.809055553126304e-07,1.0309118799548094e-06,1.351854606491267e-06,1.7612746524452153e-06,2.280408217677066e-06,3.5389241956326103e-06,4.505009233386628e-06,5.705048451857749e-06,7.188362276357792e-06,9.013091008714316e-06,1.1247480597346514e-05,1.397131323176697e-05,1.7277487060380177e-05,2.430112108987537e-05,2.967913634343157e-05,3.610969829317544e-05,4.377110629750223e-05,5.286701591742789e-05,6.362932519489412e-05,7.632129646767279e-05,9.124093472064737e-05,0.00010872462534938334,0.00014202575488828144,0.00016770095590443618,0.00019746150136066862,0.00023186583210778544,0.00027153572133453,0.0003171619174049823,0.000369510156492788,0.00042942754745756357,0.0004978493610751721,0.0005758062333907554,0.0006644318099779077,0.0008167578053927713,0.0009364210032906659,0.0010714240332253783,0.0012234446860712816,0.0013943124841574767,0.0015860197615112015,0.0018007334617374633,0.002040807719229109,0.0023087973198054686,0.00260747210364421,0.002939832452876308,0.0034650324869058124,0.0038886403560169707,0.004357529082857202,0.004875864134091381,0.0054481429431190095,0.006079220493724158,0.006774337529627433,0.007539151768561631,0.008379772624095403,0.009302799982018332,0.010315367747060052,0.01142519294695087,0.013045543687565138,0.01440403766420076,0.015888647010928104,0.017510129245384157,0.019280198154136154,0.02121163624304949,0.023318426356288002,0.025615906624343758,0.028120954147276236,0.030852204119757018,0.03383031320308707,0.03707827856002901,0.04148458938043599,0.04540023869400708,0.04967508229360333,0.0543464536387535,0.059457201856080576,0.06505693147062926,0.07120362993856845,0.07796584207477739,0.0854256339161347,0.09368272697511844,0.10428243538251444,0.11459583522710313,0.1261875444839367,0.13932607656848045,0.15438423425664588,0.1719070706611655,0.19275035008124577,0.21840702498561232,0.253840617584105,0.30465059398227823,0.0,0.0,0.0,0.0,0.0,0.0,0.0,0.0,0.0,0.0,0.0,0.0,0.0,0.0,0.0,0.0,0.0,0.0,0.0,0.0,0.0,0.0,0.0,0.0,0.0,0.0,0.0,0.0,0.0,0.0,0.0,0.0,0.0,0.0,0.0,0.0,0.0,0.0,0.0,0.0,0.0,0.0,0.0,0.0,0.0,0.0,0.0,0.0,0.0,0.0,0.0,0.0,0.0,0.0,0.0,0.0,0.0,0.0,0.0,0.0,0.0,0.0,0.0,0.0,0.0,0.0,0.0,0.0,0.0,0.0,0.0,0.0,0.0,0.0,0.0,0.0,0.0,0.0,0.0,0.0,0.0,0.0,0.0,0.0,0.0,0.0,0.0,0.0,0.0
0.0176735064506531,8.592389212078707e-11,0.0,0.0,0.0,0.0,0.0,0.0,0.0,0.0,0.0,0.0,0.0,0.0,1.4472380517666264e-08,2.121744907249918e-08,3.0735950959517376e-08,6.557914028365193e-08,9.232209320981421e-08,1.2872653694713096e-07,1.7783866064606492e-07,2.4352664348024133e-07,4.331170107218379e-07,5.796727106955401e-07,7.702593980064406e-07,1.016427125081747e-06,1.3323144993270908e-06,1.7351269575512674e-06,2.2456874422732837e-06,3.4892548355179195e-06,4.440034935032689e-06,5.620620657224146e-06,7.079356929319617e-06,8.873214626609045e-06,1.1069045506144844e-05,1.3744973938969276e-05,1.6991940542332088e-05,2.3926163754502682e-05,2.921118837248579e-05,3.552850083838761e-05,4.305259206263443e-05,5.198270823611015e-05,6.254565708631179e-05,7.499885063279122e-05,8.96335872400024e-05,0.00010677859178754918,0.00013961733474838643,0.00016480789808072445,0.00019399843012483486,0.00022773447026843674,0.00026662326732705607,0.0003113392594496464,0.00036262991066350093,0.00042132190747125336,0.0004883277461404554,0.0005646527182572601,0.0006514023252657548,0.0008013522056450389,0.0009185236085589094,0.0010506832876688971,0.0011994666299108335,0.0013666564764413273,0.0015541938355216718,0.0017641892930923629,0.001998935179274377,0.0022609185543675608,0.00255283512498801,0.002877604173788915,0.0032383846417154043,0.003807689895385758,0.004265852317178086,0.004772214935839842,0.0053311484929266465,0.005947369566922975,0.006625967627434322,0.007372434950803511,0.008192699851200512,0.009093163763778748,0.01008074283224452,0.011162914751867339,0.012751267040632059,0.014075851046172538,0.015523003809667153,0.017103125948896347,0.01882753415370883,0.020708567547645967,0.02275971198394013,0.024995746113645117,0.02743291417845063,0.030089131745205826,0.0329842324183313,0.036140265956720076,0.04044228309313959,0.04424458373922767,0.04839326934690278,0.05292387737055662,0.057877097379733344,0.06329990594632892,0.06924704920105351,0.07578301243809202,0.08298468757773353,0.0909450663166811,0.10119926591643968,0.1111089151404301,0.12221975809536548,0.13477462268533852,0.1491062556902815,0.16569270761725663,0.18526630340690436,0.20905771212240995,0.2413395269463914,0.284548356541878,0.0,0.0,0.0,0.0,0.0,0.0,0.0,0.0,0.0,0.0,0.0,0.0,0.0,0.0,0.0,0.0,0.0,0.0,0.0,0.0,0.0,0.0,0.0,0.0,0.0,0.0,0.0,0.0,0.0,0.0,0.0,0.0,0.0,0.0,0.0,0.0,0.0,0.0,0.0,0.0,0.0,0.0,0.0,0.0,0.0,0.0,0.0,0.0,0.0,0.0,0.0,0.0,0.0,0.0,0.0,0.0,0.0,0.0,0.0,0.0,0.0,0.0,0.0,0.0,0.0,0.0,0.0,0.0,0.0,0.0,0.0,0.0,0.0,0.0,0.0,0.0,0.0,0.0,0.0,0.0,0.0,0.0,0.0,0.0,0.0,0.0,0.0,0.0,0.0
0.0183219401359558,8.185774967899834e-11,0.0,0.0,0.0,0.0,0.0,0.0,0.0,0.0,0.0,0.0,0.0,0.0,1.3926347031500361e-08,2.038242228274393e-08,2.947850111419276e-08,4.215367825107059e-08,8.867146006577853e-08,1.2344473068272958e-07,1.7028628229738206e-07,2.3284735128431672e-07,3.157228395998943e-07,5.555631421589315e-07,7.371845530707083e-07,9.71456608280853e-07,1.271686369137635e-06,1.6540476281642686e-06,2.138089914227591e-06,2.7473181960617545e-06,4.238591417170893e-06,5.359018247708062e-06,6.741795036580268e-06,8.440299302427176e-06,1.0517097268388766e-05,1.3045227097347663e-05,1.6109618623528954e-05,1.980865746173887e-05,2.7764788302418446e-05,3.3732991495379385e-05,4.083400279821082e-05,4.925355808977552e-05,5.920288495186232e-05,7.092148849124856e-05,8.468015611743366e-05,0.00010078419162016932,0.0001195768946876827,0.00015589525801559,0.00018333461534824431,0.00021501848347536156,0.000251509782657356,0.00029343319500206756,0.00034148046822916135,0.0003964160488747729,0.00045908304751780273,0.0005304095908592135,0.0006114155139333237,0.0007032194760130498,0.0008636009147741154,0.0009870600914663533,0.0011259413752483073,0.0012818857908799938,0.0014566785130765455,0.001652259107355623,0.001870732430228104,0.0021143802472581756,0.0023856736559009434,0.0026872863893909133,0.0030221091118732253,0.0035601719750774285,0.003985641393035257,0.004455528143258385,0.004973820640458392,0.005544818141477008,0.0061731544253398,0.006863823891935107,0.0076222104611448705,0.00845411970833479,0.009365814773385075,0.010364056654557505,0.011456149661601085,0.013076796258002309,0.014410443487944232,0.015865317630208247,0.017451556678783273,0.019180186724579527,0.021063225526139914,0.023113803571102202,0.025346306387853554,0.027776542939181446,0.030421946131969826,0.03330181330837186,0.037290252619557436,0.04075307651471085,0.04452463477385104,0.04863535271966571,0.053119813750224384,0.05801761924625982,0.06337449529217125,0.06924373842744447,0.07568813645281401,0.08278256989079816,0.0906176138732573,0.10078106513915179,0.11052164298286098,0.12143410707949079,0.13375515249885736,0.14780917766412718,0.1640623160497548,0.18322874903640599,0.20650883075357077,0.23818897491037308,0.28041337148960843,0.0,0.0,0.0,0.0,0.0,0.0,0.0,0.0,0.0,0.0,0.0,0.0,0.0,0.0,0.0,0.0,0.0,0.0,0.0,0.0,0.0,0.0,0.0,0.0,0.0,0.0,0.0,0.0,0.0,0.0,0.0,0.0,0.0,0.0,0.0,0.0,0.0,0.0,0.0,0.0,0.0,0.0,0.0,0.0,0.0,0.0,0.0,0.0,0.0,0.0,0.0,0.0,0.0,0.0,0.0,0.0,0.0,0.0,0.0,0.0,0.0,0.0,0.0,0.0,0.0,0.0,0.0,0.0,0.0,0.0,0.0,0.0,0.0,0.0,0.0,0.0,0.0,0.0,0.0,0.0,0.0,0.0,0.0,0.0,0.0,0.0,0.0,0.0
0.0189760952949524,7.742364257033534e-11,0.0,0.0,0.0,0.0,0.0,0.0,0.0,0.0,0.0,0.0,0.0,0.0,0.0,1.9599552798865e-08,2.8300792960893038e-08,4.040701127629422e-08,5.707655346396146e-08,1.1850238568601399e-07,1.6322693029520217e-07,2.2287541933790124e-07,3.0178366772195737e-07,4.0536300580425733e-07,7.063112164199779e-07,9.295207626713224e-07,1.2152040888007e-06,1.5785842415429758e-06,2.038038534438639e-06,2.6156364295435003e-06,4.051133859823967e-06,5.115800412540753e-06,6.42823553494561e-06,8.038517262043016e-06,1.0005279954984325e-05,1.2396898914538652e-05,1.52928014144489e-05,1.8784903143164874e-05,2.6425031417246417e-05,3.207120327997548e-05,3.878226045712675e-05,4.67315979035856e-05,5.611622203118884e-05,6.715930613976106e-05,8.01129438652117e-05,9.526111332793855e-05,0.00011292285423630176,0.00013345567436460213,0.00017351377828436556,0.00020331576783035152,0.00023761001785565838,0.0002769760454072244,0.0003220550606804309,0.0003735550898046757,0.0004322564051412677,0.0004990172753391367,0.0005747800501227808,0.0006605776012843306,0.000813284025132433,0.0009288076355085059,0.0010586629590028773,0.0012043631127837732,0.0013675528285283707,0.001550017662431204,0.0017536937815529905,0.001980678380906534,0.002233240798849556,0.002513834395087719,0.0028251092950251156,0.0031699260848272004,0.003730492244634307,0.00416733002657551,0.004648823528940149,0.005178899816978428,0.005761786819836147,0.00640203618183128,0.007104548479166139,0.007874601169312488,0.008717879717604392,0.009640512397636424,0.010649109398546122,0.01175080696111694,0.013404277263222571,0.014746695730366209,0.01620901319691932,0.017801115387875908,0.019533749730789543,0.021418626294998168,0.0234685357937236,0.025697488359724,0.028120877741278798,0.03075567687576609,0.03362067246513324,0.03762823177647335,0.04106747006102856,0.04480930967762524,0.04888337616639437,0.05332334678580267,0.058167789558288586,0.0634612431612674,0.06925562765055575,0.07561211882249895,0.082603686744375,0.0917890576332025,0.10039863835260392,0.10997753241361907,0.12070040239471698,0.13279810833802932,0.14658710055258914,0.16252215781537066,0.1813001566602758,0.20409249780639735,0.23520318035175317,0.276487407188415,0.0,0.0,0.0,0.0,0.0,0.0,0.0,0.0,0.0,0.0,0.0,0.0,0.0,0.0,0.0,0.0,0.0,0.0,0.0,0.0,0.0,0.0,0.0,0.0,0.0,0.0,0.0,0.0,0.0,0.0,0.0,0.0,0.0,0.0,0.0,0.0,0.0,0.0,0.0,0.0,0.0,0.0,0.0,0.0,0.0,0.0,0.0,0.0,0.0,0.0,0.0,0.0,0.0,0.0,0.0,0.0,0.0,0.0,0.0,0.0,0.0,0.0,0.0,0.0,0.0,0.0,0.0,0.0,0.0,0.0,0.0,0.0,0.0,0.0,0.0,0.0,0.0,0.0,0.0,0.0,0.0,0.0,0.0,0.0,0.0,0.0,0.0
0.0196359719276428,7.339450259560294e-11,0.0,0.0,0.0,0.0,0.0,0.0,0.0,0.0,0.0,0.0,0.0,0.0,0.0,0.0,2.7195876002945578e-08,3.876986684103223e-08,5.4682935061286476e-08,1.1386933987561575e-07,1.5661619975871768e-07,2.1354685552159434e-07,2.887571740503496e-07,3.8735174555984533e-07,6.774380246606943e-07,8.903406462090966e-07,1.1624846400572955e-06,1.508215043837759e-06,1.9448276730560764e-06,2.4930695594412577e-06,3.177700863563865e-06,4.889230918151079e-06,6.136398662811769e-06,7.664894778353116e-06,9.529738214680645e-06,1.1795024235619404e-05,1.453512720534774e-05,1.7836034260233034e-05,2.179679734771319e-05,3.053001827535612e-05,3.6880914497455904e-05,4.4396297400972616e-05,5.326016589181374e-05,6.368076665246505e-05,7.589312270783901e-05,9.016174934273262e-05,0.00010678356617976805,0.00012609101336169017,0.00014845538230850414,0.00019252248041642456,0.0002247990490867815,0.0002618180443034511,0.0003041747357918262,0.0003525258996901367,0.000407594761221784,0.0004701762224731843,0.0005411423913283251,0.0006214484261627879,0.0007121387062625706,0.0008753537839506321,0.0009969633743409745,0.0011333104375601919,0.0012859128418893939,0.001456417132665322,0.0016466073353618613,0.001858414316633963,0.0020939257462065223,0.0023553967342251334,0.0026452612100121365,0.0029661441316796823,0.003320874627378698,0.0039044481046475,0.004352542547591356,0.0048455023990571725,0.0053871931223269266,0.005981771496612069,0.006633707687034189,0.0073478096518884714,0.008129250197769514,0.008983597171699316,0.009916847231850942,0.010935463838605289,0.012492041851318579,0.013733213925322606,0.01508407706849824,0.016553522211997972,0.018151192416295932,0.019887567508888218,0.021774062520886435,0.023823142796532294,0.02604845939288107,0.02846500930968526,0.031089326356735367,0.03482266130908154,0.03796781085744985,0.041384098339713106,0.04509708223722035,0.049135626683573845,0.053532546456138495,0.05832542610401347,0.06355767421783123,0.0692799007310275,0.07555174685032953,0.08244436352598106,0.09157017424590784,0.1000471266559833,0.10947098371222289,0.12001217001780623,0.13189597665932454,0.14543126172910362,0.1610619461443747,0.17946833576362572,0.203848364792621,0.23236403625168348,0.27274667323766616,0.0,0.0,0.0,0.0,0.0,0.0,0.0,0.0,0.0,0.0,0.0,0.0,0.0,0.0,0.0,0.0,0.0,0.0,0.0,0.0,0.0,0.0,0.0,0.0,0.0,0.0,0.0,0.0,0.0,0.0,0.0,0.0,0.0,0.0,0.0,0.0,0.0,0.0,0.0,0.0,0.0,0.0,0.0,0.0,0.0,0.0,0.0,0.0,0.0,0.0,0.0,0.0,0.0,0.0,0.0,0.0,0.0,0.0,0.0,0.0,0.0,0.0,0.0,0.0,0.0,0.0,0.0,0.0,0.0,0.0,0.0,0.0,0.0,0.0,0.0,0.0,0.0,0.0,0.0,0.0,0.0,0.0,0.0,0.0,0.0,0.0
0.0200923300256505,7.7761266113303e-11,0.0,0.0,0.0,0.0,0.0,0.0,0.0,0.0,0.0,0.0,0.0,0.0,0.0,0.0,2.647619435558058e-08,3.77045839730156e-08,5.3126847756571136e-08,7.410337826208071e-08,1.523168304378893e-07,2.074852622689135e-07,2.802998971001197e-07,3.7566835963653664e-07,4.996601911060649e-07,8.649075769590295e-07,1.1282910103806444e-06,1.4626102208257966e-06,1.8844670381447437e-06,2.413759454882097e-06,3.074216578149245e-06,4.7425139527651135e-06,5.947558801380798e-06,7.423310157394847e-06,9.222473730441172e-06,1.1406403597864246e-05,1.4046246603574645e-05,1.7224199815048106e-05,2.103488742795608e-05,2.558686402450953e-05,3.565502534840795e-05,4.2891592462170706e-05,5.1421090086759485e-05,6.144225392954036e-05,7.317923570886678e-05,8.688416508011806e-05,0.00010283989273389109,0.00012136292507753638,0.00014280655879325027,0.00018559110988485564,0.00021657661375435206,0.00025209464477788876,0.0002927113307368733,0.00033905095520651656,0.0003918005946498073,0.00045171502612802677,0.0005196219027199723,0.0005964272248599517,0.0006831211180531669,0.0007807839354512401,0.0009575274891495567,0.0010879188959006438,0.0012337831298281426,0.0013966790668373994,0.0015782948527310345,0.001780456596001747,0.002005137631980767,0.0022544683873885144,0.0025307469261787287,0.002836450246310144,0.003174246421633422,0.003737176988288052,0.004164108901050346,0.004633563406137145,0.005149179349830829,0.005714866917602112,0.006334827819363719,0.007013577551810202,0.007755970051143829,0.008567225106970593,0.009452958976520867,0.01041921873328652,0.011472520965408094,0.013091924307724467,0.014372688138610454,0.0157650563939986,0.017277996383858636,0.01892123740327619,0.020705357917475988,0.02264188717205431,0.024743424243897222,0.02702377833434616,0.02949813516442647,0.03218325559574318,0.03602277808696299,0.039237326408408414,0.04272708077563608,0.04651811237692988,0.05063992514418108,0.055126138809054336,0.06001535989664692,0.06535230779242085,0.07118929331300265,0.07758819451931329,0.08614396156280621,0.093970197789964,0.1026356525711011,0.11228109725843047,0.12308886120092659,0.13530253148287671,0.14926058984522034,0.16545835049503793,0.1846742367539883,0.2103878219630426,0.2412296264005231,0.287778667289542,0.0,0.0,0.0,0.0,0.0,0.0,0.0,0.0,0.0,0.0,0.0,0.0,0.0,0.0,0.0,0.0,0.0,0.0,0.0,0.0,0.0,0.0,0.0,0.0,0.0,0.0,0.0,0.0,0.0,0.0,0.0,0.0,0.0,0.0,0.0,0.0,0.0,0.0,0.0,0.0,0.0,0.0,0.0,0.0,0.0,0.0,0.0,0.0,0.0,0.0,0.0,0.0,0.0,0.0,0.0,0.0,0.0,0.0,0.0,0.0,0.0,0.0,0.0,0.0,0.0,0.0,0.0,0.0,0.0,0.0,0.0,0.0,0.0,0.0,0.0,0.0,0.0,0.0,0.0,0.0,0.0,0.0,0.0,0.0,0.0
0.0202996628761291,7.580674710989848e-11,0.0,0.0,0.0,0.0,0.0,0.0,0.0,0.0,0.0,0.0,0.0,0.0,0.0,0.0,0.0,3.723746437211093e-08,5.244469822795268e-08,7.311988401784832e-08,1.504322097813274e-07,2.0482942096634297e-07,2.765963078082399e-07,3.7055451561144816e-07,4.926648182757203e-07,8.537710841451968e-07,1.1133255745031331e-06,1.4426599180008092e-06,1.85807381720072e-06,2.379096140712728e-06,3.029007716906646e-06,3.835429189721871e-06,5.865022855289289e-06,7.317766837101301e-06,9.088293083098896e-06,1.123676545132406e-05,1.3832930067784e-05,1.695734016864148e-05,2.070270004517661e-05,2.517533004513873e-05,3.512035277808759e-05,4.223556497097581e-05,5.0619582694909214e-05,6.046702151850203e-05,7.19973270445344e-05,8.545726738479417e-05,0.0001011236065372071,0.00011930596072405264,0.0001403498461033655,0.00018257499323944844,0.00021299990265599507,0.00024786641580215954,0.00028772806970479316,0.0003331951163084813,0.0003849390289789341,0.00044369726630849376,0.0005102783039247458,0.0005855669416177767,0.0006705299175390745,0.0007662218206733385,0.0009404148749941408,0.0010682276589324019,0.001211175326423119,0.001370779014315344,0.0015486856017164286,0.001746676134837648,0.001966674782555935,0.002210758380532421,0.002481166619155395,0.002780312955703345,0.0031107963337972263,0.0036647824796298763,0.004082577963356441,0.004541887758271387,0.005046253633557441,0.005599480209028389,0.006205654349714376,0.006869166537287459,0.0075947345082292665,0.008387429517363492,0.0092527056422584,0.0101964326141717,0.011224932773369247,0.012815272492175962,0.014065901214045844,0.015425151497661504,0.016901704698714957,0.018504973030340623,0.020245182176794354,0.022133467405586145,0.02418198599308834,0.026404049477857055,0.028814280198132706,0.03142879777692927,0.03518765535053312,0.038316195369937696,0.04171090308753951,0.04539670223097691,0.04940174271035954,0.05375803104840513,0.058502231072111284,0.06367669449423978,0.06933080733270705,0.07552277891053856,0.08384018713613965,0.09139603768043217,0.09974819484548776,0.10902628536155005,0.11939681730862241,0.1310799518607492,0.1443775826683199,0.15972372633215942,0.17778369243998887,0.20180364649019286,0.22975516008824626,0.26932261744187874,0.0,0.0,0.0,0.0,0.0,0.0,0.0,0.0,0.0,0.0,0.0,0.0,0.0,0.0,0.0,0.0,0.0,0.0,0.0,0.0,0.0,0.0,0.0,0.0,0.0,0.0,0.0,0.0,0.0,0.0,0.0,0.0,0.0,0.0,0.0,0.0,0.0,0.0,0.0,0.0,0.0,0.0,0.0,0.0,0.0,0.0,0.0,0.0,0.0,0.0,0.0,0.0,0.0,0.0,0.0,0.0,0.0,0.0,0.0,0.0,0.0,0.0,0.0,0.0,0.0,0.0,0.0,0.0,0.0,0.0,0.0,0.0,0.0,0.0,0.0,0.0,0.0,0.0,0.0,0.0,0.0,0.0,0.0,0.0,0.0
0.0209709824562073,7.408381316868321e-11,0.0,0.0,0.0,0.0,0.0,0.0,0.0,0.0,0.0,0.0,0.0,0.0,0.0,0.0,0.0,3.579205056961456e-08,5.033617858803131e-08,7.008162530079524e-08,9.664241923497314e-08,1.9662269910015092e-07,2.6515924536338136e-07,3.5477269948537417e-07,4.71090419210457e-07,6.210171252437585e-07,1.0671440186180894e-06,1.3811336116971656e-06,1.776726480364509e-06,2.272322026314417e-06,2.8898298128680144e-06,3.65521549354334e-06,5.610771730060211e-06,6.99282409672098e-06,8.675408170319817e-06,1.071505534537265e-05,1.3177234373040679e-05,1.6137484026506265e-05,1.9682655135416506e-05,2.3912260749796552e-05,2.8939947048633378e-05,4.022110368175134e-05,4.8159589004584056e-05,5.747525098407717e-05,6.837321092751602e-05,8.108393120899126e-05,9.586567113167292e-05,0.00011300710423658155,0.00013283011707378235,0.00015569278099617482,0.00020204883671067107,0.0002349260603741338,0.00027248333585781043,0.0003152883542409194,0.00036396527979663264,0.0004191990932445377,0.00048174017466338,0.0005524091396656772,0.000632101934884068,0.0007217952159517829,0.0008225520143431005,0.0010081482976387211,0.0011422229474928845,0.0012918144626156152,0.0014584451161479424,0.0016437599401640916,0.0018495347876754077,0.0020776849080605085,0.0023302740879337386,0.002609524420692089,0.002917826777453884,0.0032577520631326615,0.0038346509545849473,0.004263211309302964,0.0047334911576856495,0.005248978434490875,0.00581341578301066,0.006430819328259959,0.007105499373768432,0.007842083330660738,0.008645541212673497,0.00952121411135017,0.010474846126814387,0.011977152841376841,0.01313689120634735,0.014396317429383567,0.015763267155006203,0.01724621675924729,0.01885435301899613,0.020597653783977685,0.02248698180763697,0.0245341945662656,0.02675227343836287,0.029155476626042513,0.031759521345327335,0.03554421247635213,0.03865559347410551,0.042028250763208534,0.0456864912160998,0.04965777023856543,0.053973307785446935,0.058668870752911606,0.06378577999190643,0.06937222593921832,0.0754850166902825,0.08376614783585316,0.09121640325623329,0.09944542157736926,0.10857978587300857,0.11878211329076362,0.13026744184822014,0.14333066363286706,0.15839575112315082,0.1761126223302094,0.19977579855443492,0.22716041523954275,0.2658876699264343,0.0,0.0,0.0,0.0,0.0,0.0,0.0,0.0,0.0,0.0,0.0,0.0,0.0,0.0,0.0,0.0,0.0,0.0,0.0,0.0,0.0,0.0,0.0,0.0,0.0,0.0,0.0,0.0,0.0,0.0,0.0,0.0,0.0,0.0,0.0,0.0,0.0,0.0,0.0,0.0,0.0,0.0,0.0,0.0,0.0,0.0,0.0,0.0,0.0,0.0,0.0,0.0,0.0,0.0,0.0,0.0,0.0,0.0,0.0,0.0,0.0,0.0,0.0,0.0,0.0,0.0,0.0,0.0,0.0,0.0,0.0,0.0,0.0,0.0,0.0,0.0,0.0,0.0,0.0,0.0,0.0,0.0,0.0,0.0
0.0216461163520813,7.01943743200537e-11,0.0,0.0,0.0,0.0,0.0,0.0,0.0,0.0,0.0,0.0,0.0,0.0,0.0,0.0,0.0,0.0,4.835799249564434e-08,6.723437418166391e-08,9.259198233363884e-08,1.2635973151238305e-07,2.5444784755776265e-07,3.4000646080388954e-07,4.5092401078195525e-07,5.937182311651959e-07,7.76328686379919e-07,1.323624185253205e-06,1.7007594346680613e-06,2.1726995588312013e-06,2.760088159032431e-06,3.4873649817282025e-06,4.383330260861332e-06,6.689866064910663e-06,8.290780850910693e-06,1.0229449727208644e-05,1.2567405900333168e-05,1.5375578603620268e-05,1.873544170657875e-05,2.2740261435686433e-05,2.749645226243387e-05,3.8350371331692314e-05,4.5876807859761e-05,5.470102029834076e-05,6.50150098006914e-05,7.703431588771534e-05,9.100027202239558e-05,0.0001071824147212613,0.0001258810493941524,0.00014742997857212898,0.00017219939670070565,0.00022296966865396686,0.0002584068077475316,0.00029876419091703845,0.0003446228972800319,0.0003966201487821172,0.00045545349171427144,0.0005218852039886213,0.0005967469399654682,0.0006809446169488491,0.0007754635702465513,0.0009528958208703771,0.00107884644579571,0.0012192762384566629,0.0013755946796099334,0.0015493237728255037,0.0017421053198867409,0.001955708641701014,0.0021920387988339706,0.002453145357671263,0.0027412317696552187,0.003058665430953316,0.003407988513944928,0.004008360079597313,0.004447624196043595,0.004928793069448255,0.005455301211348287,0.006030830101916616,0.00665932638056851,0.007345021927601806,0.00809245613505785,0.008906500688525061,0.009792387282419728,0.01075573871337559,0.012292184920069386,0.013461477324082156,0.014729561136685675,0.01610409380530383,0.017593355942048163,0.01920631939879272,0.020952726097593796,0.022843179770030603,0.02488925330751736,0.0271036150818804,0.029500178477554005,0.03304683254742965,0.035906479159920526,0.0390016064044688,0.04235334426923811,0.04598541856093981,0.04992463105033116,0.05420146207609118,0.058850835895626785,0.06391310582745853,0.06943534128016805,0.07547303794367095,0.08372376826850354,0.09107413763930682,0.09918676120394826,0.10818538978702215,0.11822902844751541,0.12952797329741164,0.14237066063977344,0.15717184894681943,0.17678343914592395,0.19790397566172466,0.22476384068011315,0.26272625444614095,0.0,0.0,0.0,0.0,0.0,0.0,0.0,0.0,0.0,0.0,0.0,0.0,0.0,0.0,0.0,0.0,0.0,0.0,0.0,0.0,0.0,0.0,0.0,0.0,0.0,0.0,0.0,0.0,0.0,0.0,0.0,0.0,0.0,0.0,0.0,0.0,0.0,0.0,0.0,0.0,0.0,0.0,0.0,0.0,0.0,0.0,0.0,0.0,0.0,0.0,0.0,0.0,0.0,0.0,0.0,0.0,0.0,0.0,0.0,0.0,0.0,0.0,0.0,0.0,0.0,0.0,0.0,0.0,0.0,0.0,0.0,0.0,0.0,0.0,0.0,0.0,0.0,0.0,0.0,0.0,0.0,0.0,0.0
0.0223269717216492,0.0,0.0,0.0,0.0,0.0,0.0,0.0,0.0,0.0,0.0,0.0,0.0,0.0,0.0,0.0,0.0,0.0,0.0,6.455441917719563e-08,8.878336826683132e-08,1.2100669306195045e-07,2.443714924152366e-07,3.261294567931469e-07,4.3198991714637593e-07,5.681122213933768e-07,7.419890438088727e-07,1.2696280655746713e-06,1.6294988104881929e-06,2.07933203550717e-06,2.6385986560746116e-06,3.3303246067377316e-06,4.181616935601658e-06,5.2242478563368335e-06,7.930840716808784e-06,9.775383261266252e-06,1.199763981778898e-05,1.4664283621214976e-05,1.7851825990827645e-05,2.164777279451923e-05,2.6151877704457e-05,3.1477498698755635e-05,4.374860778809195e-05,5.2116519575586074e-05,6.188869395825143e-05,7.326694733771176e-05,8.647706204021485e-05,0.0001017710023190094,0.00011942927226091371,0.00013976342156260562,0.00016311870109689708,0.0002118699711351872,0.0002453472096791474,0.0002834433719599135,0.0003267001135545202,0.0003757109853702098,0.0004311252510678405,0.0004936519149233328,0.0005640639545522492,0.000643202775607364,0.00073198289941075,0.0008313969001556166,0.0010203131091842377,0.0011523187348949431,0.0012991605316167332,0.0014622486715364729,0.0016431031963941003,0.0018433609844997069,0.00206478315320426,0.002309262941834554,0.002578834129046777,0.0028756800438667126,0.003202143244774516,0.003774146591220141,0.004185048098484181,0.004634853430160566,0.0051267197820200104,0.005664027860312892,0.006250397909369235,0.006889707352448587,0.007586110305982558,0.008344059225293016,0.009168329027824568,0.0100640440799676,0.011036708513971531,0.01260767896687947,0.01378610390437413,0.015062414082169101,0.01644409416527762,0.01793923527369333,0.01955660153171494,0.02130570714635756,0.023196906130800977,0.025241497302346448,0.027451847851689398,0.029841539617366665,0.0334186370082879,0.03626612783241889,0.039345065307542025,0.04267608121747677,0.0462823438884791,0.05019002802233029,0.0544289043523332,0.059033088581277614,0.06404200535683685,0.0695016477294498,0.07708649896432859,0.08369003092081999,0.09094348838024906,0.09894329292310822,0.10781046719826402,0.11770053289684265,0.1288192068302861,0.1414486801169942,0.155994778010481,0.17536948085112125,0.19610391975660063,0.2224553487646296,0.2596725470398682,0.0,0.0,0.0,0.0,0.0,0.0,0.0,0.0,0.0,0.0,0.0,0.0,0.0,0.0,0.0,0.0,0.0,0.0,0.0,0.0,0.0,0.0,0.0,0.0,0.0,0.0,0.0,0.0,0.0,0.0,0.0,0.0,0.0,0.0,0.0,0.0,0.0,0.0,0.0,0.0,0.0,0.0,0.0,0.0,0.0,0.0,0.0,0.0,0.0,0.0,0.0,0.0,0.0,0.0,0.0,0.0,0.0,0.0,0.0,0.0,0.0,0.0,0.0,0.0,0.0,0.0,0.0,0.0,0.0,0.0,0.0,0.0,0.0,0.0,0.0,0.0,0.0,0.0,0.0,0.0,0.0,0.0
0.0230116414070129,0.0,0.0,0.0,0.0,0.0,0.0,0.0,0.0,0.0,0.0,0.0,0.0,0.0,0.0,0.0,0.0,0.0,0.0,0.0,8.520704675848568e-08,1.159850035656645e-07,1.5653055484389462e-07,3.1310478819895377e-07,4.1423619018307747e-07,5.441246306305618e-07,7.09849349340078e-07,9.199634887665523e-07,1.5627348122124792e-06,1.991933845473235e-06,2.524975233276554e-06,3.1835774235537303e-06,3.993281397339423e-06,4.9839943332372985e-06,6.190590206677686e-06,9.351296088222566e-06,1.146591538781302e-05,1.4000995485306468e-05,1.7028474808985613e-05,2.0630554839820742e-05,2.490085818150738e-05,2.994568404095544e-05,3.588535633469592e-05,4.9711334246843384e-05,5.8981335435463846e-05,6.976585432132144e-05,8.227639843641203e-05,9.674881347579366e-05,0.00011344545340112022,0.0001326574850549252,0.0001547073274038851,0.000179951237095105,0.00023324290012466387,0.00026925208238539065,0.000310108838406674,0.00035636682026524,0.0004086312141051486,0.0004675624182696826,0.0005338799113208205,0.0006083663146359796,0.0006918716691915127,0.0007853179257173183,0.0008897036764064575,0.001090567474062964,0.0012287081189513848,0.0013820315474505891,0.0015519472933712749,0.0017399721215662562,0.0019477367105364613,0.002176992752412809,0.002429620525104972,0.002707636984054886,0.0030132044275026854,0.0033486398248917188,0.003944055681995291,0.004365219198363518,0.00482546927382012,0.005327916370059505,0.005875887858864846,0.006472943574822097,0.0071228929641263886,0.007829814053630707,0.008598074530486973,0.009432355247666764,0.010337676540275635,0.011828372691790887,0.012925521519526256,0.014112876687005144,0.015397222962475452,0.01678587938036177,0.0182867557207322,0.019908417627460883,0.021660162051228303,0.023552105074212716,0.025595284703249215,0.02780178184711996,0.030184863561024396,0.033793731234535114,0.036629606942243945,0.03969306294859577,0.04300425990144533,0.04658583937662654,0.05046338405724669,0.05466599529063039,0.059227026674492485,0.064185028319392,0.06958498059496393,0.07715743139322544,0.08368186013005154,0.09084324068744301,0.09873594712907706,0.10747845394404558,0.11722303673172035,0.12817115717323163,0.1405992248428179,0.15490483620429765,0.17406228245816988,0.1944353385598015,0.22031413423507584,0.25684993213401913,0.0,0.0,0.0,0.0,0.0,0.0,0.0,0.0,0.0,0.0,0.0,0.0,0.0,0.0,0.0,0.0,0.0,0.0,0.0,0.0,0.0,0.0,0.0,0.0,0.0,0.0,0.0,0.0,0.0,0.0,0.0,0.0,0.0,0.0,0.0,0.0,0.0,0.0,0.0,0.0,0.0,0.0,0.0,0.0,0.0,0.0,0.0,0.0,0.0,0.0,0.0,0.0,0.0,0.0,0.0,0.0,0.0,0.0,0.0,0.0,0.0,0.0,0.0,0.0,0.0,0.0,0.0,0.0,0.0,0.0,0.0,0.0,0.0,0.0,0.0,0.0,0.0,0.0,0.0,0.0,0.0
0.0231012970008316,0.0,0.0,0.0,0.0,0.0,0.0,0.0,0.0,0.0,0.0,0.0,0.0,0.0,0.0,0.0,0.0,0.0,0.0,0.0,8.475630811990769e-08,1.153524720489758e-07,1.5565205872447177e-07,3.11463630047906e-07,4.1200036416795777e-07,5.411054161451268e-07,7.058061872089012e-07,9.145921376323957e-07,1.5543308465297293e-06,1.9809381694264182e-06,2.510687110702238e-06,3.1651327640315107e-06,3.969620805392241e-06,4.953825461825251e-06,6.152344360995789e-06,9.298007177258384e-06,1.1399131306302695e-05,1.3917723837429667e-05,1.6925153284951512e-05,2.05029591105046e-05,2.4744000556350432e-05,2.9753697370126467e-05,3.565136576034228e-05,4.940971845832193e-05,5.8616892152972466e-05,6.932715739617524e-05,8.175024580911111e-05,9.61199987750262e-05,0.00011269651356165428,0.00013176842343949076,0.00015365531188297059,0.00017871026666894257,0.00023172844732572225,0.00026747714156514157,0.0003080344465513107,0.00035394906368223136,0.0004058207111165134,0.0004643037603535124,0.0005301110579319202,0.000604017942681073,0.0006868664683232119,0.0007795698419710815,0.0008831170959691684,0.0010828630230477916,0.001219920801072148,0.001372029388049585,0.001540584655088314,0.0017270885252957642,0.0019331555603105985,0.002160519979221356,0.002411043116017286,0.002686721401546326,0.002989694912487454,0.003322256561174643,0.0039140697611261205,0.004331679583534742,0.004788008259368956,0.00528613302548951,0.005829345274167383,0.006421165854545977,0.007065361938456123,0.007765965671767221,0.008527294889974727,0.009353976208891885,0.010250970868818304,0.011731704670850614,0.012818810497247533,0.013995179532856117,0.015267511513725053,0.016643031822361355,0.018129546799932682,0.019735507469296715,0.021470083318134544,0.02334324813966034,0.025365880431921513,0.027549881472844765,0.029908315013435882,0.033488693408991535,0.03629481439696211,0.039325561049589106,0.04260074039061606,0.04614258054027882,0.04997617663668661,0.05413004966915105,0.05863685514093674,0.0635342935807538,0.06886629776712645,0.07636047653034278,0.08279789328463623,0.08985974718867762,0.09763754021660742,0.10624582782178076,0.11583136092447983,0.12658749492979782,0.13877812984906956,0.1527802470887506,0.17153175796832723,0.1913196747180627,0.2162422901454315,0.25072366129599644,0.31900751311459785,0.0,0.0,0.0,0.0,0.0,0.0,0.0,0.0,0.0,0.0,0.0,0.0,0.0,0.0,0.0,0.0,0.0,0.0,0.0,0.0,0.0,0.0,0.0,0.0,0.0,0.0,0.0,0.0,0.0,0.0,0.0,0.0,0.0,0.0,0.0,0.0,0.0,0.0,0.0,0.0,0.0,0.0,0.0,0.0,0.0,0.0,0.0,0.0,0.0,0.0,0.0,0.0,0.0,0.0,0.0,0.0,0.0,0.0,0.0,0.0,0.0,0.0,0.0,0.0,0.0,0.0,0.0,0.0,0.0,0.0,0.0,0.0,0.0,0.0,0.0,0.0,0.0,0.0,0.0,0.0
0.0237020325660706,0.0,0.0,0.0,0.0,0.0,0.0,0.0,0.0,0.0,0.0,0.0,0.0,0.0,0.0,0.0,0.0,0.0,0.0,0.0,0.0,1.1125443437756184e-07,1.4996333015382373e-07,2.0049787153245246e-07,3.9751830671174063e-07,5.215578329062901e-07,6.796412883535164e-07,8.79846984841065e-07,1.1318717997052665e-06,1.9097718816282925e-06,2.4182515256041298e-06,3.0458577993755416e-06,3.8166781989221446e-06,4.758890569866656e-06,5.905319288152619e-06,7.294050627050339e-06,1.0967520397571794e-05,1.3379764431318054e-05,1.62579142239676e-05,1.96792642370572e-05,2.3731769466217455e-05,2.8515210190064278e-05,3.41424361546421e-05,4.0740710581287624e-05,5.6265536564096205e-05,6.649768726097159e-05,7.835784441818271e-05,9.206700236220987e-05,0.0001078708043077131,0.00012604166133834172,0.00014688099978604841,0.0001707216337320125,0.00019793027170172822,0.00025604725965225854,0.00029468024333098336,0.0003383890000333317,0.0003877382881526929,0.00044334395716792805,0.0005058764803948038,0.0005760646725258304,0.0006546995872383,0.0007426386127299436,0.0008408097807079167,0.001033353805742558,0.001163468229463824,0.0013077893723029946,0.0014676259986506194,0.0016443854256617868,0.0018395795640157445,0.0020548313290614847,0.0022918814602133505,0.0025525957971866175,0.0028389730650106443,0.0031531532246520675,0.0034974264651391816,0.004116709145838348,0.00454796611172465,0.005018464034644586,0.00553126612658849,0.006089646156143809,0.006697103565388471,0.007357380143669506,0.008074478496938545,0.008852682589174078,0.0096965806637945,0.010611090927778713,0.01213667241023494,0.013243052410708292,0.014438880474092086,0.015730794275541173,0.017125951972132857,0.018632087473361522,0.020257574197459317,0.0220114989255687,0.023903747812641776,0.025945107047909078,0.02814738134646988,0.03154688773272711,0.034164816210023256,0.03698890880552,0.04003680828988823,0.043328221751796375,0.04688528368167097,0.05073300680638877,0.05489984791598749,0.059418426559876794,0.06432645017949286,0.06966792287333144,0.07723045424058234,0.08367768265530771,0.09074931144729764,0.09853773499576339,0.10715896107335755,0.11676211837639014,0.12754453619033465,0.1397769969094694,0.15621654296700235,0.17279866585883769,0.19282041326557922,0.21823854201492768,0.2541051329984175,0.0,0.0,0.0,0.0,0.0,0.0,0.0,0.0,0.0,0.0,0.0,0.0,0.0,0.0,0.0,0.0,0.0,0.0,0.0,0.0,0.0,0.0,0.0,0.0,0.0,0.0,0.0,0.0,0.0,0.0,0.0,0.0,0.0,0.0,0.0,0.0,0.0,0.0,0.0,0.0,0.0,0.0,0.0,0.0,0.0,0.0,0.0,0.0,0.0,0.0,0.0,0.0,0.0,0.0,0.0,0.0,0.0,0.0,0.0,0.0,0.0,0.0,0.0,0.0,0.0,0.0,0.0,0.0,0.0,0.0,0.0,0.0,0.0,0.0,0.0,0.0,0.0,0.0,0.0,0.0
0.024398145198822,0.0,0.0,0.0,0.0,0.0,0.0,0.0,0.0,0.0,0.0,0.0,0.0,0.0,0.0,0.0,0.0,0.0,0.0,0.0,0.0,0.0,1.4377538211027854e-07,1.9199952750722888e-07,2.544169780969583e-07,5.003010536687564e-07,6.512124950705158e-07,8.421272604326654e-07,1.0822015464744628e-06,1.3823569162512144e-06,2.317875820822202e-06,2.916438773661179e-06,3.6508562555813283e-06,4.547699333898578e-06,5.637891425316577e-06,6.957279210227203e-06,8.547257332980687e-06,1.2797111805416033e-05,1.553575057060329e-05,1.8788379543318957e-05,2.263771018486634e-05,2.717749135353175e-05,3.251366455208059e-05,3.876560483521625e-05,5.372494299639325e-05,6.344245260138947e-05,7.469705519793323e-05,8.769604184601744e-05,0.00010266964564889146,0.00011987299656707357,0.0001395881887145249,0.00016212646301265484,0.00018783051314035998,0.0002170769105459447,0.0002803105634311683,0.00032165501945456996,0.000368302266981138,0.0004208272577548403,0.00047985551059058886,0.0005460665061715371,0.0006201972527274044,0.0007030460225610019,0.0007954762800409466,0.0008984208047649846,0.0011029566721183302,0.0012389648426464363,0.001389499208491553,0.001555867187495961,0.001739472364756423,0.0019418202890103676,0.0021645246275741638,0.0024093137226550328,0.002678037590236461,0.002972675418332335,0.003295343618254582,0.0038872741156005253,0.004291896726354528,0.004733062178662105,0.005213594910749814,0.005736510457957463,0.006305028805760849,0.006922589087356775,0.007592865817678859,0.008319786894753774,0.009107553624055196,0.009960663096671762,0.010883933269888908,0.012444731585688758,0.013559888764368,0.014763720694987272,0.0160627218840523,0.01746389414623307,0.01897480072768901,0.02060362873854273,0.022359261495407384,0.024251362769353964,0.026290475393378997,0.02848813734792643,0.031922077774862515,0.03453131493771114,0.03734342242935953,0.040375650109961365,0.04364726786428302,0.047179921381793874,0.05099807390967098,0.05512956069378355,0.0596062932115651,0.06446516569519944,0.07147117037434848,0.07730415710853847,0.08367590800131999,0.0906598987388031,0.09834660620043484,0.10684964586948877,0.11631508985888853,0.1269362462472822,0.1389784090204858,0.15526500113767608,0.17157370135098718,0.1912532970032801,0.21622151347388632,0.2514293168766513,0.0,0.0,0.0,0.0,0.0,0.0,0.0,0.0,0.0,0.0,0.0,0.0,0.0,0.0,0.0,0.0,0.0,0.0,0.0,0.0,0.0,0.0,0.0,0.0,0.0,0.0,0.0,0.0,0.0,0.0,0.0,0.0,0.0,0.0,0.0,0.0,0.0,0.0,0.0,0.0,0.0,0.0,0.0,0.0,0.0,0.0,0.0,0.0,0.0,0.0,0.0,0.0,0.0,0.0,0.0,0.0,0.0,0.0,0.0,0.0,0.0,0.0,0.0,0.0,0.0,0.0,0.0,0.0,0.0,0.0,0.0,0.0,0.0,0.0,0.0,0.0,0.0,0.0,0.0
0.0250999793052673,0.0,0.0,0.0,0.0,0.0,0.0,0.0,0.0,0.0,0.0,0.0,0.0,0.0,0.0,0.0,0.0,0.0,0.0,0.0,0.0,0.0,0.0,1.8398999933350683e-07,2.4352873392039396e-07,3.1996279214522245e-07,6.244258326608195e-07,8.066178262098047e-07,1.0354827621518188e-06,1.3213309464264557e-06,1.6763864423230837e-06,2.794665640752151e-06,3.494958973861714e-06,4.34930779422206e-06,5.386869456816015e-06,6.641411426493534e-06,8.151892367273066e-06,9.963095586183748e-06,1.4858036807849163e-05,1.7952945278928697e-05,2.1612486341359375e-05,2.592482367768784e-05,3.098950592949136e-05,3.691861205274943e-05,4.383798177276797e-05,6.058223750397615e-05,7.127222798148671e-05,8.36094977915002e-05,9.781005045285984e-05,0.0001141130684322363,0.00013278281809807877,0.0001541106603220334,0.00017841717061360234,0.00020605437000702784,0.00023740807185016887,0.00030605553006375993,0.00035019447781389085,0.0003998613383115562,0.00045564032438505717,0.0005181656193532679,0.0005881246371815821,0.000666261436969586,0.000753380310753062,0.0008503495401664562,0.0009581053494825618,0.0011750622884965695,0.0013169978201851102,0.0014737653248991904,0.0016466694228536626,0.001837108516819765,0.0020465803588502053,0.0022766879647404406,0.002529145922372565,0.0028057871300072737,0.0031085700261692453,0.0034395863644985283,0.004055212498347813,0.0044694019760527,0.004920275394664591,0.005410614688867331,0.0059433873824423136,0.006521759574046219,0.007149110245973854,0.007829047080705389,0.008565424017150007,0.009362360795481495,0.010224264812668447,0.011710695680078678,0.01275218553522137,0.01387565566194703,0.015087012609408604,0.016392611477079697,0.017799302075174665,0.019314481944231836,0.02094615751361362,0.022703014980401708,0.0245945028539616,0.0266309285871102,0.02882357232014347,0.03229244158384644,0.034892689176764344,0.0376925807828957,0.04070898704864624,0.043960755914162486,0.04746906129176495,0.05125783599824647,0.05535431511630544,0.0597897261550955,0.06460017743350292,0.07160791824897594,0.07737726900805023,0.0836751054798942,0.09057338413387857,0.09816072150847378,0.10654840903725916,0.11587954475114784,0.1263435165846329,0.13820025533158348,0.15434071042534855,0.17038299020246975,0.18972878510607177,0.21425679339726117,0.2488147550232899,0.0,0.0,0.0,0.0,0.0,0.0,0.0,0.0,0.0,0.0,0.0,0.0,0.0,0.0,0.0,0.0,0.0,0.0,0.0,0.0,0.0,0.0,0.0,0.0,0.0,0.0,0.0,0.0,0.0,0.0,0.0,0.0,0.0,0.0,0.0,0.0,0.0,0.0,0.0,0.0,0.0,0.0,0.0,0.0,0.0,0.0,0.0,0.0,0.0,0.0,0.0,0.0,0.0,0.0,0.0,0.0,0.0,0.0,0.0,0.0,0.0,0.0,0.0,0.0,0.0,0.0,0.0,0.0,0.0,0.0,0.0,0.0,0.0,0.0,0.0,0.0,0.0,0.0
0.0258056277275085,0.0,0.0,0.0,0.0,0.0,0.0,0.0,0.0,0.0,0.0,0.0,0.0,0.0,0.0,0.0,0.0,0.0,0.0,0.0,0.0,0.0,0.0,0.0,2.332917959957735e-07,3.0618057056836224e-07,3.9902605402630156e-07,7.732376525689905e-07,9.916034066152583e-07,1.2640624572638416e-06,1.6021538339495343e-06,2.0194806491566027e-06,3.3485957813321113e-06,4.163198110382192e-06,5.151571807770929e-06,6.3455571440212235e-06,7.781855949668085e-06,9.502620438982983e-06,1.4222877503583531e-05,1.7170541362384388e-05,2.0653028005530956e-05,2.475333536845881e-05,2.9565101786153015e-05,3.5193668949524483e-05,4.175721797401273e-05,4.9387981841726405e-05,6.807213279680638e-05,7.979359414777151e-05,9.327519327094882e-05,0.00010874141445598102,0.0001264401035762388,0.0001466443225508747,0.00016965430160284197,0.0001957994923255663,0.0002254407268213524,0.00029153049009310496,0.00033334367184548186,0.00038036191921494023,0.0004331315374904313,0.000492245162868165,0.0005583447509999153,0.0006321247012498638,0.0007143351332839238,0.0008057853224265248,0.0009073473016877691,0.0010199596461640348,0.0012497891354258483,0.0013976963548055447,0.0015607296720007908,0.0017401897707842032,0.0019374687635700255,0.002154055540315501,0.0023915414617560722,0.0026516264331464734,0.0029361254038135116,0.0032469753437903833,0.0035862427640031514,0.004226065284507521,0.0046497036314674675,0.005110147023163426,0.005610135022347269,0.006152587522821256,0.006740617393902657,0.007377544426892271,0.008066910766568909,0.008812498047237358,0.009618346495931785,0.010488776290107873,0.012010584731071899,0.013060780751832122,0.01419229647706168,0.015410915235645002,0.016722857930467235,0.01813482827899024,0.019654064786635037,0.02128840070093021,0.02304633350979522,0.024937105877947154,0.02697080039727864,0.030253439107100176,0.03266323084285428,0.035254702866754827,0.03804270639691181,0.041043751454846907,0.04427628499625266,0.04776103289631584,0.051521424566201825,0.05558412589370565,0.059979716141489246,0.06474355931363912,0.07175612713193248,0.07746444612788285,0.08369146307621973,0.09050770167697295,0.09800002633682224,0.10627754315298701,0.11548055911951545,0.12579479244604644,0.1399866713894605,0.1534816885657632,0.16927186007458483,0.18830292582634994,0.21241842455802504,0.24637611899634698,0.0,0.0,0.0,0.0,0.0,0.0,0.0,0.0,0.0,0.0,0.0,0.0,0.0,0.0,0.0,0.0,0.0,0.0,0.0,0.0,0.0,0.0,0.0,0.0,0.0,0.0,0.0,0.0,0.0,0.0,0.0,0.0,0.0,0.0,0.0,0.0,0.0,0.0,0.0,0.0,0.0,0.0,0.0,0.0,0.0,0.0,0.0,0.0,0.0,0.0,0.0,0.0,0.0,0.0,0.0,0.0,0.0,0.0,0.0,0.0,0.0,0.0,0.0,0.0,0.0,0.0,0.0,0.0,0.0,0.0,0.0,0.0,0.0,0.0,0.0,0.0,0.0
0.0265150904655457,0.0,0.0,0.0,0.0,0.0,0.0,0.0,0.0,0.0,0.0,0.0,0.0,0.0,0.0,0.0,0.0,0.0,0.0,0.0,0.0,0.0,0.0,0.0,0.0,0.0,3.817338449478904e-07,4.936495952094948e-07,6.342883780678787e-07,1.210248405289353e-06,1.532456349920933e-06,1.9297994991582077e-06,2.4173308896175457e-06,3.988368042296043e-06,4.930706736025021e-06,6.0680612772782414e-06,7.435040079727526e-06,9.071356227598772e-06,1.1022422597270246e-05,1.643673650390005e-05,1.975380671193377e-05,2.3656161492746898e-05,2.8231968415379112e-05,3.358033649117474e-05,3.981236773255451e-05,4.70522805799183e-05,5.543860116349514e-05,7.622493747072939e-05,8.903685924980516e-05,0.00010372412743508782,0.00012051944019196537,0.0001396789891912632,0.00016148425952125587,0.00018624392285903935,0.00021429582310271813,0.00024600906188617397,0.00031763719491447617,0.00036219697932713535,0.0004121748519944347,0.0004681252802472534,0.000530648481411689,0.000600393286665709,0.0006780601407866618,0.0007644042420847067,0.0008602388329014351,0.0009664386530042913,0.0011873805111422059,0.0013270964661642162,0.0014810091281640839,0.0016503298919755063,0.001836354417369179,0.0020404674732667997,0.002264148083034773,0.002508975010411799,0.002776632615517963,0.003068917131871212,0.0033877434114976956,0.003735152200410179,0.004399662613205554,0.004832618521848011,0.005302480717134107,0.005811946559342085,0.006363888721517612,0.0069613675173510305,0.007607644504527314,0.008306197563543533,0.009060737640778456,0.00987522742995167,0.01075390227706499,0.012311569157063912,0.013370190982421782,0.014509471002858581,0.015735073660730195,0.017053090588687782,0.01847008498673856,0.019993142598891955,0.021629930536836664,0.023388765463138145,0.025278693005430525,0.027309580731161194,0.030629965854222674,0.03303384279473779,0.03561670376507414,0.038393089645363594,0.041379167099495746,0.04459300155427299,0.04805489286547135,0.05178779208336312,0.05581782455404864,0.0601749543567472,0.06671672535434882,0.07191411751412716,0.07756378853112408,0.08372282425608095,0.09046039530800572,0.0978617136303901,0.10603382762239713,0.11511442149637123,0.1252857736343637,0.13938428871468148,0.15268201360767866,0.16823324743805007,0.18696711197243596,0.210695498853631,0.2440981710828281,0.0,0.0,0.0,0.0,0.0,0.0,0.0,0.0,0.0,0.0,0.0,0.0,0.0,0.0,0.0,0.0,0.0,0.0,0.0,0.0,0.0,0.0,0.0,0.0,0.0,0.0,0.0,0.0,0.0,0.0,0.0,0.0,0.0,0.0,0.0,0.0,0.0,0.0,0.0,0.0,0.0,0.0,0.0,0.0,0.0,0.0,0.0,0.0,0.0,0.0,0.0,0.0,0.0,0.0,0.0,0.0,0.0,0.0,0.0,0.0,0.0,0.0,0.0,0.0,0.0,0.0,0.0,0.0,0.0,0.0,0.0,0.0,0.0,0.0,0.0,0.0
0.0265608778294669,0.0,0.0,0.0,0.0,0.0,0.0,0.0,0.0,0.0,0.0,0.0,0.0,0.0,0.0,0.0,0.0,0.0,0.0,0.0,0.0,0.0,0.0,0.0,0.0,0.0,3.806569753584289e-07,4.922249806064164e-07,6.324178281796304e-07,1.2068969722855893e-06,1.528117772139893e-06,1.9242192856837577e-06,2.4101983741569523e-06,3.9774815705621295e-06,4.916959472527375e-06,6.0507961233754535e-06,7.413470605036611e-06,9.044545209814041e-06,1.0989257864882726e-05,1.6391081622058172e-05,1.96978815160224e-05,2.3587950469917208e-05,2.814911820488584e-05,3.3480108625822744e-05,3.969158714413135e-05,4.6907276997837695e-05,5.526514642790338e-05,7.600324232104197e-05,8.877365135645027e-05,0.00010341264913268347,0.00012015199933813985,0.00013924685449953253,0.00016097754381355652,0.0001856514592943222,0.00021360502848684723,0.00024520579106009484,0.00031666318270340727,0.00036107085077349447,0.00041087603759048803,0.0004666308615609328,0.0005289329725136784,0.0005984283993186698,0.0006758145339016372,0.0007618432508815815,0.000857324181033273,0.0009631281438372452,0.001183518067277795,0.0013227282681084688,0.0014760779500106243,0.0016447730309984937,0.0018301032539223424,0.0020334470045556456,0.0022562764226076925,0.00250016285073691,0.002766782653144115,0.0030579234506713775,0.003375490818879529,0.0037215155120148453,0.004384227120491809,0.004815490778069821,0.005283498873671213,0.005790935191755991,0.006340657761309861,0.00693571108815712,0.0075793396529249876,0.008275002861036003,0.009026391651514806,0.00983744701836927,0.010712380735736488,0.012265442863114632,0.013319593501234886,0.014454009343835882,0.015674321255698943,0.01698658399584269,0.018397320143265974,0.019913570563006727,0.021542952604884022,0.02329372755327647,0.025174879160967584,0.02719620555828806,0.030505308708242987,0.032897762513773784,0.03546814538028829,0.03823088235161735,0.041202006437049965,0.0443994277666736,0.047843264324595396,0.05155625234721945,0.055564261045275315,0.05989694587226899,0.06641040812192668,0.07157726695449526,0.07719256294214659,0.08331263991166094,0.09000570342165785,0.09735568112982994,0.10546786520740818,0.1144774582630509,0.12456308789985579,0.13855492323225918,0.15171699364825555,0.16708601656177033,0.18555625246195934,0.20885070409508394,0.24130534513901594,0.3143262434591134,0.0,0.0,0.0,0.0,0.0,0.0,0.0,0.0,0.0,0.0,0.0,0.0,0.0,0.0,0.0,0.0,0.0,0.0,0.0,0.0,0.0,0.0,0.0,0.0,0.0,0.0,0.0,0.0,0.0,0.0,0.0,0.0,0.0,0.0,0.0,0.0,0.0,0.0,0.0,0.0,0.0,0.0,0.0,0.0,0.0,0.0,0.0,0.0,0.0,0.0,0.0,0.0,0.0,0.0,0.0,0.0,0.0,0.0,0.0,0.0,0.0,0.0,0.0,0.0,0.0,0.0,0.0,0.0,0.0,0.0,0.0,0.0,0.0,0.0,0.0
0.0272321818351746,0.0,0.0,0.0,0.0,0.0,0.0,0.0,0.0,0.0,0.0,0.0,0.0,0.0,0.0,0.0,0.0,0.0,0.0,0.0,0.0,0.0,0.0,0.0,0.0,0.0,0.0,4.7202410016382905e-07,6.059052071092236e-07,7.730026453593209e-07,1.4665944648004467e-06,1.845121850126344e-06,2.309138550633585e-06,2.875208772655908e-06,4.72203960966593e-06,5.806089763584346e-06,7.107869607380898e-06,8.664817495740481e-06,1.0519707608578396e-05,1.2721248374635345e-05,1.890550366864845e-05,2.2621833326067262e-05,2.6976052014280802e-05,3.2061464970460216e-05,3.7982587841212885e-05,4.485618681324946e-05,5.281237991221674e-05,6.199581106216485e-05,8.50493479880939e-05,9.900668946378654e-05,0.00011495600459104216,0.0001331378284236029,0.00015381626113277592,0.00017728071308755353,0.0002038477352163251,0.00023386293667822757,0.00026770299411877664,0.000345161528533364,0.0003925321376391766,0.00044553002848523465,0.0005047168380113699,0.0005706993036529225,0.0006441320095331481,0.0007257202606453274,0.0008162230909180123,0.0009164564167895252,0.0010272963442900694,0.0012611273667589413,0.0014065551826013196,0.0015664483346155185,0.0017420138114262365,0.0019345407300341297,0.00214540499706466,0.0023760742632624983,0.0026281132113027093,0.0029031892068584705,0.003203078364876009,0.003529672075663964,0.004167003903848892,0.0045745117134374695,0.005016499292884233,0.005495461395298021,0.006014052288607137,0.006575096674583182,0.007181601714080741,0.007836770311002895,0.008544015837011646,0.00930697850479696,0.010129543643586755,0.011015862155629044,0.012609467100368253,0.013675852601454671,0.014822201385895444,0.016054060400850577,0.017377393689844128,0.01879862590558264,0.020324692312216314,0.02196309647604226,0.023721977146387966,0.025610186154553707,0.02763737961138406,0.030995375175166283,0.033392437347937565,0.03596578595522451,0.03872965645426234,0.041699877352627285,0.0448941380062935,0.04833231789682233,0.05203689546391466,0.056033461228579856,0.06035136955532603,0.06690639092372946,0.07205267415981935,0.07764307801836154,0.08373356144083507,0.09039193658957406,0.09770174970356904,0.10576796512474033,0.11472559543148973,0.12475339034674626,0.1387584364496424,0.15185731550968296,0.16716680796852604,0.18559791787567156,0.2089266095572023,0.24173599404411655,0.0,0.0,0.0,0.0,0.0,0.0,0.0,0.0,0.0,0.0,0.0,0.0,0.0,0.0,0.0,0.0,0.0,0.0,0.0,0.0,0.0,0.0,0.0,0.0,0.0,0.0,0.0,0.0,0.0,0.0,0.0,0.0,0.0,0.0,0.0,0.0,0.0,0.0,0.0,0.0,0.0,0.0,0.0,0.0,0.0,0.0,0.0,0.0,0.0,0.0,0.0,0.0,0.0,0.0,0.0,0.0,0.0,0.0,0.0,0.0,0.0,0.0,0.0,0.0,0.0,0.0,0.0,0.0,0.0,0.0,0.0,0.0,0.0,0.0,0.0
0.0279511803627014,0.0,0.0,0.0,0.0,0.0,0.0,0.0,0.0,0.0,0.0,0.0,0.0,0.0,0.0,0.0,0.0,0.0,0.0,0.0,0.0,0.0,0.0,0.0,0.0,0.0,0.0,0.0,0.0,7.383513794545663e-07,9.35582350574816e-07,1.7657154277055414e-06,2.207760662969143e-06,2.7465485405972406e-06,3.400215579778342e-06,4.189725358798278e-06,6.801327673810992e-06,8.284186876214387e-06,1.0049363923975548e-05,1.214274792617562e-05,1.4616383667645258e-05,2.165331592486215e-05,2.580084135400912e-05,3.064114032853133e-05,3.627264158095868e-05,4.2805227414822326e-05,5.036125667416631e-05,5.907664949407917e-05,6.910203293021028e-05,9.460072202383254e-05,0.00010976304377377592,0.000127035881132497,0.00014666731755662727,0.00016892902911145162,0.0001941179728457184,0.00022255815458430318,0.00025460247996927503,0.0002906346872459558,0.0003742422344211549,0.00042450234243668615,0.0004805971104731918,0.0005430946440640224,0.0006126074666119771,0.0006897951502080143,0.0007753670714587845,0.0008700852949352442,0.0009747675944205434,0.0010902906255703855,0.0013374723042145842,0.0014886565218289404,0.0016545652065974906,0.0018364001682444184,0.0020354432599859976,0.002253060866551043,0.0024907086844416677,0.0027499368243970343,0.003032395276195739,0.0033398397786513004,0.0036741381432929435,0.004336006332297117,0.004752366349772407,0.005203299806823573,0.005691263560891638,0.006218869633194122,0.006788895866519182,0.007404297669515631,0.008068221006765642,0.008784016799360701,0.009555256954991159,0.01038575226415945,0.011909937157504307,0.012909754536375679,0.013983791326709202,0.015137112046802254,0.016375151552992767,0.01770375234975701,0.019129207326176473,0.0206583088343614,0.0222984053404294,0.024057467092192537,0.025944162612455017,0.0291351549568639,0.03136478756261916,0.033755532762840434,0.036319992201314426,0.03907211439608843,0.04202741058139105,0.0452032177434994,0.04861902204630774,0.052296860407129366,0.05626182452196882,0.0605427010926089,0.06711442649676645,0.07221260719479221,0.0777472562136442,0.08377329394407662,0.09035728476671949,0.0975812509351129,0.10554825897481322,0.11439090247025623,0.12428475885802562,0.138209048683769,0.15112389037934812,0.16621090153453996,0.18436581371151683,0.20733558333208504,0.23963229903575872,0.0,0.0,0.0,0.0,0.0,0.0,0.0,0.0,0.0,0.0,0.0,0.0,0.0,0.0,0.0,0.0,0.0,0.0,0.0,0.0,0.0,0.0,0.0,0.0,0.0,0.0,0.0,0.0,0.0,0.0,0.0,0.0,0.0,0.0,0.0,0.0,0.0,0.0,0.0,0.0,0.0,0.0,0.0,0.0,0.0,0.0,0.0,0.0,0.0,0.0,0.0,0.0,0.0,0.0,0.0,0.0,0.0,0.0,0.0,0.0,0.0,0.0,0.0,0.0,0.0,0.0,0.0,0.0,0.0,0.0,0.0,0.0,0.0,0.0
0.0286759003639221,0.0,0.0,0.0,0.0,0.0,0.0,0.0,0.0,0.0,0.0,0.0,0.0,0.0,0.0,0.0,0.0,0.0,0.0,0.0,0.0,0.0,0.0,0.0,0.0,0.0,0.0,0.0,0.0,0.0,0.0,1.1246401865695639e-06,1.408185040542607e-06,2.6252988349967103e-06,3.247325302415142e-06,3.997987771551804e-06,4.9000184016492065e-06,7.92547227809051e-06,9.606413945646008e-06,1.159831644320277e-05,1.3950208302610184e-05,1.671748020241826e-05,1.9962525694631966e-05,2.930416272707184e-05,3.466407819844185e-05,4.0877093748688264e-05,4.805835845539999e-05,5.633569199079829e-05,6.585064614371193e-05,7.67596244653013e-05,0.000104883409982385,0.00012130549285700024,0.00013995758104006685,0.0001610949121697823,0.00018499629197832226,0.00021196572559172892,0.00024233412267558857,0.00027646107970384344,0.0003147367402359439,0.00040480079464000503,0.00045801050530868683,0.0005172581152657936,0.0005831173067960173,0.000656205445879845,0.0007371861086556319,0.0008267717211532551,0.0009257263221557813,0.0010348684597735098,0.0011550742339527732,0.0014160171610535573,0.0015729483874166164,0.0017448485682406809,0.0019329131699066006,0.002138415634217704,0.002362711708414737,0.0026072440571215513,0.002873547193983644,0.0031632527698680375,0.0034780952596622995,0.0038199180971785207,0.004506713092682136,0.004931711206830025,0.005391351392026441,0.005888052248584951,0.0064243833453309,0.0070030756317065465,0.007627032917052289,0.008299344574196952,0.009023299637720437,0.009802402505509136,0.01064039047159317,0.012200677142063006,0.013208250720267753,0.014289449156900122,0.015449235796679348,0.016692935919848596,0.018026273387240867,0.01945541258239411,0.0209870066188094,0.022628252965598693,0.024386957936904038,0.026271611812730404,0.029502288149300882,0.03172742716814663,0.03411139514543057,0.036666540748232,0.039406533855532604,0.04234657756493535,0.045503666569277845,0.04889690483320404,0.05254790004913425,0.05648125872391712,0.06264806735994118,0.06731466133253505,0.0723651399025903,0.07784460788488776,0.08380697139743128,0.09031757457999562,0.09745694699936513,0.10532629292551496,0.11405582703832558,0.126542465077942,0.1376650530010565,0.15039901855063975,0.16526717621996803,0.18314984577251558,0.2057642419688144,0.2375469693883121,0.0,0.0,0.0,0.0,0.0,0.0,0.0,0.0,0.0,0.0,0.0,0.0,0.0,0.0,0.0,0.0,0.0,0.0,0.0,0.0,0.0,0.0,0.0,0.0,0.0,0.0,0.0,0.0,0.0,0.0,0.0,0.0,0.0,0.0,0.0,0.0,0.0,0.0,0.0,0.0,0.0,0.0,0.0,0.0,0.0,0.0,0.0,0.0,0.0,0.0,0.0,0.0,0.0,0.0,0.0,0.0,0.0,0.0,0.0,0.0,0.0,0.0,0.0,0.0,0.0,0.0,0.0,0.0,0.0,0.0,0.0,0.0,0.0
0.0294063418388367,0.0,0.0,0.0,0.0,0.0,0.0,0.0,0.0,0.0,0.0,0.0,0.0,0.0,0.0,0.0,0.0,0.0,0.0,0.0,0.0,0.0,0.0,0.0,0.0,0.0,0.0,0.0,0.0,0.0,0.0,0.0,1.3430694676070298e-06,1.67158140734602e-06,2.0701438980967956e-06,3.817389467093535e-06,4.674877389640213e-06,5.700212120870464e-06,9.18884824763674e-06,1.108543788266125e-05,1.3323064537674048e-05,1.595390345712702e-05,1.9036681742159333e-05,2.2637312820976432e-05,3.31493003464924e-05,3.906252473305352e-05,4.5892441166121206e-05,5.375934103040904e-05,6.279634512237449e-05,7.315044176816421e-05,8.498357808509726e-05,0.00011591805608094364,0.00013365305208033935,0.00015373808293585095,0.0001764351207376461,0.0002020296324440059,0.0002308321532917968,0.0002631799285650156,0.00029943862787438667,0.00034000413308515084,0.0004368345829938816,0.00049304783959868,0.0005554975236668651,0.0006247620034760966,0.0007014625611862545,0.0007862658112432793,0.0008798862303184227,0.00098308880691082,0.0010966918181410871,0.0012215697463002963,0.0014966788503409305,0.0016593361294423106,0.0018371919071683612,0.002031434206917577,0.002243326985358337,0.002474214310167021,0.0027255248167274036,0.0029987764796370166,0.003295581734182001,0.003617652990854224,0.003966808594234633,0.004678906811337102,0.005112317207570912,0.005580413815993061,0.006085576702897175,0.006630332859790686,0.0072173663805671275,0.00784952968962021,0.008529855976412008,0.009261573002467046,0.010048118484697595,0.01089315728585506,0.01248977957792332,0.013504634745591684,0.01459250262214695,0.01575824752349385,0.01700708761860503,0.018344630914775575,0.019776916450256334,0.021310461631377998,0.022952316868322137,0.02471012891290292,0.026592214637121095,0.029862796692074554,0.03208295336045842,0.03445968239836373,0.037005086639498974,0.039732565172473595,0.04265702159768277,0.04579511781606962,0.049165586074103415,0.05278961641815693,0.0566913429879878,0.0628808537132555,0.06750658092333195,0.07250971266293398,0.07793451870416321,0.08383391361580686,0.09027204702409061,0.09732798500225705,0.10510110263525457,0.1137192728501597,0.12615201160670242,0.13712498131958317,0.14968101352384547,0.1643336886649486,0.18194777212377553,0.20421001433916502,0.23882693369719696,0.0,0.0,0.0,0.0,0.0,0.0,0.0,0.0,0.0,0.0,0.0,0.0,0.0,0.0,0.0,0.0,0.0,0.0,0.0,0.0,0.0,0.0,0.0,0.0,0.0,0.0,0.0,0.0,0.0,0.0,0.0,0.0,0.0,0.0,0.0,0.0,0.0,0.0,0.0,0.0,0.0,0.0,0.0,0.0,0.0,0.0,0.0,0.0,0.0,0.0,0.0,0.0,0.0,0.0,0.0,0.0,0.0,0.0,0.0,0.0,0.0,0.0,0.0,0.0,0.0,0.0,0.0,0.0,0.0,0.0,0.0,0.0
0.0301405976295471,0.0,0.0,0.0,0.0,0.0,0.0,0.0,0.0,0.0,0.0,0.0,0.0,0.0,0.0,0.0,0.0,0.0,0.0,0.0,0.0,0.0,0.0,0.0,0.0,0.0,0.0,0.0,0.0,0.0,0.0,0.0,0.0,0.0,0.0,2.429254307434228e-06,4.463304337315348e-06,5.437961348937921e-06,6.5978929740524425e-06,7.973070732897773e-06,1.2733578121806371e-05,1.5236648275430177e-05,1.816756406667872e-05,2.1588370937660617e-05,2.556846601886677e-05,3.7357382856042715e-05,4.3858393979518415e-05,5.134131289818793e-05,5.993144067241096e-05,6.976703928656825e-05,8.100033832462628e-05,9.379859842366124e-05,0.0001277377341464557,0.00014683932461371135,0.00016841146196145784,0.00019272245413148674,0.00022006399020756424,0.00025075265256705435,0.00028513149717241743,0.0003235717020900731,0.0003664742829565552,0.00047039227796436965,0.0005296645616412594,0.0005953675033442981,0.0006680833796205608,0.0007484365814619067,0.0008370959332023663,0.0009347771159017771,0.0010422452092724618,0.00116031735535843,0.0012898655590875422,0.0015795668548898858,0.00174794152732356,0.0019317314838273386,0.0021321164810664747,0.0023503502114473676,0.0025877643377248847,0.002845772806398379,0.003125876467945147,0.003429668045360863,0.0037588374893733523,0.004443867652758608,0.004853014976924738,0.00529466684253061,0.005771031013864833,0.0062844492803209384,0.006837406496855364,0.007432540536838462,0.008072653287175156,0.008760722828338277,0.009499916967863002,0.010293608324707076,0.011145391192008917,0.012778742770469264,0.013800566494537437,0.014894787690885014,0.016066174847412077,0.017319842627346177,0.018661287223628694,0.020096426834521106,0.021631648177003426,0.023273860174503957,0.025030556195632263,0.02690988655408591,0.03022098257151294,0.0324360680502197,0.03480553035696557,0.03734123692735459,0.04005632770437305,0.042965419812023724,0.04608485699303053,0.04943301629577822,0.0530306888755289,0.056901557948327824,0.06311550349739568,0.06770155643559016,0.0726587891663639,0.07803067672538093,0.0838691907764101,0.09023734614411699,0.09721282017531774,0.10489325467363919,0.11340430744332029,0.12578907689343918,0.13661868920719425,0.1490045539916749,0.16345164556048047,0.18081035031995524,0.20273964393224161,0.23696780460629244,0.0,0.0,0.0,0.0,0.0,0.0,0.0,0.0,0.0,0.0,0.0,0.0,0.0,0.0,0.0,0.0,0.0,0.0,0.0,0.0,0.0,0.0,0.0,0.0,0.0,0.0,0.0,0.0,0.0,0.0,0.0,0.0,0.0,0.0,0.0,0.0,0.0,0.0,0.0,0.0,0.0,0.0,0.0,0.0,0.0,0.0,0.0,0.0,0.0,0.0,0.0,0.0,0.0,0.0,0.0,0.0,0.0,0.0,0.0,0.0,0.0,0.0,0.0,0.0,0.0,0.0,0.0,0.0,0.0,0.0,0.0
0.0305385550883342,0.0,0.0,0.0,0.0,0.0,0.0,0.0,0.0,0.0,0.0,0.0,0.0,0.0,0.0,0.0,0.0,0.0,0.0,0.0,0.0,0.0,0.0,0.0,0.0,0.0,0.0,0.0,0.0,0.0,0.0,0.0,0.0,0.0,0.0,0.0,2.899767898135731e-06,5.302997352129253e-06,6.4314926920695926e-06,7.768858706270767e-06,1.2429981131166976e-05,1.4867434637848985e-05,1.7720399828599347e-05,2.104894928481218e-05,2.492024759211902e-05,2.940919064271636e-05,4.281150486730597e-05,5.009737423179119e-05,5.845828350286784e-05,6.802804669446907e-05,7.895394557942693e-05,9.13977468676294e-05,0.00012469523668943785,0.00014329254280694763,0.00016428810713242325,0.0001879415059779192,0.00021453483951785,0.00024437418291607687,0.00027779109920655573,0.00031514421501090725,0.0003568208626984137,0.00045876285483539337,0.0005164093260715462,0.000580290615181292,0.0006509692012339892,0.0007290480529121869,0.000815172843658146,0.0009100342627120299,0.0010143704368402871,0.0011289694718672112,0.0012546721162194322,0.0015387177404234753,0.0017022537696796537,0.0018807114323378803,0.002075227919315714,0.002287011261739945,0.002517344157947359,0.002767588058903755,0.003039187544926579,0.0033336750221464487,0.0036526757848556798,0.0039979134813020786,0.0047206116453101105,0.0051488137497906344,0.005610537255581948,0.006108031032457139,0.006643680074618913,0.007220014837612744,0.007839721537779875,0.00850565354652439,0.009220844036915074,0.00998852005580379,0.010812118236885687,0.012409398776514816,0.013397800019331284,0.014455849687134774,0.015588094111545832,0.01679940473707509,0.01809501073714485,0.01948053627258118,0.020962043220670558,0.02254608038030793,0.024239740374586562,0.026050725763967476,0.029278866026975683,0.031412951046844134,0.03369437534315851,0.036134274788082205,0.0387449509720468,0.04154005411748847,0.04453480498504535,0.04774626638735922,0.05119367849706645,0.054898877200495196,0.06091813758344314,0.06530013812541206,0.07002964970508724,0.0751459806071656,0.08069580493067721,0.08673527317200055,0.09333296929067571,0.1005741698561929,0.10856718251492198,0.12031970381569196,0.13038478568067288,0.14180055513741177,0.15496047282574538,0.17049203590551187,0.18951551197151478,0.21445388209921265,0.2569108838008334,0.0,0.0,0.0,0.0,0.0,0.0,0.0,0.0,0.0,0.0,0.0,0.0,0.0,0.0,0.0,0.0,0.0,0.0,0.0,0.0,0.0,0.0,0.0,0.0,0.0,0.0,0.0,0.0,0.0,0.0,0.0,0.0,0.0,0.0,0.0,0.0,0.0,0.0,0.0,0.0,0.0,0.0,0.0,0.0,0.0,0.0,0.0,0.0,0.0,0.0,0.0,0.0,0.0,0.0,0.0,0.0,0.0,0.0,0.0,0.0,0.0,0.0,0.0,0.0,0.0,0.0,0.0,0.0,0.0,0.0
0.0308805748939514,0.0,0.0,0.0,0.0,0.0,0.0,0.0,0.0,0.0,0.0,0.0,0.0,0.0,0.0,0.0,0.0,0.0,0.0,0.0,0.0,0.0,0.0,0.0,0.0,0.0,0.0,0.0,0.0,0.0,0.0,0.0,0.0,0.0,0.0,0.0,0.0,3.4572009230279163e-06,6.29321096305497e-06,7.599211117722404e-06,9.140746499946834e-06,1.4560455949239692e-05,1.734872897939855e-05,2.0600737550979467e-05,2.4381801411311668e-05,2.8764736233251197e-05,4.194114935873837e-05,4.906350796244162e-05,5.723426923305953e-05,6.658357430649514e-05,7.725461885271436e-05,8.94046347060408e-05,0.00010320592009409703,0.00014034587738895684,0.00016086336879473322,0.00018397166473162158,0.00020994495360669106,0.000239080643218837,0.00027170081767987004,0.0003081537565761738,0.00034881551390658866,0.0003940915669898323,0.0005054105816627799,0.000567783440733419,0.0006367754583950219,0.0007129719580322936,0.0007969995480327003,0.0008895283433521842,0.0009912742902813663,0.001103001603789748,0.0012255253244065482,0.0015048654778964435,0.0016644004853832062,0.0018384500034208545,0.0020281162399562744,0.0022345697126640142,0.002459052907654353,0.002702884180900488,0.0029674619390158185,0.0032542691142242383,0.00356487799203043,0.0039009554138901186,0.004611088670839025,0.005028193504387159,0.005477840456746774,0.005962202392945944,0.0064835826769771565,0.007044424016104223,0.00764731820450794,0.00829501689250346,0.008990443525403636,0.009736706612696966,0.01053711452581736,0.012104561956346757,0.013065473074567567,0.014093783852635842,0.015193860642064811,0.016370378101113765,0.017628349658206602,0.018973162253562017,0.020410616110082245,0.02194697044687195,0.023588996236081627,0.025344037364088853,0.02850399768284561,0.030571863094123488,0.03278137810049035,0.035143098062400825,0.037668661262166864,0.04037095532521996,0.04326431838685587,0.04636478423667603,0.04969038373774242,0.053261519063380475,0.059122936483950866,0.06334049737430324,0.06788698305967636,0.07279854710885184,0.07811788656450185,0.08389604889350831,0.09019493503246576,0.09709085693895864,0.10467974893074225,0.1159425053267269,0.12542430119103237,0.1361125675474143,0.14833060092494527,0.1625747307416981,0.17968076261109553,0.2012790598226402,0.2351159824356415,0.0,0.0,0.0,0.0,0.0,0.0,0.0,0.0,0.0,0.0,0.0,0.0,0.0,0.0,0.0,0.0,0.0,0.0,0.0,0.0,0.0,0.0,0.0,0.0,0.0,0.0,0.0,0.0,0.0,0.0,0.0,0.0,0.0,0.0,0.0,0.0,0.0,0.0,0.0,0.0,0.0,0.0,0.0,0.0,0.0,0.0,0.0,0.0,0.0,0.0,0.0,0.0,0.0,0.0,0.0,0.0,0.0,0.0,0.0,0.0,0.0,0.0,0.0,0.0,0.0,0.0,0.0,0.0,0.0,0.0
0.0316243664741516,0.0,0.0,0.0,0.0,0.0,0.0,0.0,0.0,0.0,0.0,0.0,0.0,0.0,0.0,0.0,0.0,0.0,0.0,0.0,0.0,0.0,0.0,0.0,0.0,0.0,0.0,0.0,0.0,0.0,0.0,0.0,0.0,0.0,0.0,0.0,0.0,0.0,0.0,0.0,8.711875034934548e-06,1.0432537279910362e-05,1.24480345004059e-05,1.9672298008992636e-05,2.326694503824908e-05,2.7430973223605465e-05,3.2240546409327015e-05,4.692108826265235e-05,5.46988988393312e-05,6.359280941923018e-05,7.373762775290832e-05,8.528128153963876e-05,9.838576980191296e-05,0.00011322816092134435,0.00015377312561603546,0.00017575611069589665,0.0002004498778266658,0.00022813406753719676,0.00025911134136270126,0.0002937087838668544,0.0003322793593778886,0.00037520342888167465,0.0004228903282124873,0.0005419346907598931,0.0006074514583454924,0.0006797706712203121,0.0007594799537994168,0.0008472073664668988,0.0009436235379847468,0.0010494438945181195,0.0011654309987022085,0.0012923970073533046,0.0015863078182954229,0.0017512922670690932,0.0019309877556555831,0.002126488345320896,0.002338954609593321,0.002569617172090429,0.0028197804869440814,0.003090826888099376,0.003384220939792056,0.0037015141244582505,0.004044349909213868,0.004780001425887242,0.005204891546487427,0.0056623441065657846,0.006154497270129552,0.006683616330007212,0.0072521023670668915,0.00786250179690609,0.008517516927229714,0.009220017666774948,0.009973054549004155,0.010779873252534052,0.012383874117166113,0.013351500751249473,0.014385977611291994,0.015491586751881448,0.016672912000615648,0.01793486890641744,0.019282738894381424,0.02072220836729849,0.02225941364744375,0.023900992847821684,0.02565414600288361,0.028855621147816014,0.03091972120641829,0.03312355566995042,0.03547747946942566,0.03799291113735397,0.04068249646064331,0.043560306292789744,0.04664207761306747,0.049945509916989456,0.05349063322735449,0.05938173263901021,0.06356601840591344,0.06807399099530721,0.0729411711782261,0.07820951415453886,0.08392918684038393,0.09016102988662032,0.09698005701270507,0.10448058123757592,0.11571711403089577,0.1250830210368092,0.13563556199394744,0.14769274065329843,0.16174280861909773,0.1786080535180335,0.19989266158008334,0.23337028552313333,0.0,0.0,0.0,0.0,0.0,0.0,0.0,0.0,0.0,0.0,0.0,0.0,0.0,0.0,0.0,0.0,0.0,0.0,0.0,0.0,0.0,0.0,0.0,0.0,0.0,0.0,0.0,0.0,0.0,0.0,0.0,0.0,0.0,0.0,0.0,0.0,0.0,0.0,0.0,0.0,0.0,0.0,0.0,0.0,0.0,0.0,0.0,0.0,0.0,0.0,0.0,0.0,0.0,0.0,0.0,0.0,0.0,0.0,0.0,0.0,0.0,0.0,0.0,0.0,0.0,0.0,0.0,0.0,0.0
0.0323738795280457,0.0,0.0,0.0,0.0,0.0,0.0,0.0,0.0,0.0,0.0,0.0,0.0,0.0,0.0,0.0,0.0,0.0,0.0,0.0,0.0,0.0,0.0,0.0,0.0,0.0,0.0,0.0,0.0,0.0,0.0,0.0,0.0,0.0,0.0,0.0,0.0,0.0,0.0,0.0,0.0,0.0,0.0,1.408535227154965e-05,1.6680396755874526e-05,2.617424224176024e-05,3.074329552865704e-05,3.600242048897662e-05,4.203938194179633e-05,6.077301064401732e-05,7.042355380965574e-05,8.13979819816892e-05,9.384871038326134e-05,0.00010794222889258421,0.00012386006586878931,0.00016801498417252507,0.00019150783727937853,0.00021783041618562992,0.00024726732948658576,0.0002801259726791954,0.00031673787125239373,0.00035746008024468924,0.0004026766361949777,0.0004528000718415383,0.000579883832262042,0.0006485729461888213,0.0007242411805826511,0.0008074776380600798,0.0008989109895003037,0.0009992115179165973,0.0011090932581809285,0.0012293162436084796,0.0013606888677128845,0.0016695484658671848,0.0018399337964206252,0.0020252120363156894,0.002226468223997095,0.0024448521411588576,0.002681581739268109,0.0029379468037383882,0.0032153128849233474,0.0035151255254641176,0.003838914821504727,0.004188300357671506,0.004949801834455651,0.005382235302430224,0.0058472294834077815,0.006346887685365196,0.006883437095055034,0.007459237258920814,0.00807678944240898,0.008738746985743602,0.009447926790783918,0.01020732210422724,0.011020116779099866,0.012660851332440338,0.01363472540001857,0.01467488384080185,0.01578552605421691,0.016971146905249333,0.01823656616636787,0.0195869620998364,0.021027909902540422,0.02256542589256565,0.024206018509093877,0.025956747434985668,0.02919985056760304,0.031259666381840336,0.033457317418658865,0.035802963204762284,0.038307808002997816,0.04098426173697548,0.04384613449809344,0.046908873577164716,0.05018985489148234,0.053708744834447965,0.05963000590965003,0.06378094899869047,0.06825043488806566,0.0730733641932743,0.07829096424928458,0.08395253687773063,0.09011787947817794,0.09686072616947582,0.10427378868961291,0.11548587961208541,0.12473726120489784,0.13515568768147485,0.14705386317339897,0.16091189683874474,0.1775383153017336,0.1985102167409879,0.23162465659991333,0.0,0.0,0.0,0.0,0.0,0.0,0.0,0.0,0.0,0.0,0.0,0.0,0.0,0.0,0.0,0.0,0.0,0.0,0.0,0.0,0.0,0.0,0.0,0.0,0.0,0.0,0.0,0.0,0.0,0.0,0.0,0.0,0.0,0.0,0.0,0.0,0.0,0.0,0.0,0.0,0.0,0.0,0.0,0.0,0.0,0.0,0.0,0.0,0.0,0.0,0.0,0.0,0.0,0.0,0.0,0.0,0.0,0.0,0.0,0.0,0.0,0.0,0.0,0.0,0.0,0.0,0.0,0.0
0.0331272068977356,0.0,0.0,0.0,0.0,0.0,0.0,0.0,0.0,0.0,0.0,0.0,0.0,0.0,0.0,0.0,0.0,0.0,0.0,0.0,0.0,0.0,0.0,0.0,0.0,0.0,0.0,0.0,0.0,0.0,0.0,0.0,0.0,0.0,0.0,0.0,0.0,0.0,0.0,0.0,0.0,0.0,0.0,0.0,0.0,1.8725357448025295e-05,2.9335615889240157e-05,3.433205908609494e-05,4.006389279903445e-05,4.662209770319324e-05,6.7305577209522e-05,7.77464740496822e-05,8.958477447059036e-05,0.00010297714514706921,0.00011809430070506858,0.00013512193381603533,0.0001830993489901728,0.00020814655954230356,0.0002361414195129283,0.00026737306023830556,0.0003021531323549021,0.0003408170953042088,0.00038372555706217326,0.00043126566844241233,0.00048385257066919045,0.0006193002394513385,0.0006911923099874954,0.0007702341821054139,0.0008570157345599525,0.0009521655371285622,0.0010563528107239645,0.0011702894840342009,0.0012947323524823246,0.001430485348773944,0.0017546917507165628,0.0019304423818731547,0.002121255286906578,0.002328205846976487,0.0025524324635593375,0.0027951398801559276,0.003057602739022407,0.0033411694010463885,0.0036472660593868033,0.003977401182426829,0.0043331703253958395,0.005120909562685903,0.005560697308808779,0.006033027798649284,0.006539969778822516,0.0070837127647543074,0.00766657535993392,0.008291014433883939,0.008959635288718874,0.009675202935771192,0.010440654651803693,0.011259113989047076,0.012936908871368415,0.01391670902283725,0.0149622238079886,0.016077572491872458,0.01726716379053088,0.018535724831558006,0.01988833418471535,0.021330459679201934,0.02286800186672791,0.02450734418622417,0.026255411116195233,0.029540598618711576,0.03159596133519003,0.03378730465496077,0.03612460038250016,0.038618847031880045,0.041282228139154935,0.0441283036161262,0.047172242929005744,0.050431111797059495,0.05392422816178817,0.059876909041857225,0.0639952677649246,0.06842720758724147,0.07320703639135834,0.07837528629816279,0.08398043346895007,0.09008128051477392,0.09675034271838892,0.1040788085868654,0.11527058710378078,0.12441160711056279,0.134701003159582,0.1464464911881489,0.16012055484926072,0.17651893031830765,0.20092725565441927,0.22997427142072,0.0,0.0,0.0,0.0,0.0,0.0,0.0,0.0,0.0,0.0,0.0,0.0,0.0,0.0,0.0,0.0,0.0,0.0,0.0,0.0,0.0,0.0,0.0,0.0,0.0,0.0,0.0,0.0,0.0,0.0,0.0,0.0,0.0,0.0,0.0,0.0,0.0,0.0,0.0,0.0,0.0,0.0,0.0,0.0,0.0,0.0,0.0,0.0,0.0,0.0,0.0,0.0,0.0,0.0,0.0,0.0,0.0,0.0,0.0,0.0,0.0,0.0,0.0,0.0,0.0,0.0,0.0
0.0338843485832214,0.0,0.0,0.0,0.0,0.0,0.0,0.0,0.0,0.0,0.0,0.0,0.0,0.0,0.0,0.0,0.0,0.0,0.0,0.0,0.0,0.0,0.0,0.0,0.0,0.0,0.0,0.0,0.0,0.0,0.0,0.0,0.0,0.0,0.0,0.0,0.0,0.0,0.0,0.0,0.0,0.0,0.0,0.0,0.0,0.0,0.0,0.0,3.8206827103674294e-05,4.443405445954125e-05,5.1536691119509294e-05,5.96178867924182e-05,8.557331061294368e-05,9.830851826719168e-05,0.00011267561766054553,0.00012884927099858566,0.00014701902968852965,0.00016739026616311787,0.00022567854076434844,0.0002553860878002646,0.0002884510488147436,0.00032518885004357645,0.0003659383784716454,0.0004110632642930031,0.00046095321668199906,0.0005160254103591598,0.0006601610525565796,0.0007352805136713123,0.0008177141393392453,0.0009080519068687625,0.0010069216020789134,0.0011149907005850337,0.0012329683451016858,0.001361607422370501,0.001501706751332441,0.00184165127960488,0.002022722922870532,0.002219013667955104,0.0024315886565247167,0.002661574373609251,0.0029101618725728253,0.0031786102317194827,0.0034682502703048557,0.003780488556177645,0.004116811738487998,0.004478791245469115,0.005293142668667663,0.00574008836630328,0.006219543072388642,0.006733541297044768,0.007284235347025062,0.007873903490020278,0.008504958965028269,0.009179959965394443,0.009901620718603111,0.010672823824605859,0.011496634028668084,0.01321179856469222,0.014197200750635916,0.015247744244229092,0.016367470601720994,0.01756070509133492,0.01883208519211357,0.02018659309761573,0.02162959292742299,0.023166873499010438,0.02480469768891687,0.027952084454330256,0.02987755936963439,0.03192829098326144,0.0341131910461653,0.036442050896766574,0.03892567133840381,0.04157601845554578,0.044406411947532885,0.04743175462904888,0.05066881460729689,0.054136575645199574,0.06012186055516677,0.06420833472585305,0.06860360041191287,0.07334139851892862,0.07846159659697251,0.08401188215083473,0.09005010845301117,0.09664762890890945,0.10695517260041686,0.11506953800276275,0.12410410060948393,0.13426923381093328,0.14586795635188557,0.15936560883275108,0.1755460414209036,0.1997642889274173,0.2284123385508367,0.0,0.0,0.0,0.0,0.0,0.0,0.0,0.0,0.0,0.0,0.0,0.0,0.0,0.0,0.0,0.0,0.0,0.0,0.0,0.0,0.0,0.0,0.0,0.0,0.0,0.0,0.0,0.0,0.0,0.0,0.0,0.0,0.0,0.0,0.0,0.0,0.0,0.0,0.0,0.0,0.0,0.0,0.0,0.0,0.0,0.0,0.0,0.0,0.0,0.0,0.0,0.0,0.0,0.0,0.0,0.0,0.0,0.0,0.0,0.0,0.0,0.0,0.0,0.0,0.0,0.0
0.0346472117424011,0.0,0.0,0.0,0.0,0.0,0.0,0.0,0.0,0.0,0.0,0.0,0.0,0.0,0.0,0.0,0.0,0.0,0.0,0.0,0.0,0.0,0.0,0.0,0.0,0.0,0.0,0.0,0.0,0.0,0.0,0.0,0.0,0.0,0.0,0.0,0.0,0.0,0.0,0.0,0.0,0.0,0.0,0.0,0.0,0.0,0.0,0.0,0.0,0.0,4.911514710080086e-05,5.678363479197665e-05,6.54828476751732e-05,9.390352600158536e-05,0.0001075655673930435,0.00012293688865215358,0.00014019578361237258,0.00015953531954918077,0.0001811642317921181,0.00024407966847633634,0.00027553316967926305,0.0003104620958210822,0.0003491851231831967,0.00039204401059050723,0.00043940482992960926,0.0004916592431613199,0.0005492258314888633,0.0007023591677695673,0.0007807143879876354,0.000866540484306973,0.0009604267904796617,0.0010629995549971683,0.0011749237526717925,0.0012969049840469346,0.0014296914758663807,0.0015740761899877343,0.0019301122506745626,0.0021164281311364945,0.0023181051963512425,0.00253619764263495,0.0027718193700100096,0.0030261471148605554,0.0033004238117704766,0.003595962213507653,0.003914148797244275,0.004256447994717015,0.004624406779954172,0.005465656482003782,0.005919495544641693,0.00640578960693394,0.006926538933273726,0.007483858720390791,0.008079987106865706,0.008717294026442824,0.009398291010749429,0.010125642080434637,0.010902175871948083,0.011730899176826098,0.013483560508085702,0.014474094868888905,0.015529182912892323,0.016652789972985263,0.017849159537305898,0.019122841290605177,0.020478723099066058,0.02192206763217158,0.02345855444582313,0.02509432855816788,0.028284349432728267,0.030206313094067648,0.03225189605935257,0.03442984858051343,0.036749785651311304,0.03922231483209638,0.04185918959470311,0.04467349467027686,0.04767987191076348,0.05089479798450824,0.056576401157371836,0.06035514423782212,0.06440958039971273,0.06876809333684178,0.07346386648063152,0.07853611312166965,0.08403174323193673,0.09000767259779785,0.09653410508154933,0.1068364157781324,0.11485959778821639,0.12378862250460529,0.13383056984023425,0.14528372960314698,0.1586061970785147,0.17456963100657052,0.19859815817951482,0.22684055628481142,0.0,0.0,0.0,0.0,0.0,0.0,0.0,0.0,0.0,0.0,0.0,0.0,0.0,0.0,0.0,0.0,0.0,0.0,0.0,0.0,0.0,0.0,0.0,0.0,0.0,0.0,0.0,0.0,0.0,0.0,0.0,0.0,0.0,0.0,0.0,0.0,0.0,0.0,0.0,0.0,0.0,0.0,0.0,0.0,0.0,0.0,0.0,0.0,0.0,0.0,0.0,0.0,0.0,0.0,0.0,0.0,0.0,0.0,0.0,0.0,0.0,0.0,0.0,0.0,0.0
0.0351119173421513,0.0,0.0,0.0,0.0,0.0,0.0,0.0,0.0,0.0,0.0,0.0,0.0,0.0,0.0,0.0,0.0,0.0,0.0,0.0,0.0,0.0,0.0,0.0,0.0,0.0,0.0,0.0,0.0,0.0,0.0,0.0,0.0,0.0,0.0,0.0,0.0,0.0,0.0,0.0,0.0,0.0,0.0,0.0,0.0,0.0,0.0,0.0,0.0,0.0,0.0,0.0,6.357420417184496e-05,7.31082928810498e-05,0.00010461226616218353,0.00011952128263441547,0.0001362555513756092,0.00015500110199685892,0.0001759589933337024,0.00019934620005477853,0.0002680689127346629,0.00030195589517199113,0.0003395120723236584,0.00038106670351364654,0.00042697235860497874,0.0004776061321597568,0.0005333709079681695,0.0006833504950856001,0.000759358600674225,0.0008425891939939559,0.0009336096702892578,0.001033022767708177,0.0011414682844124485,0.0012596248803452348,0.001388211972662785,0.001527991731082765,0.0016797711888449699,0.0020573124377966023,0.0022527319633216677,0.002463997865755389,0.002692180210561383,0.0029384089806502385,0.0032038772440681875,0.003489844558210557,0.003797640643619353,0.0041286693535025586,0.0044844129795307205,0.0053078662648736764,0.0057470388330167505,0.006217477487428159,0.00672109674098752,0.007259919918984484,0.007836086624868017,0.008451860977699227,0.009109640729036786,0.009811967369830435,0.010561537372217496,0.011361214721708758,0.013074601344285498,0.014030945958543308,0.015049231538907798,0.016133223609976467,0.017286947407908915,0.018514713567476145,0.019821147360137775,0.02121122209034035,0.022690297388203415,0.02426416328929475,0.02593909119314449,0.029224836330194265,0.031191815009518092,0.03328474520196344,0.03551260507254894,0.03788527595030621,0.040413678229203866,0.04310993486827213,0.045987569631984374,0.04906174948761982,0.05234958375462337,0.058181836917583336,0.062048303914246,0.0661985114833493,0.07066230781123706,0.07547473294996004,0.08067738887311074,0.086320311469488,0.09246458908624347,0.09918612688717388,0.1098064385706408,0.118108322940634,0.12738021494653912,0.13785744488837995,0.1498868035848181,0.16401823217933004,0.1851367727605056,0.20758965550884145,0.24175465976129173,0.0,0.0,0.0,0.0,0.0,0.0,0.0,0.0,0.0,0.0,0.0,0.0,0.0,0.0,0.0,0.0,0.0,0.0,0.0,0.0,0.0,0.0,0.0,0.0,0.0,0.0,0.0,0.0,0.0,0.0,0.0,0.0,0.0,0.0,0.0,0.0,0.0,0.0,0.0,0.0,0.0,0.0,0.0,0.0,0.0,0.0,0.0,0.0,0.0,0.0,0.0,0.0,0.0,0.0,0.0,0.0,0.0,0.0,0.0,0.0,0.0,0.0,0.0,0.0
0.0354138892173767,0.0,0.0,0.0,0.0,0.0,0.0,0.0,0.0,0.0,0.0,0.0,0.0,0.0,0.0,0.0,0.0,0.0,0.0,0.0,0.0,0.0,0.0,0.0,0.0,0.0,0.0,0.0,0.0,0.0,0.0,0.0,0.0,0.0,0.0,0.0,0.0,0.0,0.0,0.0,0.0,0.0,0.0,0.0,0.0,0.0,0.0,0.0,0.0,0.0,0.0,0.0,0.0,7.17132241419581e-05,8.22531719720867e-05,0.00011737304591789358,0.000133777967741457,0.0001521507223130117,0.00017268757189253177,0.00019560027004507374,0.0002633736101478112,0.0002966064411785973,0.0003334302219548598,0.00037416640384434354,0.0004191591232012585,0.0004687763784907999,0.0005234112544667418,0.0005834831940322357,0.0007459339140655,0.0008275362521571786,0.0009167592921806892,0.0010141911025864053,0.0011204557776672837,0.0012362151770468372,0.0013621707578728224,0.001499065499865506,0.0016476859431952262,0.002020187414139751,0.0022116858705616706,0.002418675128292462,0.002642197963395985,0.0028833552645353144,0.0031433090795074665,0.0034232858893404484,0.0037245801389661328,0.004048558049191553,0.00439666174816531,0.004770413759888023,0.0056389056976189145,0.006099428897094607,0.006592338470004339,0.007119600836512928,0.00768329460737842,0.008285618455069569,0.008928899808025111,0.009615604490464585,0.010348347427751049,0.011129904573778474,0.012818636557018606,0.013753657700069758,0.014748999570736235,0.015808305019663838,0.01693546545409189,0.018134645121567917,0.0194103087187038,0.020767252876441746,0.022210642207427175,0.023746050737832595,0.025379509720524922,0.028612517243915808,0.03053075447234052,0.032571007667946794,0.034741871588485664,0.03705279151093049,0.03951418908457939,0.04213761331387315,0.044935923039592665,0.047923509319211854,0.051116568839985006,0.05683422887870254,0.06058566133331079,0.06460869059126448,0.06893124006242467,0.07358595917937681,0.07861143492770364,0.08405383352593213,0.08996917480975676,0.0964265652107337,0.10672669590394551,0.11466164631519518,0.1234887017472611,0.13341182433912385,0.14472484347148043,0.1578790553222534,0.17363476606514752,0.19748783503155767,0.2253491032589562,0.0,0.0,0.0,0.0,0.0,0.0,0.0,0.0,0.0,0.0,0.0,0.0,0.0,0.0,0.0,0.0,0.0,0.0,0.0,0.0,0.0,0.0,0.0,0.0,0.0,0.0,0.0,0.0,0.0,0.0,0.0,0.0,0.0,0.0,0.0,0.0,0.0,0.0,0.0,0.0,0.0,0.0,0.0,0.0,0.0,0.0,0.0,0.0,0.0,0.0,0.0,0.0,0.0,0.0,0.0,0.0,0.0,0.0,0.0,0.0,0.0,0.0,0.0,0.0
0.0361862881660461,0.0,0.0,0.0,0.0,0.0,0.0,0.0,0.0,0.0,0.0,0.0,0.0,0.0,0.0,0.0,0.0,0.0,0.0,0.0,0.0,0.0,0.0,0.0,0.0,0.0,0.0,0.0,0.0,0.0,0.0,0.0,0.0,0.0,0.0,0.0,0.0,0.0,0.0,0.0,0.0,0.0,0.0,0.0,0.0,0.0,0.0,0.0,0.0,0.0,0.0,0.0,0.0,0.0,0.0,8.955553528992276e-05,0.00012772120139550476,0.0001451849558112416,0.0001646955126471022,0.00018645197615347646,0.00021066874014824977,0.00028352594678116537,0.0003185636644659512,0.0003573045744724943,0.00040007238682729135,0.00044721307615416334,0.0004990960093975712,0.0005561151179146518,0.0006186901150650667,0.00079076075355845,0.0008756049093603291,0.0009682114257752293,0.0010691664242279092,0.001179091161422527,0.001298643702564519,0.0014285206859259957,0.0015694591819234893,0.0017222386590391295,0.0021115381577563094,0.002308124937996439,0.0025203175552647164,0.0027491467716115434,0.0029956999088626827,0.003261123815411487,0.0035466280564173955,0.0038534883596545947,0.004183050339137171,0.004536733534893431,0.0049160358037333325,0.005812022425375549,0.006278953386619409,0.006778183139262386,0.007311644339487414,0.007881379189996674,0.008489547171279723,0.009138433589159523,0.009830459051400342,0.010568189996330747,0.011354350421880809,0.013080229345552571,0.014020126592245621,0.015019809466306577,0.016082853077783576,0.017213076314120213,0.018414565747758696,0.019691702811201195,0.02104919479501138,0.02249211033009101,0.02402592017301587,0.025656544268394397,0.02893254009564441,0.030846534170682085,0.03288094982122424,0.03504422971131622,0.03734565307443619,0.039795459612975585,0.04240499813968124,0.045186906228814744,0.04815532913660001,0.05132618896319064,0.057080102822155844,0.06080398360422374,0.06479542352212654,0.06908189319230254,0.07369551612553263,0.07867426167893665,0.08406356155203802,0.08991854927343806,0.09630724357372518,0.1066061628268877,0.11445348297524756,0.12317930215584916,0.132984454581814,0.14415827017745142,0.15714513472645325,0.17269368641644248,0.19637114414659954,0.22384416239151464,0.0,0.0,0.0,0.0,0.0,0.0,0.0,0.0,0.0,0.0,0.0,0.0,0.0,0.0,0.0,0.0,0.0,0.0,0.0,0.0,0.0,0.0,0.0,0.0,0.0,0.0,0.0,0.0,0.0,0.0,0.0,0.0,0.0,0.0,0.0,0.0,0.0,0.0,0.0,0.0,0.0,0.0,0.0,0.0,0.0,0.0,0.0,0.0,0.0,0.0,0.0,0.0,0.0,0.0,0.0,0.0,0.0,0.0,0.0,0.0,0.0,0.0,0.0
0.0369625014305115,0.0,0.0,0.0,0.0,0.0,0.0,0.0,0.0,0.0,0.0,0.0,0.0,0.0,0.0,0.0,0.0,0.0,0.0,0.0,0.0,0.0,0.0,0.0,0.0,0.0,0.0,0.0,0.0,0.0,0.0,0.0,0.0,0.0,0.0,0.0,0.0,0.0,0.0,0.0,0.0,0.0,0.0,0.0,0.0,0.0,0.0,0.0,0.0,0.0,0.0,0.0,0.0,0.0,0.0,0.0,0.0,0.0,0.0001571725934998732,0.00017784473464240211,0.0002008430020673906,0.00022638408509561333,0.000254700558751996,0.00034142594526225564,0.0003821066704112209,0.0004269252546669896,0.00047622903693528496,0.0005303882651921244,0.0005897972189283852,0.000654875376724745,0.0008368781752841383,0.0009249625293483906,0.0010209435928456227,0.0011254049836149204,0.0012389645691102387,0.0013622760812058538,0.0014960308167536285,0.0016409594342304923,0.001797833853077768,0.0022042849783053624,0.0024058824246416775,0.0026231885057943632,0.0028572215963790838,0.0031090551277828745,0.003379820479250484,0.0036707100935388544,0.003982980840163904,0.004317957658077736,0.004677037507296916,0.005061693670919664,0.005985486538170507,0.0064586057426209535,0.006963922741104028,0.00750333688917341,0.008078854558879215,0.00869259673983444,0.009346807444462216,0.010043863030957284,0.010786282559673286,0.011576739335278082,0.013340007563449115,0.014284461692665763,0.015288162995932702,0.016354620809995182,0.017487583676712604,0.018691062886013132,0.019969359238135066,0.02132709356632221,0.022769241680683863,0.02430117452592329,0.025928704524089498,0.029247995227754352,0.031157533234333765,0.03318593093155279,0.03534148440291863,0.03763331291312303,0.040071480937498224,0.04266714455200651,0.04543272836929665,0.04838214114552956,0.05153104087082827,0.05732206924503429,0.061018845631788235,0.06497927135994253,0.0692303825401851,0.07380379828520617,0.07873689597468414,0.08407440381896437,0.08987060723882949,0.09619248524877479,0.10649299112534334,0.11425539562994425,0.12288326246996199,0.13257446094169828,0.1436140711912901,0.1564399846729124,0.17587814603282376,0.19530503738604846,0.22241269828724802,0.0,0.0,0.0,0.0,0.0,0.0,0.0,0.0,0.0,0.0,0.0,0.0,0.0,0.0,0.0,0.0,0.0,0.0,0.0,0.0,0.0,0.0,0.0,0.0,0.0,0.0,0.0,0.0,0.0,0.0,0.0,0.0,0.0,0.0,0.0,0.0,0.0,0.0,0.0,0.0,0.0,0.0,0.0,0.0,0.0,0.0,0.0,0.0,0.0,0.0,0.0,0.0,0.0,0.0,0.0,0.0,0.0,0.0,0.0,0.0,0.0,0.0
0.0377425290107727,0.0,0.0,0.0,0.0,0.0,0.0,0.0,0.0,0.0,0.0,0.0,0.0,0.0,0.0,0.0,0.0,0.0,0.0,0.0,0.0,0.0,0.0,0.0,0.0,0.0,0.0,0.0,0.0,0.0,0.0,0.0,0.0,0.0,0.0,0.0,0.0,0.0,0.0,0.0,0.0,0.0,0.0,0.0,0.0,0.0,0.0,0.0,0.0,0.0,0.0,0.0,0.0,0.0,0.0,0.0,0.0,0.0,0.0,0.0,0.00019159417712436485,0.0002158537384225003,0.00024273646701361687,0.0002724766177951742,0.00036517995112250056,0.0004078191443826186,0.0004547033624415213,0.0005061808462501603,0.0005626222530996477,0.0006244217316283736,0.0006919980407077374,0.0008842410608158269,0.000975557903000669,0.0010748983433958225,0.001182842968059154,0.001300005738973098,0.0014270355509895197,0.0015646178750955322,0.0017134764936932128,0.0018743753422179711,0.0022983215182431033,0.002504844870244246,0.0027271675739513022,0.002966295287090552,0.003223287270081347,0.003499259209638682,0.003795386260297427,0.00411290633391902,0.004453123664515819,0.004817412678261672,0.005207222211015265,0.006159117106288126,0.006638200850785091,0.00714936851959978,0.007694486648316173,0.00827552636871481,0.008894570885646639,0.009553823747858067,0.010255618020953473,0.011002426480781695,0.011796872976167728,0.013597754700949196,0.014546446755683205,0.015553844569110959,0.01662339360606988,0.017758774156792265,0.01896392453116449,0.020243067419950102,0.021600739962372856,0.023041828167730156,0.024571606471356342,0.026195783381979636,0.029558650394168887,0.03146351715480952,0.03348571301532846,0.035633392715757876,0.03791552131892429,0.040341994442230085,0.04292378249045067,0.04567310498253739,0.04860364298090365,0.05173080028270086,0.05755975058103549,0.06122983732501421,0.06515978523579162,0.06937621321656327,0.07391025632969964,0.07879872422491833,0.08408567094855171,0.08982456990382223,0.09941714673379098,0.10638614530163287,0.11406619886929907,0.12259921679980906,0.1321802573202682,0.1430903863413709,0.15576139324062943,0.17510091843726164,0.19428610570425855,0.22104999521734553,0.0,0.0,0.0,0.0,0.0,0.0,0.0,0.0,0.0,0.0,0.0,0.0,0.0,0.0,0.0,0.0,0.0,0.0,0.0,0.0,0.0,0.0,0.0,0.0,0.0,0.0,0.0,0.0,0.0,0.0,0.0,0.0,0.0,0.0,0.0,0.0,0.0,0.0,0.0,0.0,0.0,0.0,0.0,0.0,0.0,0.0,0.0,0.0,0.0,0.0,0.0,0.0,0.0,0.0,0.0,0.0,0.0,0.0,0.0,0.0,0.0
0.0385282780647278,0.0,0.0,0.0,0.0,0.0,0.0,0.0,0.0,0.0,0.0,0.0,0.0,0.0,0.0,0.0,0.0,0.0,0.0,0.0,0.0,0.0,0.0,0.0,0.0,0.0,0.0,0.0,0.0,0.0,0.0,0.0,0.0,0.0,0.0,0.0,0.0,0.0,0.0,0.0,0.0,0.0,0.0,0.0,0.0,0.0,0.0,0.0,0.0,0.0,0.0,0.0,0.0,0.0,0.0,0.0,0.0,0.0,0.0,0.0,0.0,0.0,0.0002314483781539408,0.0002596835554889214,0.00029085505785079606,0.00032521452885777105,0.000434373647289794,0.00048332812901494,0.0005369788543909145,0.00059569637996385,0.0006598742047421312,0.0007299298427584922,0.0009326997339109931,0.0010272240621759976,0.001129890214864788,0.0012412751647259898,0.0013619883927942654,0.0014926733914404897,0.0016340092533967392,0.0017867123509765714,0.0019515381199050785,0.0023932765916936994,0.002604608587673454,0.002831816584544313,0.003075893080754878,0.003337882764386061,0.003618885270306012,0.003920058153802799,0.004242620109253525,0.004587854461185262,0.0049571129573784435,0.005351819902318016,0.006332016470345095,0.006816775651286275,0.007333487907972439,0.007883987134193094,0.008470209482938003,0.009094200720532804,0.009758124366089865,0.010464270719780474,0.011215066896073706,0.012013088009624836,0.013851633571670312,0.01480411732003328,0.01581475357026211,0.016886925069501575,0.018024245132367247,0.01923058048750933,0.020510077245032433,0.02186719051564192,0.02330671831274423,0.024833840514095238,0.026454163821111237,0.029860544702513224,0.03176023960302923,0.03377574101232709,0.035915065168842825,0.03818702598532101,0.04060135349633386,0.04316883594634307,0.04590149152814427,0.048812777653310935,0.05437518462541387,0.057784806229953,0.061427932333020956,0.06532717952447296,0.06950875526294857,0.07400331666709,0.07884711205676553,0.08408352789608428,0.08976523208829953,0.09936951457745118,0.10626688671808754,0.11386497115490722,0.12230361040808398,0.13177503234867133,0.1425562374854618,0.1550727852119206,0.1743141947123899,0.19325620864326218,0.21966836632063869,0.0,0.0,0.0,0.0,0.0,0.0,0.0,0.0,0.0,0.0,0.0,0.0,0.0,0.0,0.0,0.0,0.0,0.0,0.0,0.0,0.0,0.0,0.0,0.0,0.0,0.0,0.0,0.0,0.0,0.0,0.0,0.0,0.0,0.0,0.0,0.0,0.0,0.0,0.0,0.0,0.0,0.0,0.0,0.0,0.0,0.0,0.0,0.0,0.0,0.0,0.0,0.0,0.0,0.0,0.0,0.0,0.0,0.0,0.0,0.0
0.0393178414344788,0.0,0.0,0.0,0.0,0.0,0.0,0.0,0.0,0.0,0.0,0.0,0.0,0.0,0.0,0.0,0.0,0.0,0.0,0.0,0.0,0.0,0.0,0.0,0.0,0.0,0.0,0.0,0.0,0.0,0.0,0.0,0.0,0.0,0.0,0.0,0.0,0.0,0.0,0.0,0.0,0.0,0.0,0.0,0.0,0.0,0.0,0.0,0.0,0.0,0.0,0.0,0.0,0.0,0.0,0.0,0.0,0.0,0.0,0.0,0.0,0.0,0.0,0.0,0.0002772371446089849,0.0003098480719804724,0.0003457235532006225,0.000461789073103479,0.0005128196454193689,0.000568644772927631,0.0006296344770475527,0.0006961811691660742,0.0007687006810238241,0.0008476333398635586,0.0010800052879441405,0.001185969347860486,0.0013007586774716313,0.001424977830073007,0.0015592644672133896,0.001704290895648233,0.0018607656947926719,0.0020294354485730186,0.002211086586744411,0.0027053275983856292,0.0029373107532998507,0.00318621399873011,0.0034530672605698524,0.0037389539867102354,0.00404501405519021,0.0043724469281781414,0.004722515072004182,0.005096547677738421,0.005495944718006308,0.006504703728680327,0.006994907993851265,0.0075169228496185505,0.008072550074516243,0.008663691468335556,0.009292356091108542,0.009960668275724808,0.010670876515527184,0.011425363346697618,0.012226656360229826,0.014103051887558168,0.015059012769284475,0.01607257108025622,0.017147048659887767,0.018285993831382973,0.019493203912881583,0.020772750805418027,0.022129010175785373,0.02356669486012197,0.02509089325199289,0.026707113597892063,0.030157244148623315,0.03205155869799812,0.034060187282588895,0.03619101247343688,0.03845270235094124,0.04085482723955427,0.04340799973180341,0.0461240439410365,0.049016201739505806,0.054618749739458274,0.058005076811097844,0.06162162564056063,0.06549066888803949,0.06963801854608974,0.07409387260696573,0.07889394050836923,0.08408096831715778,0.08970685194889877,0.09932494375922477,0.10615267015128708,0.11367116814024052,0.12201831338437101,0.13138364776368666,0.14204032805172687,0.15440805406745753,0.17355947933861754,0.19226949645622354,0.21835034021114838,0.0,0.0,0.0,0.0,0.0,0.0,0.0,0.0,0.0,0.0,0.0,0.0,0.0,0.0,0.0,0.0,0.0,0.0,0.0,0.0,0.0,0.0,0.0,0.0,0.0,0.0,0.0,0.0,0.0,0.0,0.0,0.0,0.0,0.0,0.0,0.0,0.0,0.0,0.0,0.0,0.0,0.0,0.0,0.0,0.0,0.0,0.0,0.0,0.0,0.0,0.0,0.0,0.0,0.0,0.0,0.0,0.0,0.0,0.0
0.0401131262779236,0.0,0.0,0.0,0.0,0.0,0.0,0.0,0.0,0.0,0.0,0.0,0.0,0.0,0.0,0.0,0.0,0.0,0.0,0.0,0.0,0.0,0.0,0.0,0.0,0.0,0.0,0.0,0.0,0.0,0.0,0.0,0.0,0.0,0.0,0.0,0.0,0.0,0.0,0.0,0.0,0.0,0.0,0.0,0.0,0.0,0.0,0.0,0.0,0.0,0.0,0.0,0.0,0.0,0.0,0.0,0.0,0.0,0.0,0.0,0.0,0.0,0.0,0.0,0.0,0.0,0.0003293974000446394,0.00036678560011790264,0.0004077796791413489,0.0005430874198018697,0.0006010766908755981,0.0006643223775108893,0.0007332153304599732,0.0008081692234876493,0.0008896215873026108,0.001133718437372412,0.0012429339071434278,0.001361071779826385,0.0014887311790782068,0.0016265434471319342,0.0017751736327638226,0.0019353220716885442,0.0021077260663545407,0.002293161678245675,0.002806578983582633,0.0030431929798211505,0.003296764742961489,0.0035683091284243766,0.0038588931293609525,0.004169638727688947,0.004501725981912397,0.004856396381494533,0.005234956498268811,0.005638781967723059,0.006676265077403979,0.0071716199191975555,0.00769862726418753,0.008259057011253793,0.008854776915430589,0.009487759716685203,0.010160091026278198,0.010873978078505857,0.011631759462994773,0.012435915967449746,0.014350172242816,0.015309171712513121,0.016325203186115786,0.017401528696433494,0.018541632780443688,0.019749244659590638,0.021028363452598835,0.02238328692606892,0.023818644405745337,0.025339434594609724,0.028662150173443153,0.030444845319709608,0.03233329542765022,0.034334574993277585,0.03645643548362628,0.03870740189279638,0.041096887765395135,0.043635333182848964,0.04633437153290513,0.049207032735578,0.05484971907726247,0.05821243917530489,0.061802137015512126,0.06564074604211019,0.0697536877822692,0.07417070635137021,0.07892697774685363,0.08406461313780073,0.08963474175113702,0.09926712126210921,0.10602542124234739,0.11346463116172868,0.12172065291990454,0.1309803211562033,0.14151289618464433,0.1537320905709002,0.17279381478650196,0.1912702134199605,0.21701185093705821,0.0,0.0,0.0,0.0,0.0,0.0,0.0,0.0,0.0,0.0,0.0,0.0,0.0,0.0,0.0,0.0,0.0,0.0,0.0,0.0,0.0,0.0,0.0,0.0,0.0,0.0,0.0,0.0,0.0,0.0,0.0,0.0,0.0,0.0,0.0,0.0,0.0,0.0,0.0,0.0,0.0,0.0,0.0,0.0,0.0,0.0,0.0,0.0,0.0,0.0,0.0,0.0,0.0,0.0,0.0,0.0,0.0,0.0
0.0403701725859655,0.0,0.0,0.0,0.0,0.0,0.0,0.0,0.0,0.0,0.0,0.0,0.0,0.0,0.0,0.0,0.0,0.0,0.0,0.0,0.0,0.0,0.0,0.0,0.0,0.0,0.0,0.0,0.0,0.0,0.0,0.0,0.0,0.0,0.0,0.0,0.0,0.0,0.0,0.0,0.0,0.0,0.0,0.0,0.0,0.0,0.0,0.0,0.0,0.0,0.0,0.0,0.0,0.0,0.0,0.0,0.0,0.0,0.0,0.0,0.0,0.0,0.0,0.0,0.0,0.0,0.0,0.0003611073103519405,0.00040141161448734454,0.000535167178770776,0.0005922289911263073,0.0006544545894492087,0.0007222271547693466,0.0007959521802123743,0.0008760584786556436,0.001117525435008603,0.0012250181980614293,0.0013412770474740966,0.0014668892867372861,0.001602473697539527,0.0017486819877380632,0.0019062003246401826,0.0020757509670135594,0.002258094004003396,0.0027661030442035902,0.0029989235719163117,0.00324839675621272,0.0035155164806899225,0.003801327467335183,0.004106928035464413,0.004433473093367739,0.004782177381330848,0.005154319003768201,0.005551243276539481,0.006577760812610804,0.007064903881224951,0.0075830989257322685,0.008134075778431508,0.008719659314943982,0.009341776317850999,0.010002463072606233,0.010703873786627465,0.011448289944967022,0.012238130730871747,0.014131518630723958,0.015073771897840628,0.01607187376104773,0.01712900033269451,0.01824854243675323,0.019434126809672995,0.020689640170911842,0.022019256641484054,0.02342746909145204,0.024919125114793838,0.026499468482735117,0.029951271035839375,0.0318031173334404,0.03376498452397241,0.03584435603882655,0.038049452282907355,0.04038933876601932,0.0428740555230674,0.04551477314246451,0.048323982384140506,0.05388690295654013,0.057173441035210534,0.06067952971053155,0.0644260203316437,0.06843701313954954,0.07274061800796452,0.07736995992496498,0.08236453278195988,0.0877720611278572,0.09720542359747023,0.10374636582812283,0.11092921959811017,0.118877082052573,0.12775705609446078,0.13780598618782844,0.1493795053752661,0.1675046504046432,0.1844838621318357,0.2071000541499932,0.24538401348665756,0.0,0.0,0.0,0.0,0.0,0.0,0.0,0.0,0.0,0.0,0.0,0.0,0.0,0.0,0.0,0.0,0.0,0.0,0.0,0.0,0.0,0.0,0.0,0.0,0.0,0.0,0.0,0.0,0.0,0.0,0.0,0.0,0.0,0.0,0.0,0.0,0.0,0.0,0.0,0.0,0.0,0.0,0.0,0.0,0.0,0.0,0.0,0.0,0.0,0.0,0.0,0.0,0.0,0.0,0.0,0.0,0.0
0.0409122254371643,0.0,0.0,0.0,0.0,0.0,0.0,0.0,0.0,0.0,0.0,0.0,0.0,0.0,0.0,0.0,0.0,0.0,0.0,0.0,0.0,0.0,0.0,0.0,0.0,0.0,0.0,0.0,0.0,0.0,0.0,0.0,0.0,0.0,0.0,0.0,0.0,0.0,0.0,0.0,0.0,0.0,0.0,0.0,0.0,0.0,0.0,0.0,0.0,0.0,0.0,0.0,0.0,0.0,0.0,0.0,0.0,0.0,0.0,0.0,0.0,0.0,0.0,0.0,0.0,0.0,0.0,0.0,0.0003884129441467005,0.0004309860661500822,0.0005741510744818046,0.0006342963815581914,0.0006997845739655812,0.0007710045488242451,0.0008483674344405028,0.000932307583824661,0.0011884107401678068,0.0013008379448097567,0.001422276520570197,0.0015533197839890359,0.0016945924014097685,0.0018467518317638583,0.002010489860903319,0.002186534235995457,0.002375650408658402,0.0029085300181167922,0.0031496532002174287,0.003407760534377524,0.003683851696498762,0.003978977170365586,0.0042942410399201,0.004630804018433777,0.004989886740785982,0.005372773346607705,0.005780815393074918,0.006847246827813351,0.007347517558890867,0.007879272302587573,0.008444249637792086,0.009044283928512661,0.00968131234143639,0.010357382614727446,0.01107466167878163,0.011835445240301256,0.012642168466574583,0.01459443250144626,0.015556162391509646,0.016574358133144108,0.0176522236745424,0.01879318164576319,0.02000089522078499,0.021279292963245853,0.022632597162772636,0.024065356270046946,0.025582482162495045,0.028948934826119366,0.030726904842417236,0.032609290801171635,0.03460305073370659,0.036715809480230684,0.03895595386789227,0.04133274609614531,0.04385645975151883,0.04653854419901529,0.04939182490941311,0.05507521974784453,0.05841459803465647,0.06197780353163938,0.06578644319976086,0.06986556293359512,0.0742444704617936,0.07895782923261781,0.08404714085619178,0.08956279915001371,0.09921140303801089,0.10590212732117865,0.11326427602639859,0.12143187144606332,0.13058917729677957,0.14100176739840697,0.15307771918007165,0.17205736938324123,0.19031070866850394,0.2157325821775145,0.0,0.0,0.0,0.0,0.0,0.0,0.0,0.0,0.0,0.0,0.0,0.0,0.0,0.0,0.0,0.0,0.0,0.0,0.0,0.0,0.0,0.0,0.0,0.0,0.0,0.0,0.0,0.0,0.0,0.0,0.0,0.0,0.0,0.0,0.0,0.0,0.0,0.0,0.0,0.0,0.0,0.0,0.0,0.0,0.0,0.0,0.0,0.0,0.0,0.0,0.0,0.0,0.0,0.0,0.0,0.0,0.0
0.0417170460700989,0.0,0.0,0.0,0.0,0.0,0.0,0.0,0.0,0.0,0.0,0.0,0.0,0.0,0.0,0.0,0.0,0.0,0.0,0.0,0.0,0.0,0.0,0.0,0.0,0.0,0.0,0.0,0.0,0.0,0.0,0.0,0.0,0.0,0.0,0.0,0.0,0.0,0.0,0.0,0.0,0.0,0.0,0.0,0.0,0.0,0.0,0.0,0.0,0.0,0.0,0.0,0.0,0.0,0.0,0.0,0.0,0.0,0.0,0.0,0.0,0.0,0.0,0.0,0.0,0.0,0.0,0.0,0.0,0.0,0.0,0.0005028265379826514,0.0006681902561501295,0.0007358950154917167,0.0008094094830166326,0.0008891418179161209,0.0009755227772026211,0.0010690067211490833,0.0013594644233053932,0.0014841359456693637,0.001618485578778912,0.0017631308987119,0.0019187213796290764,0.002085939885073274,0.0022655042578497925,0.002458169019681928,0.0030107405580032135,0.003256217489583907,0.003518691728359914,0.003799147545543463,0.004098618731399014,0.004418191332377931,0.004759006623685255,0.005122264340856032,0.0055092261994817955,0.0059212197393087316,0.007016721743824155,0.007521610796079902,0.008057801132828371,0.008627000293884919,0.009231009597987765,0.009871731054519698,0.010551175015123052,0.011271468664774735,0.012034865462703223,0.01284375566648483,0.014833997662383152,0.01579802901876273,0.0168179511327556,0.017896910916065007,0.019038270230072433,0.020245627433307295,0.02152284186707635,0.022874061778352477,0.024303756281439024,0.025816752079318092,0.029226803630605105,0.03099957682903435,0.03287543264440761,0.03486121481767696,0.03696442388363668,0.03919331097848218,0.04155698959569925,0.04406556964119346,0.046730319460695745,0.049563863274379436,0.05528790818261907,0.05860363753832334,0.062140078959858014,0.06591851706800839,0.06996362648747363,0.07430428310871683,0.0789746424914087,0.08401560131861593,0.09308105895671864,0.0991420205760069,0.1057653354589497,0.11305065684652398,0.12113011927910593,0.13018539329141446,0.14047831333553454,0.1569257953114006,0.17130887076356474,0.1893374517065643,0.2144318678442064,0.0,0.0,0.0,0.0,0.0,0.0,0.0,0.0,0.0,0.0,0.0,0.0,0.0,0.0,0.0,0.0,0.0,0.0,0.0,0.0,0.0,0.0,0.0,0.0,0.0,0.0,0.0,0.0,0.0,0.0,0.0,0.0,0.0,0.0,0.0,0.0,0.0,0.0,0.0,0.0,0.0,0.0,0.0,0.0,0.0,0.0,0.0,0.0,0.0,0.0,0.0,0.0,0.0,0.0,0.0,0.0
0.0425237738609314,0.0,0.0,0.0,0.0,0.0,0.0,0.0,0.0,0.0,0.0,0.0,0.0,0.0,0.0,0.0,0.0,0.0,0.0,0.0,0.0,0.0,0.0,0.0,0.0,0.0,0.0,0.0,0.0,0.0,0.0,0.0,0.0,0.0,0.0,0.0,0.0,0.0,0.0,0.0,0.0,0.0,0.0,0.0,0.0,0.0,0.0,0.0,0.0,0.0,0.0,0.0,0.0,0.0,0.0,0.0,0.0,0.0,0.0,0.0,0.0,0.0,0.0,0.0,0.0,0.0,0.0,0.0,0.0,0.0,0.0,0.0,0.0,0.0005828206103121408,0.0007727638062829957,0.0008485533407843983,0.0009306303067211123,0.0010194216004164054,0.0011153770731177207,0.001419021818193325,0.0015468824216512461,0.001684487430846474,0.0018324471334744768,0.0019914028514395224,0.002162028392102775,0.002345031598661339,0.0025411560065852915,0.0031137188249146385,0.003363447248640819,0.003630177756253088,0.003914879325761479,0.0042185692228271995,0.0045423156879525846,0.004887240856019667,0.005254523930242654,0.0056454046430277575,0.006061187036279182,0.007186031323230995,0.007695363100787398,0.008235808549035536,0.008809045034904575,0.009416841799980195,0.010061066773212916,0.010743694111157687,0.011466812566027771,0.012232634791256983,0.013043507713978409,0.01507199258039345,0.016038147683094646,0.017059627138562246,0.018139523062172723,0.01928113898513189,0.02048801110408129,0.021763932423815652,0.023112980293645464,0.02453954791887182,0.026048380571793133,0.02950245404067991,0.03127006179146451,0.033139461427087465,0.03511738787668949,0.03721122342846568,0.03942909026346723,0.04177996068831054,0.04427378936981441,0.0469216731573,0.04973604584399651,0.055501822842203855,0.05879469926502988,0.06230531359093384,0.06605464776272837,0.07006702852119324,0.07437092809071123,0.07900002858266976,0.08399466456426762,0.09308450397349301,0.0990888408077203,0.10564804889780412,0.11286048429022327,0.12085657875250043,0.1298156881138752,0.1399963552636932,0.15640200026701073,0.17062584356048174,0.18845122488540444,0.21326250386528564,0.0,0.0,0.0,0.0,0.0,0.0,0.0,0.0,0.0,0.0,0.0,0.0,0.0,0.0,0.0,0.0,0.0,0.0,0.0,0.0,0.0,0.0,0.0,0.0,0.0,0.0,0.0,0.0,0.0,0.0,0.0,0.0,0.0,0.0,0.0,0.0,0.0,0.0,0.0,0.0,0.0,0.0,0.0,0.0,0.0,0.0,0.0,0.0,0.0,0.0,0.0,0.0,0.0,0.0,0.0
0.0433381302833557,0.0,0.0,0.0,0.0,0.0,0.0,0.0,0.0,0.0,0.0,0.0,0.0,0.0,0.0,0.0,0.0,0.0,0.0,0.0,0.0,0.0,0.0,0.0,0.0,0.0,0.0,0.0,0.0,0.0,0.0,0.0,0.0,0.0,0.0,0.0,0.0,0.0,0.0,0.0,0.0,0.0,0.0,0.0,0.0,0.0,0.0,0.0,0.0,0.0,0.0,0.0,0.0,0.0,0.0,0.0,0.0,0.0,0.0,0.0,0.0,0.0,0.0,0.0,0.0,0.0,0.0,0.0,0.0,0.0,0.0,0.0,0.0,0.0,0.0,0.0,0.000888103293054237,0.0009724664117954191,0.0010636012772929286,0.0011619528113377346,0.0012679892366399311,0.0016099422673668071,0.0017506987112976666,0.0019018576338978568,0.002064051785726589,0.002237945516941129,0.002424236287540564,0.0026236562857219724,0.0028369741649295985,0.0034701504790766477,0.003740928901197909,0.004029652837224706,0.004337322756816231,0.004664988855996974,0.005013753922795634,0.005384776456699402,0.005779274070939088,0.006198527208921284,0.0073527111023268775,0.007866125705230688,0.008410449090693642,0.008987328480121482,0.009598501107163492,0.010245800927877807,0.010931166049931457,0.011656646977680903,0.01242441578104309,0.013236776313887057,0.01530327538276966,0.01627101299670206,0.01729349238754399,0.01837375124955519,0.01951503518638821,0.02072081865109759,0.021994828747148247,0.02334107236634058,0.024763867248119683,0.026267877664002008,0.0297655018168793,0.03152724290732838,0.03338947247948412,0.03535881691167914,0.037442540407806986,0.03964863622243047,0.04198593532804538,0.04446423677379429,0.047094465235049454,0.04988886300727576,0.055695672715338235,0.05896484323084211,0.062448755984352476,0.06616808594120169,0.07014680604810779,0.07441297675401043,0.07899979554275095,0.08394701934116493,0.09306017389837001,0.099006582440257,0.10550021623076808,0.11263806583125788,0.12054875365986809,0.12940914633817505,0.13947419056376806,0.1558334306355725,0.16989062945648523,0.18749933853623685,0.21199386148385657,0.0,0.0,0.0,0.0,0.0,0.0,0.0,0.0,0.0,0.0,0.0,0.0,0.0,0.0,0.0,0.0,0.0,0.0,0.0,0.0,0.0,0.0,0.0,0.0,0.0,0.0,0.0,0.0,0.0,0.0,0.0,0.0,0.0,0.0,0.0,0.0,0.0,0.0,0.0,0.0,0.0,0.0,0.0,0.0,0.0,0.0,0.0,0.0,0.0,0.0,0.0,0.0,0.0,0.0
0.0441563010215759,0.0,0.0,0.0,0.0,0.0,0.0,0.0,0.0,0.0,0.0,0.0,0.0,0.0,0.0,0.0,0.0,0.0,0.0,0.0,0.0,0.0,0.0,0.0,0.0,0.0,0.0,0.0,0.0,0.0,0.0,0.0,0.0,0.0,0.0,0.0,0.0,0.0,0.0,0.0,0.0,0.0,0.0,0.0,0.0,0.0,0.0,0.0,0.0,0.0,0.0,0.0,0.0,0.0,0.0,0.0,0.0,0.0,0.0,0.0,0.0,0.0,0.0,0.0,0.0,0.0,0.0,0.0,0.0,0.0,0.0,0.0,0.0,0.0,0.0,0.0,0.0,0.0009281824953231582,0.0010147886301794013,0.0011082174700009577,0.0012089087486610052,0.0013173248409495278,0.0016735502641291994,0.0018173815761781118,0.001971654798155584,0.0021369939129537822,0.002314053645789678,0.002503520937713953,0.0027061165271936643,0.0029225966485557026,0.003576898016677912,0.003851575147567504,0.004144162397632689,0.004455643515303091,0.004787050774502136,0.005139467791525702,0.005514032592390943,0.005911940957724216,0.006334450079945252,0.007518120929961586,0.008035381285323221,0.008583337524533398,0.0091636073270183,0.009777896596706307,0.010428006073147263,0.011115838655347546,0.011843407525930225,0.01261284518730502,0.0134264135329666,0.015530993010467755,0.016500022697508134,0.017523212835879157,0.018603548258387184,0.019744218324407797,0.020948637570182192,0.022220469171631084,0.023563651700037144,0.024982429739404392,0.0264813890672787,0.030022652404779016,0.03177832560649692,0.033633207743747874,0.03559382017998155,0.03766731290985131,0.039861554517960224,0.0421852393398733,0.04464801601091662,0.047260642832122474,0.05003517709745575,0.05588345508612954,0.059129161512833636,0.06258669773339756,0.0662764428366201,0.07022202894705186,0.0744511200644894,0.07899644741814552,0.08389721264672396,0.09303510171926826,0.09892495337427075,0.1053546573618926,0.11241989993559931,0.12024757912367963,0.12901219608326184,0.13896529320715503,0.15528322765149385,0.16918022231258825,0.18658185569667765,0.21077759708106056,0.0,0.0,0.0,0.0,0.0,0.0,0.0,0.0,0.0,0.0,0.0,0.0,0.0,0.0,0.0,0.0,0.0,0.0,0.0,0.0,0.0,0.0,0.0,0.0,0.0,0.0,0.0,0.0,0.0,0.0,0.0,0.0,0.0,0.0,0.0,0.0,0.0,0.0,0.0,0.0,0.0,0.0,0.0,0.0,0.0,0.0,0.0,0.0,0.0,0.0,0.0,0.0,0.0
0.044978286075592,0.0,0.0,0.0,0.0,0.0,0.0,0.0,0.0,0.0,0.0,0.0,0.0,0.0,0.0,0.0,0.0,0.0,0.0,0.0,0.0,0.0,0.0,0.0,0.0,0.0,0.0,0.0,0.0,0.0,0.0,0.0,0.0,0.0,0.0,0.0,0.0,0.0,0.0,0.0,0.0,0.0,0.0,0.0,0.0,0.0,0.0,0.0,0.0,0.0,0.0,0.0,0.0,0.0,0.0,0.0,0.0,0.0,0.0,0.0,0.0,0.0,0.0,0.0,0.0,0.0,0.0,0.0,0.0,0.0,0.0,0.0,0.0,0.0,0.0,0.0,0.0,0.0,0.0,0.0010575361564285702,0.001153205713016984,0.0012561768572659983,0.00136690590072119,0.0014858721376392896,0.0018844481139250857,0.0020417468434634307,0.002210133790387306,0.002390253915399344,0.0025827835332146525,0.0027884318577867774,0.0030079426643774584,0.0036835662121940203,0.003961990045221016,0.004258279141295731,0.004573400623995293,0.004908368989780579,0.005264248877606752,0.0056421580859993764,0.0060432708652940256,0.006468821514519845,0.0076821078930463,0.008202977312643276,0.008754322213146195,0.009337731333937232,0.009954879921605986,0.010607536247769445,0.011297568828053911,0.012026954430542167,0.012797786983559158,0.013612287502855086,0.01575499351556598,0.016725028932194422,0.01774864501640665,0.018828775242008745,0.01996855435195564,0.021171338722197494,0.022440729500124018,0.02378059898787012,0.025195120834363195,0.026688804724308034,0.030273772353047426,0.03202317950905571,0.03387053928814339,0.03582227142375038,0.03788541540452818,0.04006771921261597,0.04237774503292904,0.04482499605983781,0.04742006975649716,0.050174844621054066,0.05606498834027546,0.05928745947366956,0.06271892790705255,0.0663794874580184,0.07029244181498472,0.07448507317566418,0.07898966406098727,0.08384488217944597,0.09300884827327567,0.09884345436101474,0.10521080133756906,0.11220532965679235,0.1199522942149032,0.12862394907718752,0.13846861589347903,0.15475011738112057,0.16849307163521554,0.18569681365359714,0.2096109705703718,0.0,0.0,0.0,0.0,0.0,0.0,0.0,0.0,0.0,0.0,0.0,0.0,0.0,0.0,0.0,0.0,0.0,0.0,0.0,0.0,0.0,0.0,0.0,0.0,0.0,0.0,0.0,0.0,0.0,0.0,0.0,0.0,0.0,0.0,0.0,0.0,0.0,0.0,0.0,0.0,0.0,0.0,0.0,0.0,0.0,0.0,0.0,0.0,0.0,0.0,0.0,0.0
0.045804085445404,0.0,0.0,0.0,0.0,0.0,0.0,0.0,0.0,0.0,0.0,0.0,0.0,0.0,0.0,0.0,0.0,0.0,0.0,0.0,0.0,0.0,0.0,0.0,0.0,0.0,0.0,0.0,0.0,0.0,0.0,0.0,0.0,0.0,0.0,0.0,0.0,0.0,0.0,0.0,0.0,0.0,0.0,0.0,0.0,0.0,0.0,0.0,0.0,0.0,0.0,0.0,0.0,0.0,0.0,0.0,0.0,0.0,0.0,0.0,0.0,0.0,0.0,0.0,0.0,0.0,0.0,0.0,0.0,0.0,0.0,0.0,0.0,0.0,0.0,0.0,0.0,0.0,0.0,0.0,0.0,0.0,0.0013036886249979563,0.0014166607273288028,0.0015378895054672776,0.0019518100192933794,0.002112041905566679,0.0022833762191290185,0.0024664480448980198,0.0026619229890028906,0.0028704986915372268,0.0030929064549794004,0.003329912998286552,0.0040720488501973665,0.004371876302648245,0.00469046570557887,0.005028813941417031,0.005387966883312332,0.005769022364109146,0.006173133416017792,0.006601511813572871,0.007055431952548286,0.008368765880525871,0.008923256512688547,0.009509555612647018,0.010129308436688028,0.010784251526201563,0.011476219824382324,0.012207154573579515,0.012979112097340288,0.013794273587707066,0.01597513209431368,0.016945891275178968,0.017969653160885713,0.01904930132022804,0.020187917448292295,0.021388801453786774,0.022655494282071437,0.023991803938087326,0.025401835265729946,0.026890024161309263,0.03051873795089611,0.03226168434450315,0.03410134969983348,0.036044055358490076,0.03809673384592184,0.04026701643393233,0.04256333744699645,0.04499505939053773,0.04757262418447096,0.05030773745795791,0.056240107371657244,0.05943956034047215,0.06284525500872454,0.06647701005970788,0.07035781259189415,0.07451457700826906,0.0789791539089254,0.08378969750656376,0.092981010135178,0.09876162641089091,0.10506812281636486,0.11199375005679542,0.11966219776851098,0.12824358638974628,0.13798319284321012,0.15423292364735564,0.16782774783788676,0.1848424088784047,0.2084914930669239,0.0,0.0,0.0,0.0,0.0,0.0,0.0,0.0,0.0,0.0,0.0,0.0,0.0,0.0,0.0,0.0,0.0,0.0,0.0,0.0,0.0,0.0,0.0,0.0,0.0,0.0,0.0,0.0,0.0,0.0,0.0,0.0,0.0,0.0,0.0,0.0,0.0,0.0,0.0,0.0,0.0,0.0,0.0,0.0,0.0,0.0,0.0,0.0,0.0,0.0,0.0
0.0464158883361278,0.0,0.0,0.0,0.0,0.0,0.0,0.0,0.0,0.0,0.0,0.0,0.0,0.0,0.0,0.0,0.0,0.0,0.0,0.0,0.0,0.0,0.0,0.0,0.0,0.0,0.0,0.0,0.0,0.0,0.0,0.0,0.0,0.0,0.0,0.0,0.0,0.0,0.0,0.0,0.0,0.0,0.0,0.0,0.0,0.0,0.0,0.0,0.0,0.0,0.0,0.0,0.0,0.0,0.0,0.0,0.0,0.0,0.0,0.0,0.0,0.0,0.0,0.0,0.0,0.0,0.0,0.0,0.0,0.0,0.0,0.0,0.0,0.0,0.0,0.0,0.0,0.0,0.0,0.0,0.0,0.0,0.0,0.0013681223411100103,0.0014848236932804679,0.0016099179888829794,0.0020431619848395553,0.0022083494078419244,0.0023848063951057374,0.0025731683930537478,0.002774101153603771,0.0029883022541157813,0.0032165027321580286,0.0034594688509689024,0.004230447014709723,0.004537589502577613,0.0048636898672966816,0.005209744464518412,0.005576798565134937,0.005965949356982881,0.006378349223867465,0.006815209331755696,0.007277803558733045,0.008632788659304799,0.009197580025932383,0.009794404505756893,0.010424908607773262,0.01109083066223176,0.01179400805669806,0.012536385272410251,0.013320022824672033,0.014147107232628551,0.01638461291365871,0.017369243562706478,0.018407180213658933,0.01950132006614779,0.020654761171197862,0.021870822988929284,0.023153069768355676,0.024505337227569233,0.025931763117744512,0.027436822371946733,0.031142092525281436,0.03290469057036292,0.03476469558571408,0.03672850930502909,0.03880315982262805,0.040996392325193996,0.0433167773699487,0.04577384102511179,0.04837822249094505,0.0541375878172377,0.05718053156060084,0.06041492296350392,0.06385844451738286,0.06753147900994645,0.07145772571210215,0.0756650092284146,0.08018636005477275,0.08506148728867728,0.09441803313085306,0.10028848308770068,0.10670181543255533,0.11375723916566396,0.12158750573514703,0.13037726134239103,0.14533242348164352,0.15715267930226243,0.17137174501505625,0.18951522179540878,0.2160675477711034,0.0,0.0,0.0,0.0,0.0,0.0,0.0,0.0,0.0,0.0,0.0,0.0,0.0,0.0,0.0,0.0,0.0,0.0,0.0,0.0,0.0,0.0,0.0,0.0,0.0,0.0,0.0,0.0,0.0,0.0,0.0,0.0,0.0,0.0,0.0,0.0,0.0,0.0,0.0,0.0,0.0,0.0,0.0,0.0,0.0,0.0,0.0,0.0,0.0,0.0
0.0466356062889099,0.0,0.0,0.0,0.0,0.0,0.0,0.0,0.0,0.0,0.0,0.0,0.0,0.0,0.0,0.0,0.0,0.0,0.0,0.0,0.0,0.0,0.0,0.0,0.0,0.0,0.0,0.0,0.0,0.0,0.0,0.0,0.0,0.0,0.0,0.0,0.0,0.0,0.0,0.0,0.0,0.0,0.0,0.0,0.0,0.0,0.0,0.0,0.0,0.0,0.0,0.0,0.0,0.0,0.0,0.0,0.0,0.0,0.0,0.0,0.0,0.0,0.0,0.0,0.0,0.0,0.0,0.0,0.0,0.0,0.0,0.0,0.0,0.0,0.0,0.0,0.0,0.0,0.0,0.0,0.0,0.0,0.0,0.0,0.001466358688519616,0.001589755910396987,0.0017219094820029222,0.002182223357062261,0.002356381780385615,0.0025422726012415157,0.002740550565910491,0.0029519016158295157,0.0031770444829443798,0.003416732409995572,0.004181204809609835,0.00448437127693861,0.004806218329052291,0.005147725268860899,0.0055099192748011136,0.0058938783234421714,0.006300734378229962,0.006731676877891025,0.007187956556481991,0.008531733936248008,0.009089064809235606,0.009677938253889368,0.010299969931876655,0.010956865097011766,0.011650425612752568,0.012382557737106085,0.013155280782029825,0.013970736761417649,0.014831201171241728,0.017160681997030598,0.01818419042267057,0.01926295260441491,0.020399998117488063,0.021598571392533003,0.022862154227063433,0.02419449144793573,0.02559962028192271,0.0270819040958558,0.030754098208278242,0.03249016511153276,0.03432172301847347,0.036254996471640315,0.03829681271673781,0.04045468809171512,0.04273693093863376,0.04515276505476184,0.0477124789034211,0.05042760744460507,0.0564019764349827,0.05957811941051972,0.06295777472452598,0.06656048857486739,0.07040893417255133,0.07452966081677194,0.07895408976692904,0.08371986402772692,0.0929385482712581,0.09866515713951543,0.10491082638458002,0.11176761178911042,0.11935762532552226,0.12784882716540258,0.1374833930399841,0.15370135881060693,0.1671474154985552,0.18397096233873098,0.20734742008782833,0.0,0.0,0.0,0.0,0.0,0.0,0.0,0.0,0.0,0.0,0.0,0.0,0.0,0.0,0.0,0.0,0.0,0.0,0.0,0.0,0.0,0.0,0.0,0.0,0.0,0.0,0.0,0.0,0.0,0.0,0.0,0.0,0.0,0.0,0.0,0.0,0.0,0.0,0.0,0.0,0.0,0.0,0.0,0.0,0.0,0.0,0.0,0.0,0.0,0.0
0.0474728486061096,0.0,0.0,0.0,0.0,0.0,0.0,0.0,0.0,0.0,0.0,0.0,0.0,0.0,0.0,0.0,0.0,0.0,0.0,0.0,0.0,0.0,0.0,0.0,0.0,0.0,0.0,0.0,0.0,0.0,0.0,0.0,0.0,0.0,0.0,0.0,0.0,0.0,0.0,0.0,0.0,0.0,0.0,0.0,0.0,0.0,0.0,0.0,0.0,0.0,0.0,0.0,0.0,0.0,0.0,0.0,0.0,0.0,0.0,0.0,0.0,0.0,0.0,0.0,0.0,0.0,0.0,0.0,0.0,0.0,0.0,0.0,0.0,0.0,0.0,0.0,0.0,0.0,0.0,0.0,0.0,0.0,0.0,0.0,0.0,0.0,0.0016413849390785572,0.0017756062417621432,0.001919083186864896,0.0024290404136026746,0.0026176147321564647,0.0028185509610706653,0.003032523247463384,0.0032602376843708543,0.003502433998791744,0.004289316659543647,0.004595621414157232,0.004920514960470822,0.0052649590824787925,0.0056299623603839645,0.0060165830469438766,0.0064259322076233825,0.006859177154923218,0.007317545210011777,0.008691721744455235,0.00925159032417775,0.009842726118575031,0.010466715601025441,0.01112523318998631,0.011820048167635796,0.01255303235432524,0.013326168644381332,0.014141560517728437,0.015001442665869048,0.017369271024601823,0.018392135871925053,0.019469617996466102,0.020604695767437602,0.021800559111787094,0.02306063171189791,0.02438859631587271,0.02578842369700752,0.027264405925881006,0.030979794438739203,0.032708577019491945,0.034531628820996745,0.03645507914439254,0.03848565160200431,0.040630749338473535,0.042898556552137666,0.045298160276301125,0.047839697570472156,0.05053453489033555,0.0565506562809955,0.059703213721412976,0.0630565805126409,0.06663003301889803,0.07044593328822027,0.07453046826756764,0.07891463256042326,0.083635560427856,0.09288162279962454,0.09855422552754675,0.10473911174323362,0.1115271382567939,0.11903882881821735,0.1274399598634305,0.14198119827914646,0.15315579701510118,0.1664525720999112,0.18308321422470325,0.2061801482084598,0.0,0.0,0.0,0.0,0.0,0.0,0.0,0.0,0.0,0.0,0.0,0.0,0.0,0.0,0.0,0.0,0.0,0.0,0.0,0.0,0.0,0.0,0.0,0.0,0.0,0.0,0.0,0.0,0.0,0.0,0.0,0.0,0.0,0.0,0.0,0.0,0.0,0.0,0.0,0.0,0.0,0.0,0.0,0.0,0.0,0.0,0.0,0.0,0.0
0.0483139052391052,0.0,0.0,0.0,0.0,0.0,0.0,0.0,0.0,0.0,0.0,0.0,0.0,0.0,0.0,0.0,0.0,0.0,0.0,0.0,0.0,0.0,0.0,0.0,0.0,0.0,0.0,0.0,0.0,0.0,0.0,0.0,0.0,0.0,0.0,0.0,0.0,0.0,0.0,0.0,0.0,0.0,0.0,0.0,0.0,0.0,0.0,0.0,0.0,0.0,0.0,0.0,0.0,0.0,0.0,0.0,0.0,0.0,0.0,0.0,0.0,0.0,0.0,0.0,0.0,0.0,0.0,0.0,0.0,0.0,0.0,0.0,0.0,0.0,0.0,0.0,0.0,0.0,0.0,0.0,0.0,0.0,0.0,0.0,0.0,0.0,0.0,0.0,0.001829071324739413,0.0019745062800827183,0.00250149910629265,0.0026926405390364557,0.002896111286427115,0.0031125737284136332,0.003342721378487609,0.0035872805407869443,0.0038470121024548926,0.004705959960752046,0.005033725015677722,0.005380923952590536,0.005748547020246356,0.006137633058743585,0.006549272592074918,0.00698461121144291,0.007444853279836502,0.008849460503091612,0.009411631094542206,0.010004788817552904,0.010630491625635344,0.011290383830622771,0.011986202927380427,0.012719787158675486,0.013493083933161338,0.014308159202854855,0.01516720793883756,0.01757333511191675,0.018595296913976635,0.019671244040808826,0.02080410511581916,0.021997017131071994,0.02325334734469247,0.02457671824463638,0.025971036113771374,0.027440523844153273,0.031199083309283043,0.03292041178740949,0.03473481006518841,0.036648315172920165,0.038667550341286994,0.04079980909453537,0.043053155429756726,0.04543654398826179,0.04795996530180735,0.050634622795385734,0.05669277153214752,0.059821965459117755,0.0631493381547901,0.06669390559085406,0.07047772971396166,0.07452664823992577,0.07887124489300792,0.08354816446574365,0.09282273594086751,0.09844252994727094,0.10456806736077696,0.11128905983877883,0.11872451809682556,0.12703814506208566,0.14156785280915893,0.15262489043840666,0.1657780743200998,0.18222437638642533,0.20505811981224076,0.0,0.0,0.0,0.0,0.0,0.0,0.0,0.0,0.0,0.0,0.0,0.0,0.0,0.0,0.0,0.0,0.0,0.0,0.0,0.0,0.0,0.0,0.0,0.0,0.0,0.0,0.0,0.0,0.0,0.0,0.0,0.0,0.0,0.0,0.0,0.0,0.0,0.0,0.0,0.0,0.0,0.0,0.0,0.0,0.0,0.0,0.0,0.0
0.0491587761878967,0.0,0.0,0.0,0.0,0.0,0.0,0.0,0.0,0.0,0.0,0.0,0.0,0.0,0.0,0.0,0.0,0.0,0.0,0.0,0.0,0.0,0.0,0.0,0.0,0.0,0.0,0.0,0.0,0.0,0.0,0.0,0.0,0.0,0.0,0.0,0.0,0.0,0.0,0.0,0.0,0.0,0.0,0.0,0.0,0.0,0.0,0.0,0.0,0.0,0.0,0.0,0.0,0.0,0.0,0.0,0.0,0.0,0.0,0.0,0.0,0.0,0.0,0.0,0.0,0.0,0.0,0.0,0.0,0.0,0.0,0.0,0.0,0.0,0.0,0.0,0.0,0.0,0.0,0.0,0.0,0.0,0.0,0.0,0.0,0.0,0.0,0.0,0.0,0.0,0.002029525708992011,0.002186540451749187,0.00276725738288266,0.002973137510456143,0.0031919579594716654,0.0034243997409221802,0.0036711758457244987,0.003933033005173746,0.004815272194352402,0.005145733706291506,0.005495505439763241,0.0058655595876593095,0.006256915895713047,0.006670644709256383,0.007107870305431545,0.007569774543834223,0.008057600873345568,0.009569063726060298,0.010164006018166076,0.010791181156321168,0.011452204063277955,0.012148781221354635,0.012882718137269057,0.01365592764028944,0.014470439131645906,0.015328408914046313,0.017772765445064006,0.018793570195056186,0.019867733015360996,0.02099813419105755,0.022187859293048562,0.023440220781774802,0.02475878263595659,0.02614738853329486,0.02761019422479233,0.02915170487999454,0.03312558699451052,0.03493118797874181,0.03683462879058312,0.03884243539662768,0.04096179512659836,0.04320065555659945,0.04556784312836375,0.048073206521620254,0.050727791376256076,0.05682820798082816,0.05993425168963904,0.06323591342747124,0.06675195783234297,0.07050415736729164,0.07451801311169948,0.07882371306139652,0.08345743105437284,0.09276157862800613,0.09832971611295639,0.10439728479328111,0.11105290295668535,0.11841414065048966,0.1266427334241386,0.14116419645579284,0.1521076913406237,0.16512276423256017,0.18139297850669794,0.20397928152580927,0.0,0.0,0.0,0.0,0.0,0.0,0.0,0.0,0.0,0.0,0.0,0.0,0.0,0.0,0.0,0.0,0.0,0.0,0.0,0.0,0.0,0.0,0.0,0.0,0.0,0.0,0.0,0.0,0.0,0.0,0.0,0.0,0.0,0.0,0.0,0.0,0.0,0.0,0.0,0.0,0.0,0.0,0.0,0.0,0.0,0.0,0.0
0.0500093686103821,0.0,0.0,0.0,0.0,0.0,0.0,0.0,0.0,0.0,0.0,0.0,0.0,0.0,0.0,0.0,0.0,0.0,0.0,0.0,0.0,0.0,0.0,0.0,0.0,0.0,0.0,0.0,0.0,0.0,0.0,0.0,0.0,0.0,0.0,0.0,0.0,0.0,0.0,0.0,0.0,0.0,0.0,0.0,0.0,0.0,0.0,0.0,0.0,0.0,0.0,0.0,0.0,0.0,0.0,0.0,0.0,0.0,0.0,0.0,0.0,0.0,0.0,0.0,0.0,0.0,0.0,0.0,0.0,0.0,0.0,0.0,0.0,0.0,0.0,0.0,0.0,0.0,0.0,0.0,0.0,0.0,0.0,0.0,0.0,0.0,0.0,0.0,0.0,0.0,0.0,0.0,0.0,0.002411478113893768,0.0030492273967266726,0.0032702481654465414,0.003504818101173805,0.0037536369042872495,0.004017437200029685,0.004296986414917816,0.00525590878502038,0.005608033065303598,0.005980289238797627,0.006373678132500274,0.006789250120010033,0.00722810840552645,0.00769141261952753,0.00818038276683019,0.009722811435950534,0.010319237623097261,0.01094757701987295,0.011609415603011557,0.012306429325841604,0.01304039147996153,0.013813180877509977,0.014626790972073497,0.015483340041732012,0.01796566320102344,0.018984943889524278,0.02005695272411923,0.021184522475759825,0.022370688166077277,0.023618708379736043,0.024932089559734052,0.026314613806781774,0.027770370814069974,0.029303794704791865,0.03332054210285847,0.03511697593253373,0.037009990154715386,0.0390060148917612,0.04111213277260009,0.04333617652563982,0.04568684604914921,0.04817384991195724,0.050808077797258336,0.05695043727566189,0.060033070961133764,0.06330878522685573,0.06679609554914467,0.07051648710920427,0.0744951265281516,0.07876180813365759,0.08335223659200579,0.09268585228922946,0.09820230769836498,0.10421191653218757,0.11080219885204116,0.11808927283529953,0.1262328830208929,0.1407461249240909,0.15157591848693736,0.1644522959225074,0.18054462212836364,0.20287689757011507,0.0,0.0,0.0,0.0,0.0,0.0,0.0,0.0,0.0,0.0,0.0,0.0,0.0,0.0,0.0,0.0,0.0,0.0,0.0,0.0,0.0,0.0,0.0,0.0,0.0,0.0,0.0,0.0,0.0,0.0,0.0,0.0,0.0,0.0,0.0,0.0,0.0,0.0,0.0,0.0,0.0,0.0,0.0,0.0,0.0,0.0
0.0508637753486633,0.0,0.0,0.0,0.0,0.0,0.0,0.0,0.0,0.0,0.0,0.0,0.0,0.0,0.0,0.0,0.0,0.0,0.0,0.0,0.0,0.0,0.0,0.0,0.0,0.0,0.0,0.0,0.0,0.0,0.0,0.0,0.0,0.0,0.0,0.0,0.0,0.0,0.0,0.0,0.0,0.0,0.0,0.0,0.0,0.0,0.0,0.0,0.0,0.0,0.0,0.0,0.0,0.0,0.0,0.0,0.0,0.0,0.0,0.0,0.0,0.0,0.0,0.0,0.0,0.0,0.0,0.0,0.0,0.0,0.0,0.0,0.0,0.0,0.0,0.0,0.0,0.0,0.0,0.0,0.0,0.0,0.0,0.0,0.0,0.0,0.0,0.0,0.0,0.0,0.0,0.0,0.0,0.0,0.0,0.0026495100586618426,0.003347679428888728,0.0035842378881460234,0.003834953694700857,0.004100545542015082,0.004381766108812867,0.00536465188184985,0.005718948514834897,0.006093220729551857,0.006488450770094227,0.006905669415878074,0.007345959215368266,0.007810458031574257,0.00830036293090333,0.00987371027901142,0.01047139080463135,0.011100662217947175,0.011763082248582966,0.012460297076222834,0.013194048589858579,0.013966182458686954,0.014778657126022963,0.015633553852813564,0.016533087963982174,0.019171248486599797,0.020240868672525565,0.021365378975377894,0.02254776529990838,0.023791233891554645,0.02509923530969794,0.026475491857411826,0.02792402908815056,0.029449212153139937,0.03350873819458147,0.03529587585180843,0.03717835861277237,0.03916252369170321,0.04125535224521954,0.04346456571753834,0.04579874141858976,0.048267452221580916,0.05088143681156817,0.05706592235177169,0.06012536009447891,0.06337540780269096,0.06683434039927415,0.07052336589077154,0.07446732844923609,0.07869564320872553,0.08324356338610275,0.09260762234214909,0.09807350658510054,0.10402648485927768,0.1105530290618945,0.11776787566590624,0.12582888143915935,0.14033702196493092,0.15105699438304676,0.16379998442849547,0.17972245632358871,0.20181617801173182,0.0,0.0,0.0,0.0,0.0,0.0,0.0,0.0,0.0,0.0,0.0,0.0,0.0,0.0,0.0,0.0,0.0,0.0,0.0,0.0,0.0,0.0,0.0,0.0,0.0,0.0,0.0,0.0,0.0,0.0,0.0,0.0,0.0,0.0,0.0,0.0,0.0,0.0,0.0,0.0,0.0,0.0,0.0,0.0,0.0
0.0517239035606384,0.0,0.0,0.0,0.0,0.0,0.0,0.0,0.0,0.0,0.0,0.0,0.0,0.0,0.0,0.0,0.0,0.0,0.0,0.0,0.0,0.0,0.0,0.0,0.0,0.0,0.0,0.0,0.0,0.0,0.0,0.0,0.0,0.0,0.0,0.0,0.0,0.0,0.0,0.0,0.0,0.0,0.0,0.0,0.0,0.0,0.0,0.0,0.0,0.0,0.0,0.0,0.0,0.0,0.0,0.0,0.0,0.0,0.0,0.0,0.0,0.0,0.0,0.0,0.0,0.0,0.0,0.0,0.0,0.0,0.0,0.0,0.0,0.0,0.0,0.0,0.0,0.0,0.0,0.0,0.0,0.0,0.0,0.0,0.0,0.0,0.0,0.0,0.0,0.0,0.0,0.0,0.0,0.0,0.0,0.0,0.0,0.0,0.003662201147753763,0.0039146405962081085,0.00418184325143712,0.0044645471528471994,0.004763525505882029,0.005827578819910114,0.006203641654257781,0.006600479773264483,0.007019104588253521,0.0074605782496842445,0.007926017139312572,0.008416595703305201,0.008933550664777684,0.010619329020058965,0.011249234696909909,0.011911932526684543,0.01260903938763792,0.0133422662744055,0.014113426256348035,0.014924443346354605,0.01577736240431568,0.01667436022663985,0.019350491794211173,0.0204173714816636,0.021538469458854494,0.02271672333112771,0.02395528786917002,0.025257558658944104,0.02662719916261908,0.028068171803706802,0.02958477382240845,0.033686671861784014,0.035464165194014644,0.03733577603887075,0.03930775001272511,0.04138696817765652,0.043581042144592644,0.0458984281598548,0.04834856500348813,0.05094204204565633,0.05716828121545253,0.060204280483862435,0.06342844124357332,0.06685879985702882,0.07051628917795016,0.0744254329290731,0.07861526893866708,0.08751445936041974,0.09251493410928595,0.09793022384280063,0.10382658052506585,0.11028942338870805,0.11743209684666112,0.12541054805829108,0.13991354891291838,0.1505235555245579,0.1631326204150912,0.1788835769146037,0.2069248217073476,0.0,0.0,0.0,0.0,0.0,0.0,0.0,0.0,0.0,0.0,0.0,0.0,0.0,0.0,0.0,0.0,0.0,0.0,0.0,0.0,0.0,0.0,0.0,0.0,0.0,0.0,0.0,0.0,0.0,0.0,0.0,0.0,0.0,0.0,0.0,0.0,0.0,0.0,0.0,0.0,0.0,0.0,0.0,0.0
0.0525897532463074,0.0,0.0,0.0,0.0,0.0,0.0,0.0,0.0,0.0,0.0,0.0,0.0,0.0,0.0,0.0,0.0,0.0,0.0,0.0,0.0,0.0,0.0,0.0,0.0,0.0,0.0,0.0,0.0,0.0,0.0,0.0,0.0,0.0,0.0,0.0,0.0,0.0,0.0,0.0,0.0,0.0,0.0,0.0,0.0,0.0,0.0,0.0,0.0,0.0,0.0,0.0,0.0,0.0,0.0,0.0,0.0,0.0,0.0,0.0,0.0,0.0,0.0,0.0,0.0,0.0,0.0,0.0,0.0,0.0,0.0,0.0,0.0,0.0,0.0,0.0,0.0,0.0,0.0,0.0,0.0,0.0,0.0,0.0,0.0,0.0,0.0,0.0,0.0,0.0,0.0,0.0,0.0,0.0,0.0,0.0,0.0,0.0,0.0,0.0,0.003992601446424362,0.004261235573862514,0.004545236652968037,0.00484536257559755,0.005162407709140975,0.0063114412337968015,0.006709657343378232,0.007129451347065733,0.007571865263593405,0.008037994289704113,0.008528990576021842,0.009046067378341816,0.010762944315300818,0.011393192583685203,0.012055871222534044,0.012752568282937976,0.013484964371045812,0.01425484049706793,0.015064086818828622,0.015914712406970677,0.016808856176258363,0.01952260849804895,0.02058640635389149,0.02170375017653516,0.022877530078131234,0.02411085020271595,0.02540705205724025,0.026769741205599037,0.02820281793110986,0.029710512607267713,0.0338543556437778,0.035621870648165396,0.03748228364566408,0.039441749945758914,0.041507051875848605,0.04368569264547366,0.0459860089489754,0.048417307065981526,0.05099002872868638,0.05725762997534655,0.06026996462600668,0.06346803473484032,0.06686964014056297,0.07049544063146786,0.07436964158238783,0.07852090556294235,0.08745296084910086,0.09240801155976362,0.09777270508978804,0.10361247321738777,0.11001167917562944,0.11708226682588535,0.12497825500511114,0.13947609609823822,0.1499760712283471,0.16245080041223464,0.17802882075177107,0.20592473168129583,0.0,0.0,0.0,0.0,0.0,0.0,0.0,0.0,0.0,0.0,0.0,0.0,0.0,0.0,0.0,0.0,0.0,0.0,0.0,0.0,0.0,0.0,0.0,0.0,0.0,0.0,0.0,0.0,0.0,0.0,0.0,0.0,0.0,0.0,0.0,0.0,0.0,0.0,0.0,0.0,0.0,0.0,0.0
0.0533669923120631,0.0,0.0,0.0,0.0,0.0,0.0,0.0,0.0,0.0,0.0,0.0,0.0,0.0,0.0,0.0,0.0,0.0,0.0,0.0,0.0,0.0,0.0,0.0,0.0,0.0,0.0,0.0,0.0,0.0,0.0,0.0,0.0,0.0,0.0,0.0,0.0,0.0,0.0,0.0,0.0,0.0,0.0,0.0,0.0,0.0,0.0,0.0,0.0,0.0,0.0,0.0,0.0,0.0,0.0,0.0,0.0,0.0,0.0,0.0,0.0,0.0,0.0,0.0,0.0,0.0,0.0,0.0,0.0,0.0,0.0,0.0,0.0,0.0,0.0,0.0,0.0,0.0,0.0,0.0,0.0,0.0,0.0,0.0,0.0,0.0,0.0,0.0,0.0,0.0,0.0,0.0,0.0,0.0,0.0,0.0,0.0,0.0,0.0,0.0,0.0,0.0,0.004360389036807171,0.0046470806837295795,0.00494984088076167,0.005269453738458124,0.006447396693144239,0.006848910710553626,0.007271919081758585,0.007717451569654471,0.008186590583457876,0.008680474943944513,0.009200304021109947,0.009747342291190113,0.011587557585572963,0.012253530409591044,0.012953343527532673,0.013688661152398252,0.014461247325029979,0.015272974649260121,0.016125834051958825,0.017021945708590707,0.01978209887309519,0.020848450609504972,0.021968046394161785,0.023143756420535393,0.024378664498157423,0.025676091431337682,0.027039621783066885,0.028473134625144177,0.02998083903021843,0.034180817265472944,0.03594879342791158,0.03780921510273199,0.039768220984705525,0.04183257856572687,0.04400977870588517,0.04630814916936902,0.04873699197369679,0.05130675093335421,0.057640883851347975,0.060650969459211675,0.06384642453715975,0.06724511743308774,0.07086780846048575,0.07473884827398093,0.07888710821670882,0.0878987983567317,0.09285434955006175,0.09822122428437263,0.10406584136902158,0.11047407719493565,0.11756028026666848,0.12548247703031093,0.14012279435961042,0.15070197836270424,0.1633190034467958,0.17918819480782208,0.20801160141305508,0.0,0.0,0.0,0.0,0.0,0.0,0.0,0.0,0.0,0.0,0.0,0.0,0.0,0.0,0.0,0.0,0.0,0.0,0.0,0.0,0.0,0.0,0.0,0.0,0.0,0.0,0.0,0.0,0.0,0.0,0.0,0.0,0.0,0.0,0.0,0.0,0.0,0.0,0.0,0.0,0.0,0.0
0.0534594172477722,0.0,0.0,0.0,0.0,0.0,0.0,0.0,0.0,0.0,0.0,0.0,0.0,0.0,0.0,0.0,0.0,0.0,0.0,0.0,0.0,0.0,0.0,0.0,0.0,0.0,0.0,0.0,0.0,0.0,0.0,0.0,0.0,0.0,0.0,0.0,0.0,0.0,0.0,0.0,0.0,0.0,0.0,0.0,0.0,0.0,0.0,0.0,0.0,0.0,0.0,0.0,0.0,0.0,0.0,0.0,0.0,0.0,0.0,0.0,0.0,0.0,0.0,0.0,0.0,0.0,0.0,0.0,0.0,0.0,0.0,0.0,0.0,0.0,0.0,0.0,0.0,0.0,0.0,0.0,0.0,0.0,0.0,0.0,0.0,0.0,0.0,0.0,0.0,0.0,0.0,0.0,0.0,0.0,0.0,0.0,0.0,0.0,0.0,0.0,0.0,0.0,0.004339071447551397,0.004624217509477699,0.004925334596591698,0.005243201231063807,0.006417137442874438,0.006816548008234797,0.007237323937237975,0.007680487545426419,0.008147113310221558,0.008638331591775142,0.009155332723600366,0.009699371515762008,0.011533553199089467,0.012195995122444058,0.012892064933288476,0.013623413625619,0.014391790980052796,0.01519905418669652,0.016047177473431665,0.01693826288615092,0.019689448238310772,0.020749953662359953,0.021863340193713107,0.02303245178239995,0.024260343373208218,0.02555030392517809,0.02690588275150341,0.02833091977307066,0.029829580416537063,0.034015216105207594,0.03577264937024499,0.03762178478391984,0.03956869007245018,0.04162005182653262,0.04378326817101035,0.046066559932964136,0.04847910501228258,0.05103120214327452,0.057340269661789754,0.060329164483200366,0.06350143232284437,0.0668746446287637,0.07046919769999127,0.07430898998049446,0.07842232258469553,0.08738796219604548,0.09229849300787137,0.09761366755438845,0.10339813339291669,0.1097352464986874,0.11673561884909137,0.12455144255818275,0.13904706325153032,0.1494407747004854,0.1617863502752981,0.17719934675366736,0.2049656371951996,0.0,0.0,0.0,0.0,0.0,0.0,0.0,0.0,0.0,0.0,0.0,0.0,0.0,0.0,0.0,0.0,0.0,0.0,0.0,0.0,0.0,0.0,0.0,0.0,0.0,0.0,0.0,0.0,0.0,0.0,0.0,0.0,0.0,0.0,0.0,0.0,0.0,0.0,0.0,0.0,0.0,0.0
0.054332895565033,0.0,0.0,0.0,0.0,0.0,0.0,0.0,0.0,0.0,0.0,0.0,0.0,0.0,0.0,0.0,0.0,0.0,0.0,0.0,0.0,0.0,0.0,0.0,0.0,0.0,0.0,0.0,0.0,0.0,0.0,0.0,0.0,0.0,0.0,0.0,0.0,0.0,0.0,0.0,0.0,0.0,0.0,0.0,0.0,0.0,0.0,0.0,0.0,0.0,0.0,0.0,0.0,0.0,0.0,0.0,0.0,0.0,0.0,0.0,0.0,0.0,0.0,0.0,0.0,0.0,0.0,0.0,0.0,0.0,0.0,0.0,0.0,0.0,0.0,0.0,0.0,0.0,0.0,0.0,0.0,0.0,0.0,0.0,0.0,0.0,0.0,0.0,0.0,0.0,0.0,0.0,0.0,0.0,0.0,0.0,0.0,0.0,0.0,0.0,0.0,0.0,0.0,0.0,0.004701419569767629,0.005003373807968722,0.005321904368026067,0.00565781135586944,0.0069210701389719916,0.00734264392780134,0.007786370218639736,0.008253303229739963,0.008744552027880322,0.009261284559875401,0.009804732090237245,0.0116702391794942,0.01233223185830508,0.013027462253044297,0.013757552500662896,0.014524221958158393,0.01532929570765271,0.01617471405278233,0.01706254315020398,0.01799498694341852,0.020907961883362334,0.022017194164927804,0.02318144927587773,0.024403734336485974,0.025687287235462264,0.02703560262254963,0.028452461766910568,0.029941966997341425,0.03416922030804357,0.03591647256630647,0.03775425424689185,0.03968854811514001,0.041725947910818496,0.043873749863411686,0.046140062480475356,0.04853393925025158,0.05106554037444845,0.05741614738669771,0.0603818212816296,0.06352856732314362,0.06687373640837911,0.07043747058287254,0.07424337237368965,0.07831939476070714,0.08731928952414406,0.09218617599335478,0.09745287443545751,0.10318328296649766,0.10945979745738234,0.11639176446134854,0.12412964775113085,0.13862587335581944,0.1489169688168383,0.16113840961242953,0.1763940501163593,0.20404596448886386,0.0,0.0,0.0,0.0,0.0,0.0,0.0,0.0,0.0,0.0,0.0,0.0,0.0,0.0,0.0,0.0,0.0,0.0,0.0,0.0,0.0,0.0,0.0,0.0,0.0,0.0,0.0,0.0,0.0,0.0,0.0,0.0,0.0,0.0,0.0,0.0,0.0,0.0,0.0,0.0,0.0
0.0552120953559875,0.0,0.0,0.0,0.0,0.0,0.0,0.0,0.0,0.0,0.0,0.0,0.0,0.0,0.0,0.0,0.0,0.0,0.0,0.0,0.0,0.0,0.0,0.0,0.0,0.0,0.0,0.0,0.0,0.0,0.0,0.0,0.0,0.0,0.0,0.0,0.0,0.0,0.0,0.0,0.0,0.0,0.0,0.0,0.0,0.0,0.0,0.0,0.0,0.0,0.0,0.0,0.0,0.0,0.0,0.0,0.0,0.0,0.0,0.0,0.0,0.0,0.0,0.0,0.0,0.0,0.0,0.0,0.0,0.0,0.0,0.0,0.0,0.0,0.0,0.0,0.0,0.0,0.0,0.0,0.0,0.0,0.0,0.0,0.0,0.0,0.0,0.0,0.0,0.0,0.0,0.0,0.0,0.0,0.0,0.0,0.0,0.0,0.0,0.0,0.0,0.0,0.0,0.0,0.0,0.0,0.005078905598432155,0.005397909951051919,0.005734096100016689,0.00608828674667674,0.007444618670890452,0.007888676340989042,0.008355680286871024,0.008846718605420606,0.009362937205177255,0.00990554417921596,0.01047581462893697,0.012463328196048975,0.013157436951703428,0.013885983438455263,0.014650657092552723,0.01545325142022528,0.016295673362120955,0.017179953778002435,0.018108259213363516,0.02105837109575974,0.022163133978534255,0.023322218566165353,0.024538584913853433,0.025815420635939588,0.027156166556090492,0.02856454616964338,0.030044599629928833,0.031600723128170076,0.03604974574592645,0.03787587636117312,0.039797270520607275,0.04182043029857822,0.043952551277265446,0.04620163095494046,0.048576599788619085,0.05108748089644524,0.05747916308896038,0.060421409043519975,0.06354244656267516,0.0668594077202891,0.07039218206582964,0.07416407795938539,0.07820270192072666,0.08723655263336862,0.0920597531729115,0.09727796452591618,0.10295433439200792,0.1091702950020006,0.11603391910549964,0.12369392421584859,0.13819061394886437,0.14837899872634297,0.16047588576018929,0.17557281499290364,0.20310527783803112,0.0,0.0,0.0,0.0,0.0,0.0,0.0,0.0,0.0,0.0,0.0,0.0,0.0,0.0,0.0,0.0,0.0,0.0,0.0,0.0,0.0,0.0,0.0,0.0,0.0,0.0,0.0,0.0,0.0,0.0,0.0,0.0,0.0,0.0,0.0,0.0,0.0,0.0,0.0,0.0
0.056095109462738,0.0,0.0,0.0,0.0,0.0,0.0,0.0,0.0,0.0,0.0,0.0,0.0,0.0,0.0,0.0,0.0,0.0,0.0,0.0,0.0,0.0,0.0,0.0,0.0,0.0,0.0,0.0,0.0,0.0,0.0,0.0,0.0,0.0,0.0,0.0,0.0,0.0,0.0,0.0,0.0,0.0,0.0,0.0,0.0,0.0,0.0,0.0,0.0,0.0,0.0,0.0,0.0,0.0,0.0,0.0,0.0,0.0,0.0,0.0,0.0,0.0,0.0,0.0,0.0,0.0,0.0,0.0,0.0,0.0,0.0,0.0,0.0,0.0,0.0,0.0,0.0,0.0,0.0,0.0,0.0,0.0,0.0,0.0,0.0,0.0,0.0,0.0,0.0,0.0,0.0,0.0,0.0,0.0,0.0,0.0,0.0,0.0,0.0,0.0,0.0,0.0,0.0,0.0,0.0,0.0,0.0,0.0,0.005471702731200611,0.005808014425656334,0.006162116902759948,0.006534856773211846,0.007988102695613473,0.00845499715673058,0.00894564334385246,0.009461165650738314,0.01000274955922779,0.010571646392348458,0.01259040826063425,0.013283195587256874,0.014010000299411754,0.014772482685414666,0.015572405497264649,0.0164116431889249,0.017292192256143698,0.01821618284088764,0.021203169680809483,0.022303281847956394,0.023457023671871368,0.024667309446088564,0.025937277908965547,0.02727031756041197,0.028670095742540105,0.030140592183267305,0.03168613786569333,0.03617607644079213,0.03799049417198625,0.03989895192550484,0.04190786284711971,0.044024324902072455,0.046256227953832704,0.04861238320150424,0.05110268093790948,0.057535459150353865,0.06045449980490286,0.06355011071562583,0.06683921264821757,0.07034145152326213,0.07407985212604655,0.07808168735177146,0.0823796565975213,0.09193046140559254,0.09710120097284411,0.102724742677228,0.10888160107010396,0.11567864004751068,0.12326292729777265,0.13776277738301787,0.14785200370659923,0.15982923838218138,0.1747749799628568,0.2022030393679554,0.0,0.0,0.0,0.0,0.0,0.0,0.0,0.0,0.0,0.0,0.0,0.0,0.0,0.0,0.0,0.0,0.0,0.0,0.0,0.0,0.0,0.0,0.0,0.0,0.0,0.0,0.0,0.0,0.0,0.0,0.0,0.0,0.0,0.0,0.0,0.0,0.0,0.0,0.0
0.0569857522010803,0.0,0.0,0.0,0.0,0.0,0.0,0.0,0.0,0.0,0.0,0.0,0.0,0.0,0.0,0.0,0.0,0.0,0.0,0.0,0.0,0.0,0.0,0.0,0.0,0.0,0.0,0.0,0.0,0.0,0.0,0.0,0.0,0.0,0.0,0.0,0.0,0.0,0.0,0.0,0.0,0.0,0.0,0.0,0.0,0.0,0.0,0.0,0.0,0.0,0.0,0.0,0.0,0.0,0.0,0.0,0.0,0.0,0.0,0.0,0.0,0.0,0.0,0.0,0.0,0.0,0.0,0.0,0.0,0.0,0.0,0.0,0.0,0.0,0.0,0.0,0.0,0.0,0.0,0.0,0.0,0.0,0.0,0.0,0.0,0.0,0.0,0.0,0.0,0.0,0.0,0.0,0.0,0.0,0.0,0.0,0.0,0.0,0.0,0.0,0.0,0.0,0.0,0.0,0.0,0.0,0.0,0.0,0.0,0.0,0.0,0.006232124433398555,0.006604308503663051,0.008083045072433154,0.008549553935649615,0.009039525112514591,0.009554061657027694,0.010094326626397875,0.01066154776201833,0.011257022663579818,0.01340216501958433,0.01412687937627585,0.01488681553458462,0.01568370571209863,0.016519392097288962,0.01739583704301492,0.018315134508847926,0.01927952293647,0.0224333651636568,0.023581340972346862,0.024785117360458554,0.02604778433674157,0.027372678196234537,0.02876341021017566,0.03022389971951171,0.031758412482185215,0.03628841005779602,0.038090620530676675,0.0399856411030981,0.04197979556746807,0.044080083678486044,0.046294286862755885,0.04863109600144207,0.05110026716785583,0.05757313268292584,0.060468372040861494,0.06353794197925719,0.06679854795335984,0.07026958701963637,0.0739737934886819,0.07793809744408119,0.08219478856587181,0.09177644963555376,0.09689872846616544,0.10246832177669851,0.10856477592543913,0.11529366831778327,0.12280029142489052,0.13730034026318616,0.1472868370529715,0.1591389572283661,0.17392380612347824,0.20122353714543764,0.0,0.0,0.0,0.0,0.0,0.0,0.0,0.0,0.0,0.0,0.0,0.0,0.0,0.0,0.0,0.0,0.0,0.0,0.0,0.0,0.0,0.0,0.0,0.0,0.0,0.0,0.0,0.0,0.0,0.0,0.0,0.0,0.0,0.0,0.0,0.0,0.0,0.0
0.0578783020973206,0.0,0.0,0.0,0.0,0.0,0.0,0.0,0.0,0.0,0.0,0.0,0.0,0.0,0.0,0.0,0.0,0.0,0.0,0.0,0.0,0.0,0.0,0.0,0.0,0.0,0.0,0.0,0.0,0.0,0.0,0.0,0.0,0.0,0.0,0.0,0.0,0.0,0.0,0.0,0.0,0.0,0.0,0.0,0.0,0.0,0.0,0.0,0.0,0.0,0.0,0.0,0.0,0.0,0.0,0.0,0.0,0.0,0.0,0.0,0.0,0.0,0.0,0.0,0.0,0.0,0.0,0.0,0.0,0.0,0.0,0.0,0.0,0.0,0.0,0.0,0.0,0.0,0.0,0.0,0.0,0.0,0.0,0.0,0.0,0.0,0.0,0.0,0.0,0.0,0.0,0.0,0.0,0.0,0.0,0.0,0.0,0.0,0.0,0.0,0.0,0.0,0.0,0.0,0.0,0.0,0.0,0.0,0.0,0.0,0.0,0.0,0.0,0.006671672950212201,0.007062213312855978,0.008641764703793223,0.009130942958231067,0.009644378936691136,0.01018321399849865,0.010748653080092777,0.011341969792109285,0.013518092009879839,0.014240610288628167,0.014997902251090454,0.015791670661184455,0.016623726597168542,0.017495999506507313,0.018410548490471836,0.019369575003339773,0.022559761514569815,0.023701945168027462,0.024899204664025086,0.026154583220620243,0.027471367031736617,0.028853113587711615,0.03030368434336444,0.03182728257277526,0.03639739082007242,0.03818756777934053,0.040069365190904586,0.04204902165905968,0.04413344340224121,0.04633030868879364,0.04864819407874208,0.05109672829208242,0.05761015486706747,0.06048223336892146,0.06352649854162802,0.06675945348068081,0.07020026193393192,0.07387138666968636,0.07779943834501113,0.08201632630690787,0.09163052171368587,0.09670633447199127,0.10222432590654909,0.10826316739728317,0.11492728494664638,0.12236040179622995,0.13686604207494563,0.14675684264130365,0.1584938380235702,0.17313383292413614,0.2003396738902763,0.0,0.0,0.0,0.0,0.0,0.0,0.0,0.0,0.0,0.0,0.0,0.0,0.0,0.0,0.0,0.0,0.0,0.0,0.0,0.0,0.0,0.0,0.0,0.0,0.0,0.0,0.0,0.0,0.0,0.0,0.0,0.0,0.0,0.0,0.0,0.0,0.0
0.0587784806251526,0.0,0.0,0.0,0.0,0.0,0.0,0.0,0.0,0.0,0.0,0.0,0.0,0.0,0.0,0.0,0.0,0.0,0.0,0.0,0.0,0.0,0.0,0.0,0.0,0.0,0.0,0.0,0.0,0.0,0.0,0.0,0.0,0.0,0.0,0.0,0.0,0.0,0.0,0.0,0.0,0.0,0.0,0.0,0.0,0.0,0.0,0.0,0.0,0.0,0.0,0.0,0.0,0.0,0.0,0.0,0.0,0.0,0.0,0.0,0.0,0.0,0.0,0.0,0.0,0.0,0.0,0.0,0.0,0.0,0.0,0.0,0.0,0.0,0.0,0.0,0.0,0.0,0.0,0.0,0.0,0.0,0.0,0.0,0.0,0.0,0.0,0.0,0.0,0.0,0.0,0.0,0.0,0.0,0.0,0.0,0.0,0.0,0.0,0.0,0.0,0.0,0.0,0.0,0.0,0.0,0.0,0.0,0.0,0.0,0.0,0.0,0.0,0.0,0.0,0.007124301817243079,0.007533336171743058,0.009217228428766995,0.009729287785885748,0.01026641135658906,0.010829781466011643,0.011420647938197897,0.012040333654306956,0.014347146605718692,0.015101457138758326,0.0158917612509503,0.01671983911914312,0.017587587492870732,0.018497030819950917,0.019450333767080184,0.020449815353830798,0.023812104968800343,0.025002442120411906,0.026250122125244607,0.02755838117274531,0.028930723033216615,0.03037095129275119,0.03188320670331773,0.033472010672251445,0.038270206061227184,0.04013830731634901,0.042102986535600684,0.04417105580061573,0.04635008941898963,0.04864854857692999,0.05107593326870982,0.05762887590044723,0.06047722847738501,0.06349560616769719,0.06670030582326436,0.07011025281829676,0.07374763171874668,0.07763872490820495,0.0818150494892673,0.09146040509754354,0.09648880624133542,0.10195412403646986,0.10793410656549383,0.11453195424372403,0.1218897013969294,0.13639800946710706,0.14618969471103208,0.15780634206915167,0.17229221731984426,0.19938127393950386,0.0,0.0,0.0,0.0,0.0,0.0,0.0,0.0,0.0,0.0,0.0,0.0,0.0,0.0,0.0,0.0,0.0,0.0,0.0,0.0,0.0,0.0,0.0,0.0,0.0,0.0,0.0,0.0,0.0,0.0,0.0,0.0,0.0,0.0,0.0,0.0
0.0596824734687805,0.0,0.0,0.0,0.0,0.0,0.0,0.0,0.0,0.0,0.0,0.0,0.0,0.0,0.0,0.0,0.0,0.0,0.0,0.0,0.0,0.0,0.0,0.0,0.0,0.0,0.0,0.0,0.0,0.0,0.0,0.0,0.0,0.0,0.0,0.0,0.0,0.0,0.0,0.0,0.0,0.0,0.0,0.0,0.0,0.0,0.0,0.0,0.0,0.0,0.0,0.0,0.0,0.0,0.0,0.0,0.0,0.0,0.0,0.0,0.0,0.0,0.0,0.0,0.0,0.0,0.0,0.0,0.0,0.0,0.0,0.0,0.0,0.0,0.0,0.0,0.0,0.0,0.0,0.0,0.0,0.0,0.0,0.0,0.0,0.0,0.0,0.0,0.0,0.0,0.0,0.0,0.0,0.0,0.0,0.0,0.0,0.0,0.0,0.0,0.0,0.0,0.0,0.0,0.0,0.0,0.0,0.0,0.0,0.0,0.0,0.0,0.0,0.0,0.0,0.0,0.0,0.0,0.008018660342840466,0.009810625847711146,0.010345880230542342,0.010907025458166405,0.011495288168482734,0.012111966832683481,0.012758437828077876,0.015200310998987105,0.01598698950226964,0.016810933326583774,0.017674007383581814,0.01857820238283104,0.019525647178215953,0.020518622704644215,0.023916326903998704,0.02509961517428678,0.026339482332002274,0.027639115939395963,0.029001967533174588,0.030431784437884503,0.0319326466288812,0.033509009653878784,0.038346034108692445,0.04020043623692336,0.04215016227326297,0.04420193297621516,0.046363221832106914,0.04864237817866707,0.051048777272442065,0.05359300485169458,0.06046603424844934,0.06345882506807748,0.06663563368531059,0.07001515555852643,0.07361930720085406,0.07747405507655214,0.08161053933157077,0.0912876599528406,0.09626965004919798,0.10168348314590801,0.10760602944161689,0.11413932835117485,0.12142382182618552,0.13593733423392318,0.14563340279249057,0.15713456175564922,0.1714738573703628,0.1984613929879938,0.0,0.0,0.0,0.0,0.0,0.0,0.0,0.0,0.0,0.0,0.0,0.0,0.0,0.0,0.0,0.0,0.0,0.0,0.0,0.0,0.0,0.0,0.0,0.0,0.0,0.0,0.0,0.0,0.0,0.0,0.0,0.0,0.0,0.0,0.0
0.0605902806282043,0.0,0.0,0.0,0.0,0.0,0.0,0.0,0.0,0.0,0.0,0.0,0.0,0.0,0.0,0.0,0.0,0.0,0.0,0.0,0.0,0.0,0.0,0.0,0.0,0.0,0.0,0.0,0.0,0.0,0.0,0.0,0.0,0.0,0.0,0.0,0.0,0.0,0.0,0.0,0.0,0.0,0.0,0.0,0.0,0.0,0.0,0.0,0.0,0.0,0.0,0.0,0.0,0.0,0.0,0.0,0.0,0.0,0.0,0.0,0.0,0.0,0.0,0.0,0.0,0.0,0.0,0.0,0.0,0.0,0.0,0.0,0.0,0.0,0.0,0.0,0.0,0.0,0.0,0.0,0.0,0.0,0.0,0.0,0.0,0.0,0.0,0.0,0.0,0.0,0.0,0.0,0.0,0.0,0.0,0.0,0.0,0.0,0.0,0.0,0.0,0.0,0.0,0.0,0.0,0.0,0.0,0.0,0.0,0.0,0.0,0.0,0.0,0.0,0.0,0.0,0.0,0.0,0.0,0.0,0.008517831810701782,0.010421604882891507,0.010980374867648041,0.011565886018912449,0.012179413016904495,0.012822307169811295,0.015294453033523399,0.01607735067264735,0.016897010617627734,0.017755266774570018,0.01865407699986167,0.019595535277100843,0.020581885462161657,0.024014618078239312,0.025190736751211376,0.02642268243600969,0.027713595397843842,0.02906687637469297,0.03048621798147796,0.0319756411006295,0.03353953725681524,0.03841507308872087,0.04025577601059637,0.042190575158341695,0.044226102684253345,0.046369734287674096,0.0486297108657133,0.0510152867914854,0.05353691228075382,0.060448645689761486,0.06341614431956831,0.06656541835817824,0.06991494154149439,0.07348637216309592,0.07730537274250915,0.08140272129450424,0.09111216697331218,0.09604871977104051,0.10141222478845849,0.10727871847926794,0.11374914206187814,0.12096243903855707,0.13548360048576577,0.1450874557376164,0.15647785554628071,0.17067791435957813,0.19757881266041522,0.0,0.0,0.0,0.0,0.0,0.0,0.0,0.0,0.0,0.0,0.0,0.0,0.0,0.0,0.0,0.0,0.0,0.0,0.0,0.0,0.0,0.0,0.0,0.0,0.0,0.0,0.0,0.0,0.0,0.0,0.0,0.0,0.0,0.0
0.0613590727341318,0.0,0.0,0.0,0.0,0.0,0.0,0.0,0.0,0.0,0.0,0.0,0.0,0.0,0.0,0.0,0.0,0.0,0.0,0.0,0.0,0.0,0.0,0.0,0.0,0.0,0.0,0.0,0.0,0.0,0.0,0.0,0.0,0.0,0.0,0.0,0.0,0.0,0.0,0.0,0.0,0.0,0.0,0.0,0.0,0.0,0.0,0.0,0.0,0.0,0.0,0.0,0.0,0.0,0.0,0.0,0.0,0.0,0.0,0.0,0.0,0.0,0.0,0.0,0.0,0.0,0.0,0.0,0.0,0.0,0.0,0.0,0.0,0.0,0.0,0.0,0.0,0.0,0.0,0.0,0.0,0.0,0.0,0.0,0.0,0.0,0.0,0.0,0.0,0.0,0.0,0.0,0.0,0.0,0.0,0.0,0.0,0.0,0.0,0.0,0.0,0.0,0.0,0.0,0.0,0.0,0.0,0.0,0.0,0.0,0.0,0.0,0.0,0.0,0.0,0.0,0.0,0.0,0.0,0.0,0.0,0.0,0.009098785243195935,0.011128639114519988,0.011715962975548826,0.012331170706652867,0.012975605359361677,0.013650693222211607,0.016274964861137033,0.017096743391065854,0.017956966144436953,0.018857584129856674,0.01980068484166391,0.020788506110237814,0.021823451793191097,0.02545081553691876,0.026684906201613116,0.02797780786557727,0.029332922474442108,0.030753945923297027,0.032244904916486586,0.03381019992011007,0.038748240350683916,0.04059154069696341,0.04252890323204298,0.044566995476763085,0.046713238333901765,0.048975930259446174,0.05136439882404362,0.053889187397985434,0.06087877230429618,0.06385220321267585,0.06700824415311915,0.07036563682607108,0.07394638988232277,0.07777662965349395,0.08188775737118067,0.091702732033607,0.0966636274779124,0.10205800187771599,0.107964475990535,0.11448796683652851,0.12805546832951475,0.1365036622861021,0.14626741108328079,0.15791705678193635,0.172603147074514,0.20090025526211994,0.0,0.0,0.0,0.0,0.0,0.0,0.0,0.0,0.0,0.0,0.0,0.0,0.0,0.0,0.0,0.0,0.0,0.0,0.0,0.0,0.0,0.0,0.0,0.0,0.0,0.0,0.0,0.0,0.0,0.0,0.0,0.0,0.0
0.061503809261322,0.0,0.0,0.0,0.0,0.0,0.0,0.0,0.0,0.0,0.0,0.0,0.0,0.0,0.0,0.0,0.0,0.0,0.0,0.0,0.0,0.0,0.0,0.0,0.0,0.0,0.0,0.0,0.0,0.0,0.0,0.0,0.0,0.0,0.0,0.0,0.0,0.0,0.0,0.0,0.0,0.0,0.0,0.0,0.0,0.0,0.0,0.0,0.0,0.0,0.0,0.0,0.0,0.0,0.0,0.0,0.0,0.0,0.0,0.0,0.0,0.0,0.0,0.0,0.0,0.0,0.0,0.0,0.0,0.0,0.0,0.0,0.0,0.0,0.0,0.0,0.0,0.0,0.0,0.0,0.0,0.0,0.0,0.0,0.0,0.0,0.0,0.0,0.0,0.0,0.0,0.0,0.0,0.0,0.0,0.0,0.0,0.0,0.0,0.0,0.0,0.0,0.0,0.0,0.0,0.0,0.0,0.0,0.0,0.0,0.0,0.0,0.0,0.0,0.0,0.0,0.0,0.0,0.0,0.0,0.0,0.0,0.0,0.011048776970614523,0.011631331960686412,0.012241502506367442,0.012880615268365828,0.013550078828055014,0.016161355254206235,0.016976500652366798,0.017829709559762225,0.01872290750323993,0.019658154144078573,0.020637656832796832,0.02166378595566673,0.025273500057449164,0.026497286285392014,0.027779245500087694,0.029122728356620328,0.030531373512784413,0.032009143550705235,0.03356036680300956,0.03518978630900534,0.04030054229945583,0.04222021161236826,0.044239304328690075,0.04636509944767629,0.04860573057914535,0.0509703324357671,0.053469221009584025,0.060419043923394214,0.06336113004826018,0.0664827694429735,0.0698022157461282,0.07334087072272523,0.0771240946761739,0.08118230519686773,0.09092363228108956,0.09581478897583047,0.10112803787688533,0.1069385809649218,0.11334625777770992,0.12048850421604568,0.13501707750345068,0.14452880471723067,0.15580834965754117,0.1698684994510717,0.19667945440704368,0.0,0.0,0.0,0.0,0.0,0.0,0.0,0.0,0.0,0.0,0.0,0.0,0.0,0.0,0.0,0.0,0.0,0.0,0.0,0.0,0.0,0.0,0.0,0.0,0.0,0.0,0.0,0.0,0.0,0.0,0.0,0.0,0.0
0.0624230593681335,0.0,0.0,0.0,0.0,0.0,0.0,0.0,0.0,0.0,0.0,0.0,0.0,0.0,0.0,0.0,0.0,0.0,0.0,0.0,0.0,0.0,0.0,0.0,0.0,0.0,0.0,0.0,0.0,0.0,0.0,0.0,0.0,0.0,0.0,0.0,0.0,0.0,0.0,0.0,0.0,0.0,0.0,0.0,0.0,0.0,0.0,0.0,0.0,0.0,0.0,0.0,0.0,0.0,0.0,0.0,0.0,0.0,0.0,0.0,0.0,0.0,0.0,0.0,0.0,0.0,0.0,0.0,0.0,0.0,0.0,0.0,0.0,0.0,0.0,0.0,0.0,0.0,0.0,0.0,0.0,0.0,0.0,0.0,0.0,0.0,0.0,0.0,0.0,0.0,0.0,0.0,0.0,0.0,0.0,0.0,0.0,0.0,0.0,0.0,0.0,0.0,0.0,0.0,0.0,0.0,0.0,0.0,0.0,0.0,0.0,0.0,0.0,0.0,0.0,0.0,0.0,0.0,0.0,0.0,0.0,0.0,0.0,0.0,0.0,0.011691640244615822,0.01229825792675918,0.012933393469061865,0.013598429885757456,0.014294837962631448,0.017049434201289584,0.017897376340920677,0.01878474465507625,0.019713565023647777,0.020686008858164434,0.021704408235177556,0.02534796943664336,0.02656336965363628,0.02783615373761971,0.029169622970165822,0.03056736279748421,0.032033278285142526,0.03357163540182912,0.035187109340868855,0.04033486712066613,0.042239216890349186,0.04424169665027038,0.046349489792705686,0.04857062380198332,0.05091411496961528,0.053390146387083455,0.06037742721069583,0.06329399538193782,0.06638791535685103,0.06967722239157345,0.0731830635342174,0.07693049876570893,0.08094958719266888,0.09072233908264785,0.09556816167419324,0.10083124966795966,0.10658597086053855,0.11293106121087562,0.120002442461929,0.13453820841653802,0.14395796400420982,0.15512666876351228,0.16904643714206719,0.19576459991368936,0.0,0.0,0.0,0.0,0.0,0.0,0.0,0.0,0.0,0.0,0.0,0.0,0.0,0.0,0.0,0.0,0.0,0.0,0.0,0.0,0.0,0.0,0.0,0.0,0.0,0.0,0.0,0.0,0.0,0.0,0.0,0.0
0.0633480309486389,0.0,0.0,0.0,0.0,0.0,0.0,0.0,0.0,0.0,0.0,0.0,0.0,0.0,0.0,0.0,0.0,0.0,0.0,0.0,0.0,0.0,0.0,0.0,0.0,0.0,0.0,0.0,0.0,0.0,0.0,0.0,0.0,0.0,0.0,0.0,0.0,0.0,0.0,0.0,0.0,0.0,0.0,0.0,0.0,0.0,0.0,0.0,0.0,0.0,0.0,0.0,0.0,0.0,0.0,0.0,0.0,0.0,0.0,0.0,0.0,0.0,0.0,0.0,0.0,0.0,0.0,0.0,0.0,0.0,0.0,0.0,0.0,0.0,0.0,0.0,0.0,0.0,0.0,0.0,0.0,0.0,0.0,0.0,0.0,0.0,0.0,0.0,0.0,0.0,0.0,0.0,0.0,0.0,0.0,0.0,0.0,0.0,0.0,0.0,0.0,0.0,0.0,0.0,0.0,0.0,0.0,0.0,0.0,0.0,0.0,0.0,0.0,0.0,0.0,0.0,0.0,0.0,0.0,0.0,0.0,0.0,0.0,0.0,0.0,0.0,0.0,0.012349708360653609,0.012980679510418619,0.013641102951933999,0.014332422910429913,0.01505617786021423,0.017958314512782323,0.01883964589461899,0.01976183570367576,0.02072701997176018,0.0217374930511819,0.02279572456494353,0.026621014888501316,0.027884413986083992,0.029207665883030812,0.0305943035520369,0.03204817532097559,0.03357348561682695,0.03517484265594763,0.04035888806175511,0.04224774154059328,0.04423344339226499,0.046323082498709096,0.04852458139186069,0.05084683919713524,0.053299907450308985,0.06032399773711511,0.0632149570115251,0.06628108770438082,0.06954020848802692,0.07301321362369723,0.07672486482733169,0.08070486488970474,0.09050857206462036,0.09530914281369733,0.10052218774677035,0.10622124175410443,0.11250393686530183,0.11950467664660794,0.13404743336197916,0.14337544314475156,0.1544334303042137,0.1682125408069513,0.19483551578378092,0.0,0.0,0.0,0.0,0.0,0.0,0.0,0.0,0.0,0.0,0.0,0.0,0.0,0.0,0.0,0.0,0.0,0.0,0.0,0.0,0.0,0.0,0.0,0.0,0.0,0.0,0.0,0.0,0.0,0.0,0.0
0.0642768168449402,0.0,0.0,0.0,0.0,0.0,0.0,0.0,0.0,0.0,0.0,0.0,0.0,0.0,0.0,0.0,0.0,0.0,0.0,0.0,0.0,0.0,0.0,0.0,0.0,0.0,0.0,0.0,0.0,0.0,0.0,0.0,0.0,0.0,0.0,0.0,0.0,0.0,0.0,0.0,0.0,0.0,0.0,0.0,0.0,0.0,0.0,0.0,0.0,0.0,0.0,0.0,0.0,0.0,0.0,0.0,0.0,0.0,0.0,0.0,0.0,0.0,0.0,0.0,0.0,0.0,0.0,0.0,0.0,0.0,0.0,0.0,0.0,0.0,0.0,0.0,0.0,0.0,0.0,0.0,0.0,0.0,0.0,0.0,0.0,0.0,0.0,0.0,0.0,0.0,0.0,0.0,0.0,0.0,0.0,0.0,0.0,0.0,0.0,0.0,0.0,0.0,0.0,0.0,0.0,0.0,0.0,0.0,0.0,0.0,0.0,0.0,0.0,0.0,0.0,0.0,0.0,0.0,0.0,0.0,0.0,0.0,0.0,0.0,0.0,0.0,0.0,0.0,0.0,0.0,0.013679450836367048,0.014365582409637888,0.015083652489531852,0.01801422195709706,0.018889412176550137,0.019804875843440966,0.020762714536157773,0.02176518587256312,0.022814720225790484,0.02391393978292701,0.027926674458865684,0.029239662394099895,0.030615167605849418,0.03205698324489945,0.03356925390038022,0.03515652268006226,0.03682378662570767,0.0422498775939179,0.044218886383224965,0.046290487279400286,0.04847250107067438,0.05077371335819743,0.053204048285521055,0.05577478434921124,0.06313045713973398,0.06616917070573215,0.0693985444178397,0.07283922923834445,0.07651570021829938,0.08045731825144717,0.09029243088438026,0.09504871475990115,0.10021285905914545,0.10585760952839329,0.11207955687280419,0.1190116806459558,0.13356373736490235,0.14280336826660037,0.1537553430234018,0.1674011682067359,0.1939440564810699,0.0,0.0,0.0,0.0,0.0,0.0,0.0,0.0,0.0,0.0,0.0,0.0,0.0,0.0,0.0,0.0,0.0,0.0,0.0,0.0,0.0,0.0,0.0,0.0,0.0,0.0,0.0,0.0,0.0,0.0
0.0652113242149353,0.0,0.0,0.0,0.0,0.0,0.0,0.0,0.0,0.0,0.0,0.0,0.0,0.0,0.0,0.0,0.0,0.0,0.0,0.0,0.0,0.0,0.0,0.0,0.0,0.0,0.0,0.0,0.0,0.0,0.0,0.0,0.0,0.0,0.0,0.0,0.0,0.0,0.0,0.0,0.0,0.0,0.0,0.0,0.0,0.0,0.0,0.0,0.0,0.0,0.0,0.0,0.0,0.0,0.0,0.0,0.0,0.0,0.0,0.0,0.0,0.0,0.0,0.0,0.0,0.0,0.0,0.0,0.0,0.0,0.0,0.0,0.0,0.0,0.0,0.0,0.0,0.0,0.0,0.0,0.0,0.0,0.0,0.0,0.0,0.0,0.0,0.0,0.0,0.0,0.0,0.0,0.0,0.0,0.0,0.0,0.0,0.0,0.0,0.0,0.0,0.0,0.0,0.0,0.0,0.0,0.0,0.0,0.0,0.0,0.0,0.0,0.0,0.0,0.0,0.0,0.0,0.0,0.0,0.0,0.0,0.0,0.0,0.0,0.0,0.0,0.0,0.0,0.0,0.0,0.0,0.0,0.014392992829440796,0.015105212687074519,0.0158504612188352,0.018932355519500926,0.019840906103664808,0.02079121616619517,0.02178550714581425,0.022826170748508578,0.02391578774008521,0.02796045459434975,0.02926299332538391,0.03062718783027337,0.03205677681939088,0.03355584582240337,0.03512887366305643,0.036780787162418255,0.04224177552655257,0.04419394421312386,0.04624737252329818,0.04840978062026228,0.050689841779664443,0.05309735404390243,0.055643453457751124,0.06303435885739407,0.06604560005411854,0.06924519371150956,0.0726535493907766,0.0762948575218613,0.0801981392863958,0.09006414426415513,0.09477623386739559,0.09989160552327082,0.10548221761412138,0.11164362007507259,0.1185073660827786,0.1330684884864333,0.14221999890365522,0.15306614427951323,0.16657853957232763,0.1930392951678398,0.0,0.0,0.0,0.0,0.0,0.0,0.0,0.0,0.0,0.0,0.0,0.0,0.0,0.0,0.0,0.0,0.0,0.0,0.0,0.0,0.0,0.0,0.0,0.0,0.0,0.0,0.0,0.0,0.0
0.0661515530586243,0.0,0.0,0.0,0.0,0.0,0.0,0.0,0.0,0.0,0.0,0.0,0.0,0.0,0.0,0.0,0.0,0.0,0.0,0.0,0.0,0.0,0.0,0.0,0.0,0.0,0.0,0.0,0.0,0.0,0.0,0.0,0.0,0.0,0.0,0.0,0.0,0.0,0.0,0.0,0.0,0.0,0.0,0.0,0.0,0.0,0.0,0.0,0.0,0.0,0.0,0.0,0.0,0.0,0.0,0.0,0.0,0.0,0.0,0.0,0.0,0.0,0.0,0.0,0.0,0.0,0.0,0.0,0.0,0.0,0.0,0.0,0.0,0.0,0.0,0.0,0.0,0.0,0.0,0.0,0.0,0.0,0.0,0.0,0.0,0.0,0.0,0.0,0.0,0.0,0.0,0.0,0.0,0.0,0.0,0.0,0.0,0.0,0.0,0.0,0.0,0.0,0.0,0.0,0.0,0.0,0.0,0.0,0.0,0.0,0.0,0.0,0.0,0.0,0.0,0.0,0.0,0.0,0.0,0.0,0.0,0.0,0.0,0.0,0.0,0.0,0.0,0.0,0.0,0.0,0.0,0.0,0.0,0.0,0.015120939357709192,0.015859662511242146,0.01663255898540781,0.019870010878114054,0.020812619415804465,0.021798561830158554,0.022830191736100874,0.023910049084781632,0.025040881369666004,0.02927777993172543,0.030630496891389355,0.032047700337384515,0.03353341751468756,0.03509206378551491,0.03672849662444923,0.042223599354768104,0.04415879334258347,0.04619392735051494,0.04833662204479031,0.05059543959259427,0.05298005325015497,0.05550145803563064,0.06292688857145941,0.06591061623302856,0.06908041139976467,0.07245644424160994,0.07606262276679317,0.0799276308436973,0.08982400284503278,0.09449200998395481,0.09955875843903476,0.1050954219322721,0.11119651161713764,0.11799215427845677,0.13256212412526952,0.14162583753125285,0.15236643716828804,0.16574543955311985,0.19212243297303724,0.0,0.0,0.0,0.0,0.0,0.0,0.0,0.0,0.0,0.0,0.0,0.0,0.0,0.0,0.0,0.0,0.0,0.0,0.0,0.0,0.0,0.0,0.0,0.0,0.0,0.0,0.0,0.0
0.0670975033760071,0.0,0.0,0.0,0.0,0.0,0.0,0.0,0.0,0.0,0.0,0.0,0.0,0.0,0.0,0.0,0.0,0.0,0.0,0.0,0.0,0.0,0.0,0.0,0.0,0.0,0.0,0.0,0.0,0.0,0.0,0.0,0.0,0.0,0.0,0.0,0.0,0.0,0.0,0.0,0.0,0.0,0.0,0.0,0.0,0.0,0.0,0.0,0.0,0.0,0.0,0.0,0.0,0.0,0.0,0.0,0.0,0.0,0.0,0.0,0.0,0.0,0.0,0.0,0.0,0.0,0.0,0.0,0.0,0.0,0.0,0.0,0.0,0.0,0.0,0.0,0.0,0.0,0.0,0.0,0.0,0.0,0.0,0.0,0.0,0.0,0.0,0.0,0.0,0.0,0.0,0.0,0.0,0.0,0.0,0.0,0.0,0.0,0.0,0.0,0.0,0.0,0.0,0.0,0.0,0.0,0.0,0.0,0.0,0.0,0.0,0.0,0.0,0.0,0.0,0.0,0.0,0.0,0.0,0.0,0.0,0.0,0.0,0.0,0.0,0.0,0.0,0.0,0.0,0.0,0.0,0.0,0.0,0.0,0.0,0.0,0.015862972585885392,0.01662865546797059,0.017429717777601637,0.020827024026251924,0.021804459875253517,0.02282690357023021,0.023896854847719882,0.02501701799314655,0.029284148440282466,0.030625232186813994,0.032029902567564286,0.033502129314869365,0.035046265149211504,0.03666709907373042,0.03836991948301855,0.04411361405598032,0.04613034439070057,0.04825323053147921,0.05049072476961507,0.052852376913431524,0.05534904241413797,0.06280827513860021,0.0657644617909062,0.06890445417118243,0.07224818517849026,0.07581928274874718,0.07964609604322487,0.08376311806589264,0.09419635275925856,0.09921464825904688,0.1046975768005312,0.11073861413676941,0.11746646292029678,0.13204507726266684,0.14102138024733574,0.15165681546279455,0.16490263848636938,0.1911946478721628,0.0,0.0,0.0,0.0,0.0,0.0,0.0,0.0,0.0,0.0,0.0,0.0,0.0,0.0,0.0,0.0,0.0,0.0,0.0,0.0,0.0,0.0,0.0,0.0,0.0,0.0,0.0
0.0680472680091858,0.0,0.0,0.0,0.0,0.0,0.0,0.0,0.0,0.0,0.0,0.0,0.0,0.0,0.0,0.0,0.0,0.0,0.0,0.0,0.0,0.0,0.0,0.0,0.0,0.0,0.0,0.0,0.0,0.0,0.0,0.0,0.0,0.0,0.0,0.0,0.0,0.0,0.0,0.0,0.0,0.0,0.0,0.0,0.0,0.0,0.0,0.0,0.0,0.0,0.0,0.0,0.0,0.0,0.0,0.0,0.0,0.0,0.0,0.0,0.0,0.0,0.0,0.0,0.0,0.0,0.0,0.0,0.0,0.0,0.0,0.0,0.0,0.0,0.0,0.0,0.0,0.0,0.0,0.0,0.0,0.0,0.0,0.0,0.0,0.0,0.0,0.0,0.0,0.0,0.0,0.0,0.0,0.0,0.0,0.0,0.0,0.0,0.0,0.0,0.0,0.0,0.0,0.0,0.0,0.0,0.0,0.0,0.0,0.0,0.0,0.0,0.0,0.0,0.0,0.0,0.0,0.0,0.0,0.0,0.0,0.0,0.0,0.0,0.0,0.0,0.0,0.0,0.0,0.0,0.0,0.0,0.0,0.0,0.0,0.0,0.0,0.0,0.0166204050795034,0.01741363989405624,0.018243534492193247,0.021805304398866437,0.022818529338291874,0.02387855481756114,0.02498804305171123,0.02614988158674579,0.030614288742951485,0.03200644416022652,0.03346521774694981,0.034994901327971534,0.03660021736208197,0.038286381250195546,0.0440626029707323,0.0460610709920065,0.04816432282543899,0.05038070434088945,0.0527196458606701,0.0551918678481913,0.0578096392391295,0.06561373292267882,0.06872437288866345,0.0720363259077069,0.07557295109822577,0.07936227695404774,0.08343840859422008,0.09389971677742093,0.09887068825133784,0.10430122649246402,0.11028383411519904,0.11694588373044033,0.13153532614492414,0.14042754808406488,0.15096249351392896,0.16408251714130442,0.19030479205892287,0.0,0.0,0.0,0.0,0.0,0.0,0.0,0.0,0.0,0.0,0.0,0.0,0.0,0.0,0.0,0.0,0.0,0.0,0.0,0.0,0.0,0.0,0.0,0.0,0.0,0.0
0.0690046612739563,0.0,0.0,0.0,0.0,0.0,0.0,0.0,0.0,0.0,0.0,0.0,0.0,0.0,0.0,0.0,0.0,0.0,0.0,0.0,0.0,0.0,0.0,0.0,0.0,0.0,0.0,0.0,0.0,0.0,0.0,0.0,0.0,0.0,0.0,0.0,0.0,0.0,0.0,0.0,0.0,0.0,0.0,0.0,0.0,0.0,0.0,0.0,0.0,0.0,0.0,0.0,0.0,0.0,0.0,0.0,0.0,0.0,0.0,0.0,0.0,0.0,0.0,0.0,0.0,0.0,0.0,0.0,0.0,0.0,0.0,0.0,0.0,0.0,0.0,0.0,0.0,0.0,0.0,0.0,0.0,0.0,0.0,0.0,0.0,0.0,0.0,0.0,0.0,0.0,0.0,0.0,0.0,0.0,0.0,0.0,0.0,0.0,0.0,0.0,0.0,0.0,0.0,0.0,0.0,0.0,0.0,0.0,0.0,0.0,0.0,0.0,0.0,0.0,0.0,0.0,0.0,0.0,0.0,0.0,0.0,0.0,0.0,0.0,0.0,0.0,0.0,0.0,0.0,0.0,0.0,0.0,0.0,0.0,0.0,0.0,0.0,0.0,0.0,0.0,0.0,0.018211224024973008,0.019070501264634953,0.022800983422982507,0.023850839091218233,0.024949408318118402,0.02609953341578597,0.02730430571345764,0.0319716393497007,0.033416676230030765,0.03493162289460064,0.03652113505853164,0.03819035484240388,0.039944984064904404,0.04597775847244386,0.04806104357448911,0.05025597475401073,0.052571861583863934,0.05501928791741257,0.05761036706076423,0.06544589803311308,0.06852676011589043,0.07180648753892627,0.0753081643239815,0.07905948986857332,0.08309416989132486,0.09358198962022561,0.09850489290938903,0.10388217365918624,0.10980530886686175,0.11640025654224127,0.1309979503563832,0.1398036691160726,0.15023442420239838,0.16322208685545198,0.18935785549255166,0.0,0.0,0.0,0.0,0.0,0.0,0.0,0.0,0.0,0.0,0.0,0.0,0.0,0.0,0.0,0.0,0.0,0.0,0.0,0.0,0.0,0.0,0.0,0.0,0.0
0.0699658688545227,0.0,0.0,0.0,0.0,0.0,0.0,0.0,0.0,0.0,0.0,0.0,0.0,0.0,0.0,0.0,0.0,0.0,0.0,0.0,0.0,0.0,0.0,0.0,0.0,0.0,0.0,0.0,0.0,0.0,0.0,0.0,0.0,0.0,0.0,0.0,0.0,0.0,0.0,0.0,0.0,0.0,0.0,0.0,0.0,0.0,0.0,0.0,0.0,0.0,0.0,0.0,0.0,0.0,0.0,0.0,0.0,0.0,0.0,0.0,0.0,0.0,0.0,0.0,0.0,0.0,0.0,0.0,0.0,0.0,0.0,0.0,0.0,0.0,0.0,0.0,0.0,0.0,0.0,0.0,0.0,0.0,0.0,0.0,0.0,0.0,0.0,0.0,0.0,0.0,0.0,0.0,0.0,0.0,0.0,0.0,0.0,0.0,0.0,0.0,0.0,0.0,0.0,0.0,0.0,0.0,0.0,0.0,0.0,0.0,0.0,0.0,0.0,0.0,0.0,0.0,0.0,0.0,0.0,0.0,0.0,0.0,0.0,0.0,0.0,0.0,0.0,0.0,0.0,0.0,0.0,0.0,0.0,0.0,0.0,0.0,0.0,0.0,0.0,0.0,0.0,0.0,0.0,0.019024747646533606,0.019914220804012995,0.023818259221727672,0.024905920120403168,0.026044357686588915,0.027236615664913755,0.03193143673064999,0.033362790662103445,0.03486307499124603,0.036436880576964766,0.03808927835700954,0.03982589170435764,0.04588906736084941,0.04795257514147386,0.05012628137903512,0.052419378809836964,0.054842319208262005,0.05740706555186305,0.06527383603098576,0.06832538257223725,0.07157341957447536,0.07504076719702667,0.07875480978250292,0.0827488715465968,0.0932636440959284,0.09813961623962503,0.10346499228970107,0.10933028656492233,0.11586013782318273,0.13046823556989595,0.13919080534887593,0.14952209122041885,0.1623848753358246,0.18844966345117978,0.0,0.0,0.0,0.0,0.0,0.0,0.0,0.0,0.0,0.0,0.0,0.0,0.0,0.0,0.0,0.0,0.0,0.0,0.0,0.0,0.0,0.0,0.0,0.0
0.0705480231071865,0.0,0.0,0.0,0.0,0.0,0.0,0.0,0.0,0.0,0.0,0.0,0.0,0.0,0.0,0.0,0.0,0.0,0.0,0.0,0.0,0.0,0.0,0.0,0.0,0.0,0.0,0.0,0.0,0.0,0.0,0.0,0.0,0.0,0.0,0.0,0.0,0.0,0.0,0.0,0.0,0.0,0.0,0.0,0.0,0.0,0.0,0.0,0.0,0.0,0.0,0.0,0.0,0.0,0.0,0.0,0.0,0.0,0.0,0.0,0.0,0.0,0.0,0.0,0.0,0.0,0.0,0.0,0.0,0.0,0.0,0.0,0.0,0.0,0.0,0.0,0.0,0.0,0.0,0.0,0.0,0.0,0.0,0.0,0.0,0.0,0.0,0.0,0.0,0.0,0.0,0.0,0.0,0.0,0.0,0.0,0.0,0.0,0.0,0.0,0.0,0.0,0.0,0.0,0.0,0.0,0.0,0.0,0.0,0.0,0.0,0.0,0.0,0.0,0.0,0.0,0.0,0.0,0.0,0.0,0.0,0.0,0.0,0.0,0.0,0.0,0.0,0.0,0.0,0.0,0.0,0.0,0.0,0.0,0.0,0.0,0.0,0.0,0.0,0.0,0.0,0.0,0.0,0.0,0.019340450236507482,0.020240025052872288,0.024218837473776754,0.02531951282643196,0.026471665967964485,0.027678417163241167,0.0324606268333813,0.033910315201276416,0.035430103735716256,0.03702472600146775,0.038699418853181365,0.040459999562727396,0.046633422075850334,0.04872738974257724,0.05093417872642062,0.0532633820856045,0.05572593532199687,0.058334391363592746,0.06634819672364167,0.06945710825655543,0.07276962033915056,0.07631006026240679,0.08010777720857078,0.08419870894418989,0.09494363920678911,0.09995960687407712,0.10545455588581963,0.11153011787679246,0.11832866353082797,0.13343378681300028,0.1426692896281185,0.15378847788044622,0.1762284200073934,0.19807234956234368,0.0,0.0,0.0,0.0,0.0,0.0,0.0,0.0,0.0,0.0,0.0,0.0,0.0,0.0,0.0,0.0,0.0,0.0,0.0,0.0,0.0,0.0,0.0
0.0709327979087829,0.0,0.0,0.0,0.0,0.0,0.0,0.0,0.0,0.0,0.0,0.0,0.0,0.0,0.0,0.0,0.0,0.0,0.0,0.0,0.0,0.0,0.0,0.0,0.0,0.0,0.0,0.0,0.0,0.0,0.0,0.0,0.0,0.0,0.0,0.0,0.0,0.0,0.0,0.0,0.0,0.0,0.0,0.0,0.0,0.0,0.0,0.0,0.0,0.0,0.0,0.0,0.0,0.0,0.0,0.0,0.0,0.0,0.0,0.0,0.0,0.0,0.0,0.0,0.0,0.0,0.0,0.0,0.0,0.0,0.0,0.0,0.0,0.0,0.0,0.0,0.0,0.0,0.0,0.0,0.0,0.0,0.0,0.0,0.0,0.0,0.0,0.0,0.0,0.0,0.0,0.0,0.0,0.0,0.0,0.0,0.0,0.0,0.0,0.0,0.0,0.0,0.0,0.0,0.0,0.0,0.0,0.0,0.0,0.0,0.0,0.0,0.0,0.0,0.0,0.0,0.0,0.0,0.0,0.0,0.0,0.0,0.0,0.0,0.0,0.0,0.0,0.0,0.0,0.0,0.0,0.0,0.0,0.0,0.0,0.0,0.0,0.0,0.0,0.0,0.0,0.0,0.0,0.0,0.0,0.019852577797887655,0.020773053097549926,0.024855395790702534,0.025982050876965312,0.027161708033958412,0.028397636422084437,0.03330066227837261,0.034786193999711626,0.03634421355462021,0.037979721595985935,0.03969826401984683,0.041506017697589694,0.04783462403890851,0.04998706450032879,0.05225734853472607,0.054655797312070056,0.057194225113940726,0.05988625609235515,0.0681137097491284,0.07133011627801841,0.07476322298465721,0.07844010214901093,0.08239369994621293,0.09293484514901536,0.09776410352009517,0.10303784136604197,0.10884561696573469,0.11531075755536892,0.12992905327539014,0.1385690031925379,0.1488014294079044,0.161539978770434,0.1875335972073496,0.0,0.0,0.0,0.0,0.0,0.0,0.0,0.0,0.0,0.0,0.0,0.0,0.0,0.0,0.0,0.0,0.0,0.0,0.0,0.0,0.0,0.0,0.0
0.0719054484367371,0.0,0.0,0.0,0.0,0.0,0.0,0.0,0.0,0.0,0.0,0.0,0.0,0.0,0.0,0.0,0.0,0.0,0.0,0.0,0.0,0.0,0.0,0.0,0.0,0.0,0.0,0.0,0.0,0.0,0.0,0.0,0.0,0.0,0.0,0.0,0.0,0.0,0.0,0.0,0.0,0.0,0.0,0.0,0.0,0.0,0.0,0.0,0.0,0.0,0.0,0.0,0.0,0.0,0.0,0.0,0.0,0.0,0.0,0.0,0.0,0.0,0.0,0.0,0.0,0.0,0.0,0.0,0.0,0.0,0.0,0.0,0.0,0.0,0.0,0.0,0.0,0.0,0.0,0.0,0.0,0.0,0.0,0.0,0.0,0.0,0.0,0.0,0.0,0.0,0.0,0.0,0.0,0.0,0.0,0.0,0.0,0.0,0.0,0.0,0.0,0.0,0.0,0.0,0.0,0.0,0.0,0.0,0.0,0.0,0.0,0.0,0.0,0.0,0.0,0.0,0.0,0.0,0.0,0.0,0.0,0.0,0.0,0.0,0.0,0.0,0.0,0.0,0.0,0.0,0.0,0.0,0.0,0.0,0.0,0.0,0.0,0.0,0.0,0.0,0.0,0.0,0.0,0.0,0.0,0.0,0.0,0.0206948418376322,0.021647222545666478,0.02591278079238587,0.02707976057921326,0.028302151691559516,0.029583476462987437,0.03470116664780625,0.036243331292408525,0.037861892579188025,0.03956231990174613,0.04135070540897569,0.04770740729428766,0.04983855242126049,0.052086010538605815,0.0544599737141143,0.05697210920843098,0.05963587247670113,0.06789200437569289,0.07107685329820086,0.07447582085740982,0.07811567044372367,0.08202897389999673,0.08625602550939955,0.09737868200264288,0.1026010689844415,0.10835167282739963,0.11475251891523461,0.1293808194837255,0.1379387332524436,0.14807299345061906,0.1606881029952261,0.186610710872579,0.0,0.0,0.0,0.0,0.0,0.0,0.0,0.0,0.0,0.0,0.0,0.0,0.0,0.0,0.0,0.0,0.0,0.0,0.0,0.0,0.0,0.0
0.072881913280487,0.0,0.0,0.0,0.0,0.0,0.0,0.0,0.0,0.0,0.0,0.0,0.0,0.0,0.0,0.0,0.0,0.0,0.0,0.0,0.0,0.0,0.0,0.0,0.0,0.0,0.0,0.0,0.0,0.0,0.0,0.0,0.0,0.0,0.0,0.0,0.0,0.0,0.0,0.0,0.0,0.0,0.0,0.0,0.0,0.0,0.0,0.0,0.0,0.0,0.0,0.0,0.0,0.0,0.0,0.0,0.0,0.0,0.0,0.0,0.0,0.0,0.0,0.0,0.0,0.0,0.0,0.0,0.0,0.0,0.0,0.0,0.0,0.0,0.0,0.0,0.0,0.0,0.0,0.0,0.0,0.0,0.0,0.0,0.0,0.0,0.0,0.0,0.0,0.0,0.0,0.0,0.0,0.0,0.0,0.0,0.0,0.0,0.0,0.0,0.0,0.0,0.0,0.0,0.0,0.0,0.0,0.0,0.0,0.0,0.0,0.0,0.0,0.0,0.0,0.0,0.0,0.0,0.0,0.0,0.0,0.0,0.0,0.0,0.0,0.0,0.0,0.0,0.0,0.0,0.0,0.0,0.0,0.0,0.0,0.0,0.0,0.0,0.0,0.0,0.0,0.0,0.0,0.0,0.0,0.0,0.0,0.0,0.0,0.0,0.02253925072573454,0.026993427701579385,0.02820235988710146,0.029469330262106134,0.034611266900907316,0.03613769052764702,0.037739442980998544,0.03942191938533025,0.04119112968114325,0.0430537997065133,0.04968549919010398,0.05191040686504977,0.05426020273175128,0.056746412132919526,0.0593823278656374,0.06766692741721632,0.07082075375934022,0.07418619838586786,0.07778972945873966,0.0816635619380265,0.08584755172555655,0.09699405901079126,0.10216642344018109,0.10786145604958584,0.1141999745406867,0.1288403320066571,0.13731950757316697,0.1473602553166538,0.15985933015775483,0.1857263816067385,0.0,0.0,0.0,0.0,0.0,0.0,0.0,0.0,0.0,0.0,0.0,0.0,0.0,0.0,0.0,0.0,0.0,0.0,0.0,0.0,0.0
0.0738660067558288,0.0,0.0,0.0,0.0,0.0,0.0,0.0,0.0,0.0,0.0,0.0,0.0,0.0,0.0,0.0,0.0,0.0,0.0,0.0,0.0,0.0,0.0,0.0,0.0,0.0,0.0,0.0,0.0,0.0,0.0,0.0,0.0,0.0,0.0,0.0,0.0,0.0,0.0,0.0,0.0,0.0,0.0,0.0,0.0,0.0,0.0,0.0,0.0,0.0,0.0,0.0,0.0,0.0,0.0,0.0,0.0,0.0,0.0,0.0,0.0,0.0,0.0,0.0,0.0,0.0,0.0,0.0,0.0,0.0,0.0,0.0,0.0,0.0,0.0,0.0,0.0,0.0,0.0,0.0,0.0,0.0,0.0,0.0,0.0,0.0,0.0,0.0,0.0,0.0,0.0,0.0,0.0,0.0,0.0,0.0,0.0,0.0,0.0,0.0,0.0,0.0,0.0,0.0,0.0,0.0,0.0,0.0,0.0,0.0,0.0,0.0,0.0,0.0,0.0,0.0,0.0,0.0,0.0,0.0,0.0,0.0,0.0,0.0,0.0,0.0,0.0,0.0,0.0,0.0,0.0,0.0,0.0,0.0,0.0,0.0,0.0,0.0,0.0,0.0,0.0,0.0,0.0,0.0,0.0,0.0,0.0,0.0,0.0,0.0,0.0,0.0,0.023445361277455765,0.02809320145020902,0.029345632628399048,0.030658958535280844,0.03602094117004039,0.0376056606119048,0.039269961482211936,0.04101977111082953,0.042861723373389074,0.04951903436203071,0.05172111946874247,0.0540464703538548,0.05650646873994936,0.059114242561010416,0.06188505991854516,0.07054831255670053,0.07387985201152673,0.07744665275323083,0.08128056331012529,0.08542098787620975,0.09658965712730147,0.10171128828056065,0.10734989327738702,0.11362501147339332,0.12827499695454808,0.13667341737294364,0.14661756474385607,0.15899511831637178,0.18479225568286292,0.0,0.0,0.0,0.0,0.0,0.0,0.0,0.0,0.0,0.0,0.0,0.0,0.0,0.0,0.0,0.0,0.0,0.0,0.0,0.0
0.0748558217048645,0.0,0.0,0.0,0.0,0.0,0.0,0.0,0.0,0.0,0.0,0.0,0.0,0.0,0.0,0.0,0.0,0.0,0.0,0.0,0.0,0.0,0.0,0.0,0.0,0.0,0.0,0.0,0.0,0.0,0.0,0.0,0.0,0.0,0.0,0.0,0.0,0.0,0.0,0.0,0.0,0.0,0.0,0.0,0.0,0.0,0.0,0.0,0.0,0.0,0.0,0.0,0.0,0.0,0.0,0.0,0.0,0.0,0.0,0.0,0.0,0.0,0.0,0.0,0.0,0.0,0.0,0.0,0.0,0.0,0.0,0.0,0.0,0.0,0.0,0.0,0.0,0.0,0.0,0.0,0.0,0.0,0.0,0.0,0.0,0.0,0.0,0.0,0.0,0.0,0.0,0.0,0.0,0.0,0.0,0.0,0.0,0.0,0.0,0.0,0.0,0.0,0.0,0.0,0.0,0.0,0.0,0.0,0.0,0.0,0.0,0.0,0.0,0.0,0.0,0.0,0.0,0.0,0.0,0.0,0.0,0.0,0.0,0.0,0.0,0.0,0.0,0.0,0.0,0.0,0.0,0.0,0.0,0.0,0.0,0.0,0.0,0.0,0.0,0.0,0.0,0.0,0.0,0.0,0.0,0.0,0.0,0.0,0.0,0.0,0.0,0.0,0.0,0.0,0.0243682749082225,0.02921537202682953,0.030513189587308847,0.0318750304035777,0.03746423849122323,0.03911035037586074,0.04084076018663223,0.042662011024053495,0.04458146340245799,0.05152324833333608,0.053824193268886475,0.05625804060092084,0.0588377554252949,0.06157841731065847,0.07026673722389946,0.07356451126256715,0.07709475563580853,0.08088895683818832,0.08498607272312304,0.09617631618955247,0.10124755966521957,0.10683015279973597,0.11304237165656424,0.1200549730797619,0.1360202284116662,0.14586870358103057,0.15812595242248198,0.18385431072720454,0.0,0.0,0.0,0.0,0.0,0.0,0.0,0.0,0.0,0.0,0.0,0.0,0.0,0.0,0.0,0.0,0.0,0.0,0.0
0.075851358127594,0.0,0.0,0.0,0.0,0.0,0.0,0.0,0.0,0.0,0.0,0.0,0.0,0.0,0.0,0.0,0.0,0.0,0.0,0.0,0.0,0.0,0.0,0.0,0.0,0.0,0.0,0.0,0.0,0.0,0.0,0.0,0.0,0.0,0.0,0.0,0.0,0.0,0.0,0.0,0.0,0.0,0.0,0.0,0.0,0.0,0.0,0.0,0.0,0.0,0.0,0.0,0.0,0.0,0.0,0.0,0.0,0.0,0.0,0.0,0.0,0.0,0.0,0.0,0.0,0.0,0.0,0.0,0.0,0.0,0.0,0.0,0.0,0.0,0.0,0.0,0.0,0.0,0.0,0.0,0.0,0.0,0.0,0.0,0.0,0.0,0.0,0.0,0.0,0.0,0.0,0.0,0.0,0.0,0.0,0.0,0.0,0.0,0.0,0.0,0.0,0.0,0.0,0.0,0.0,0.0,0.0,0.0,0.0,0.0,0.0,0.0,0.0,0.0,0.0,0.0,0.0,0.0,0.0,0.0,0.0,0.0,0.0,0.0,0.0,0.0,0.0,0.0,0.0,0.0,0.0,0.0,0.0,0.0,0.0,0.0,0.0,0.0,0.0,0.0,0.0,0.0,0.0,0.0,0.0,0.0,0.0,0.0,0.0,0.0,0.0,0.0,0.0,0.0,0.0,0.0,0.0,0.030361051654581802,0.03170638490424294,0.03311918211402638,0.0389433084470058,0.04065432898926778,0.042454904557050935,0.04435229539953729,0.05131703539368181,0.053593623674531236,0.056001390376002894,0.05855313982628094,0.06126376544030637,0.06997630135273021,0.0732404614570735,0.0767343357791736,0.08048905338760357,0.08454313145651972,0.09575435387572954,0.10077557310535912,0.10630259115853662,0.11245243750181368,0.11939407137875653,0.1353603799990674,0.14511418285551206,0.15725247251432994,0.18291348716098932,0.0,0.0,0.0,0.0,0.0,0.0,0.0,0.0,0.0,0.0,0.0,0.0,0.0,0.0,0.0,0.0,0.0,0.0
0.0768507088661194,0.0,0.0,0.0,0.0,0.0,0.0,0.0,0.0,0.0,0.0,0.0,0.0,0.0,0.0,0.0,0.0,0.0,0.0,0.0,0.0,0.0,0.0,0.0,0.0,0.0,0.0,0.0,0.0,0.0,0.0,0.0,0.0,0.0,0.0,0.0,0.0,0.0,0.0,0.0,0.0,0.0,0.0,0.0,0.0,0.0,0.0,0.0,0.0,0.0,0.0,0.0,0.0,0.0,0.0,0.0,0.0,0.0,0.0,0.0,0.0,0.0,0.0,0.0,0.0,0.0,0.0,0.0,0.0,0.0,0.0,0.0,0.0,0.0,0.0,0.0,0.0,0.0,0.0,0.0,0.0,0.0,0.0,0.0,0.0,0.0,0.0,0.0,0.0,0.0,0.0,0.0,0.0,0.0,0.0,0.0,0.0,0.0,0.0,0.0,0.0,0.0,0.0,0.0,0.0,0.0,0.0,0.0,0.0,0.0,0.0,0.0,0.0,0.0,0.0,0.0,0.0,0.0,0.0,0.0,0.0,0.0,0.0,0.0,0.0,0.0,0.0,0.0,0.0,0.0,0.0,0.0,0.0,0.0,0.0,0.0,0.0,0.0,0.0,0.0,0.0,0.0,0.0,0.0,0.0,0.0,0.0,0.0,0.0,0.0,0.0,0.0,0.0,0.0,0.0,0.0,0.0,0.0,0.0,0.031534517987889775,0.032929938702955,0.038772529517045504,0.04046437890173464,0.04224452822744469,0.04412014064098107,0.04609931981125076,0.05335987149083322,0.05574194475139633,0.05826616880179801,0.06094725803490958,0.06380248915890775,0.07291496932210198,0.07637319874717262,0.08008926867298802,0.08410127842815918,0.08845729584485906,0.10030646765758605,0.10577951989320208,0.11186897085193635,0.11874213810926104,0.13471231904970438,0.14437616094011704,0.15640303275524298,0.18201256238019364,0.0,0.0,0.0,0.0,0.0,0.0,0.0,0.0,0.0,0.0,0.0,0.0,0.0,0.0,0.0,0.0,0.0
0.0778576882362365,0.0,0.0,0.0,0.0,0.0,0.0,0.0,0.0,0.0,0.0,0.0,0.0,0.0,0.0,0.0,0.0,0.0,0.0,0.0,0.0,0.0,0.0,0.0,0.0,0.0,0.0,0.0,0.0,0.0,0.0,0.0,0.0,0.0,0.0,0.0,0.0,0.0,0.0,0.0,0.0,0.0,0.0,0.0,0.0,0.0,0.0,0.0,0.0,0.0,0.0,0.0,0.0,0.0,0.0,0.0,0.0,0.0,0.0,0.0,0.0,0.0,0.0,0.0,0.0,0.0,0.0,0.0,0.0,0.0,0.0,0.0,0.0,0.0,0.0,0.0,0.0,0.0,0.0,0.0,0.0,0.0,0.0,0.0,0.0,0.0,0.0,0.0,0.0,0.0,0.0,0.0,0.0,0.0,0.0,0.0,0.0,0.0,0.0,0.0,0.0,0.0,0.0,0.0,0.0,0.0,0.0,0.0,0.0,0.0,0.0,0.0,0.0,0.0,0.0,0.0,0.0,0.0,0.0,0.0,0.0,0.0,0.0,0.0,0.0,0.0,0.0,0.0,0.0,0.0,0.0,0.0,0.0,0.0,0.0,0.0,0.0,0.0,0.0,0.0,0.0,0.0,0.0,0.0,0.0,0.0,0.0,0.0,0.0,0.0,0.0,0.0,0.0,0.0,0.0,0.0,0.0,0.0,0.0,0.0,0.0,0.03273167688499747,0.03417975982639822,0.04026375727560807,0.04202330799146821,0.043876969407364665,0.04583273529632392,0.053113411348756294,0.055469569513238524,0.05796604025284469,0.0606173566465747,0.06344058345013494,0.07257426168204553,0.07599652009765293,0.0796735854776666,0.08364312833945328,0.0879526774552919,0.09981881264810588,0.10523720429274373,0.11126538650292321,0.11806893351184411,0.134040187494393,0.14361150291712801,0.1555223768181773,0.18106808516076253,0.0,0.0,0.0,0.0,0.0,0.0,0.0,0.0,0.0,0.0,0.0,0.0,0.0,0.0,0.0,0.0
0.0788703890800476,0.0,0.0,0.0,0.0,0.0,0.0,0.0,0.0,0.0,0.0,0.0,0.0,0.0,0.0,0.0,0.0,0.0,0.0,0.0,0.0,0.0,0.0,0.0,0.0,0.0,0.0,0.0,0.0,0.0,0.0,0.0,0.0,0.0,0.0,0.0,0.0,0.0,0.0,0.0,0.0,0.0,0.0,0.0,0.0,0.0,0.0,0.0,0.0,0.0,0.0,0.0,0.0,0.0,0.0,0.0,0.0,0.0,0.0,0.0,0.0,0.0,0.0,0.0,0.0,0.0,0.0,0.0,0.0,0.0,0.0,0.0,0.0,0.0,0.0,0.0,0.0,0.0,0.0,0.0,0.0,0.0,0.0,0.0,0.0,0.0,0.0,0.0,0.0,0.0,0.0,0.0,0.0,0.0,0.0,0.0,0.0,0.0,0.0,0.0,0.0,0.0,0.0,0.0,0.0,0.0,0.0,0.0,0.0,0.0,0.0,0.0,0.0,0.0,0.0,0.0,0.0,0.0,0.0,0.0,0.0,0.0,0.0,0.0,0.0,0.0,0.0,0.0,0.0,0.0,0.0,0.0,0.0,0.0,0.0,0.0,0.0,0.0,0.0,0.0,0.0,0.0,0.0,0.0,0.0,0.0,0.0,0.0,0.0,0.0,0.0,0.0,0.0,0.0,0.0,0.0,0.0,0.0,0.0,0.0,0.0,0.0,0.0,0.03395727815748319,0.0354611287343331,0.04179541613107957,0.04362719746098038,0.04555963975665523,0.04760171904138646,0.055189755282600984,0.05765859624841,0.06028028971073145,0.06307169145133024,0.06605280502267062,0.07561220061342618,0.07925052386484352,0.08317791041785107,0.08744135825927576,0.09932388668210014,0.1046881127316197,0.11065562452107511,0.1173902849521322,0.13336267068614377,0.14284265813486205,0.15463923691767673,0.1801233967004446,0.0,0.0,0.0,0.0,0.0,0.0,0.0,0.0,0.0,0.0,0.0,0.0,0.0,0.0,0.0
0.0798888113975525,0.0,0.0,0.0,0.0,0.0,0.0,0.0,0.0,0.0,0.0,0.0,0.0,0.0,0.0,0.0,0.0,0.0,0.0,0.0,0.0,0.0,0.0,0.0,0.0,0.0,0.0,0.0,0.0,0.0,0.0,0.0,0.0,0.0,0.0,0.0,0.0,0.0,0.0,0.0,0.0,0.0,0.0,0.0,0.0,0.0,0.0,0.0,0.0,0.0,0.0,0.0,0.0,0.0,0.0,0.0,0.0,0.0,0.0,0.0,0.0,0.0,0.0,0.0,0.0,0.0,0.0,0.0,0.0,0.0,0.0,0.0,0.0,0.0,0.0,0.0,0.0,0.0,0.0,0.0,0.0,0.0,0.0,0.0,0.0,0.0,0.0,0.0,0.0,0.0,0.0,0.0,0.0,0.0,0.0,0.0,0.0,0.0,0.0,0.0,0.0,0.0,0.0,0.0,0.0,0.0,0.0,0.0,0.0,0.0,0.0,0.0,0.0,0.0,0.0,0.0,0.0,0.0,0.0,0.0,0.0,0.0,0.0,0.0,0.0,0.0,0.0,0.0,0.0,0.0,0.0,0.0,0.0,0.0,0.0,0.0,0.0,0.0,0.0,0.0,0.0,0.0,0.0,0.0,0.0,0.0,0.0,0.0,0.0,0.0,0.0,0.0,0.0,0.0,0.0,0.0,0.0,0.0,0.0,0.0,0.0,0.0,0.0,0.0,0.0,0.03521362893934274,0.036776790501854256,0.043371072284279534,0.045280289341305666,0.04729759772767477,0.05490276052092265,0.05734410443905702,0.05993633428488493,0.06269609990881636,0.06564316159713018,0.07522052937713622,0.0788203840735829,0.08270593695292254,0.08692366384297043,0.0988220106758926,0.10413258373529305,0.11004004502250372,0.11670658049925445,0.1326801763298404,0.14207009453172936,0.15375418945589708,0.1791793300655198,0.0,0.0,0.0,0.0,0.0,0.0,0.0,0.0,0.0,0.0,0.0,0.0,0.0,0.0
0.0809129551887512,0.0,0.0,0.0,0.0,0.0,0.0,0.0,0.0,0.0,0.0,0.0,0.0,0.0,0.0,0.0,0.0,0.0,0.0,0.0,0.0,0.0,0.0,0.0,0.0,0.0,0.0,0.0,0.0,0.0,0.0,0.0,0.0,0.0,0.0,0.0,0.0,0.0,0.0,0.0,0.0,0.0,0.0,0.0,0.0,0.0,0.0,0.0,0.0,0.0,0.0,0.0,0.0,0.0,0.0,0.0,0.0,0.0,0.0,0.0,0.0,0.0,0.0,0.0,0.0,0.0,0.0,0.0,0.0,0.0,0.0,0.0,0.0,0.0,0.0,0.0,0.0,0.0,0.0,0.0,0.0,0.0,0.0,0.0,0.0,0.0,0.0,0.0,0.0,0.0,0.0,0.0,0.0,0.0,0.0,0.0,0.0,0.0,0.0,0.0,0.0,0.0,0.0,0.0,0.0,0.0,0.0,0.0,0.0,0.0,0.0,0.0,0.0,0.0,0.0,0.0,0.0,0.0,0.0,0.0,0.0,0.0,0.0,0.0,0.0,0.0,0.0,0.0,0.0,0.0,0.0,0.0,0.0,0.0,0.0,0.0,0.0,0.0,0.0,0.0,0.0,0.0,0.0,0.0,0.0,0.0,0.0,0.0,0.0,0.0,0.0,0.0,0.0,0.0,0.0,0.0,0.0,0.0,0.0,0.0,0.0,0.0,0.0,0.0,0.0,0.0,0.0,0.03650345662155764,0.043108839759739934,0.04499493825353121,0.04698760312482394,0.04909684625529366,0.057022830594871406,0.05958576516011309,0.06231409289102724,0.06522733451397705,0.07482179296132636,0.07838346334689768,0.08222751669686688,0.086399915638627,0.0909600299298645,0.10357095116182688,0.10941900245519472,0.11601820124498076,0.13199310441706227,0.14129426972190764,0.1528677959259812,0.17823669439481965,0.0,0.0,0.0,0.0,0.0,0.0,0.0,0.0,0.0,0.0,0.0,0.0,0.0
0.0811130830789687,0.0,0.0,0.0,0.0,0.0,0.0,0.0,0.0,0.0,0.0,0.0,0.0,0.0,0.0,0.0,0.0,0.0,0.0,0.0,0.0,0.0,0.0,0.0,0.0,0.0,0.0,0.0,0.0,0.0,0.0,0.0,0.0,0.0,0.0,0.0,0.0,0.0,0.0,0.0,0.0,0.0,0.0,0.0,0.0,0.0,0.0,0.0,0.0,0.0,0.0,0.0,0.0,0.0,0.0,0.0,0.0,0.0,0.0,0.0,0.0,0.0,0.0,0.0,0.0,0.0,0.0,0.0,0.0,0.0,0.0,0.0,0.0,0.0,0.0,0.0,0.0,0.0,0.0,0.0,0.0,0.0,0.0,0.0,0.0,0.0,0.0,0.0,0.0,0.0,0.0,0.0,0.0,0.0,0.0,0.0,0.0,0.0,0.0,0.0,0.0,0.0,0.0,0.0,0.0,0.0,0.0,0.0,0.0,0.0,0.0,0.0,0.0,0.0,0.0,0.0,0.0,0.0,0.0,0.0,0.0,0.0,0.0,0.0,0.0,0.0,0.0,0.0,0.0,0.0,0.0,0.0,0.0,0.0,0.0,0.0,0.0,0.0,0.0,0.0,0.0,0.0,0.0,0.0,0.0,0.0,0.0,0.0,0.0,0.0,0.0,0.0,0.0,0.0,0.0,0.0,0.0,0.0,0.0,0.0,0.0,0.0,0.0,0.0,0.0,0.0,0.0,0.03614369218870049,0.03774905326176326,0.044564179833381776,0.046530623303697935,0.048611267744598737,0.05647919589665346,0.05900630669719479,0.06169498312730147,0.0645640436574278,0.06763603947795328,0.0775845335846895,0.08136241715302063,0.08545807101894617,0.08992774095020925,0.10239673957940051,0.10810784771043978,0.11453214374770265,0.12189504482726736,0.13919177456588444,0.15020071536781393,0.17429762536443907,0.201725321331484,0.0,0.0,0.0,0.0,0.0,0.0,0.0,0.0,0.0,0.0,0.0,0.0
0.0819447276115417,0.0,0.0,0.0,0.0,0.0,0.0,0.0,0.0,0.0,0.0,0.0,0.0,0.0,0.0,0.0,0.0,0.0,0.0,0.0,0.0,0.0,0.0,0.0,0.0,0.0,0.0,0.0,0.0,0.0,0.0,0.0,0.0,0.0,0.0,0.0,0.0,0.0,0.0,0.0,0.0,0.0,0.0,0.0,0.0,0.0,0.0,0.0,0.0,0.0,0.0,0.0,0.0,0.0,0.0,0.0,0.0,0.0,0.0,0.0,0.0,0.0,0.0,0.0,0.0,0.0,0.0,0.0,0.0,0.0,0.0,0.0,0.0,0.0,0.0,0.0,0.0,0.0,0.0,0.0,0.0,0.0,0.0,0.0,0.0,0.0,0.0,0.0,0.0,0.0,0.0,0.0,0.0,0.0,0.0,0.0,0.0,0.0,0.0,0.0,0.0,0.0,0.0,0.0,0.0,0.0,0.0,0.0,0.0,0.0,0.0,0.0,0.0,0.0,0.0,0.0,0.0,0.0,0.0,0.0,0.0,0.0,0.0,0.0,0.0,0.0,0.0,0.0,0.0,0.0,0.0,0.0,0.0,0.0,0.0,0.0,0.0,0.0,0.0,0.0,0.0,0.0,0.0,0.0,0.0,0.0,0.0,0.0,0.0,0.0,0.0,0.0,0.0,0.0,0.0,0.0,0.0,0.0,0.0,0.0,0.0,0.0,0.0,0.0,0.0,0.0,0.0,0.0,0.0,0.03782637804443633,0.044699761314051824,0.04666767029465286,0.04875049682954632,0.05095964342496641,0.05922336570387316,0.06192008691280254,0.06479933054973493,0.06788425697894138,0.07793247897662067,0.08173474830024793,0.08586149312606776,0.0903714056229264,0.10299238070323005,0.10878036763735183,0.11531135786052768,0.13128504310536096,0.14049545728833052,0.15195481060121052,0.17725729535990423,0.0,0.0,0.0,0.0,0.0,0.0,0.0,0.0,0.0,0.0,0.0,0.0
0.0829803143501282,0.0,0.0,0.0,0.0,0.0,0.0,0.0,0.0,0.0,0.0,0.0,0.0,0.0,0.0,0.0,0.0,0.0,0.0,0.0,0.0,0.0,0.0,0.0,0.0,0.0,0.0,0.0,0.0,0.0,0.0,0.0,0.0,0.0,0.0,0.0,0.0,0.0,0.0,0.0,0.0,0.0,0.0,0.0,0.0,0.0,0.0,0.0,0.0,0.0,0.0,0.0,0.0,0.0,0.0,0.0,0.0,0.0,0.0,0.0,0.0,0.0,0.0,0.0,0.0,0.0,0.0,0.0,0.0,0.0,0.0,0.0,0.0,0.0,0.0,0.0,0.0,0.0,0.0,0.0,0.0,0.0,0.0,0.0,0.0,0.0,0.0,0.0,0.0,0.0,0.0,0.0,0.0,0.0,0.0,0.0,0.0,0.0,0.0,0.0,0.0,0.0,0.0,0.0,0.0,0.0,0.0,0.0,0.0,0.0,0.0,0.0,0.0,0.0,0.0,0.0,0.0,0.0,0.0,0.0,0.0,0.0,0.0,0.0,0.0,0.0,0.0,0.0,0.0,0.0,0.0,0.0,0.0,0.0,0.0,0.0,0.0,0.0,0.0,0.0,0.0,0.0,0.0,0.0,0.0,0.0,0.0,0.0,0.0,0.0,0.0,0.0,0.0,0.0,0.0,0.0,0.0,0.0,0.0,0.0,0.0,0.0,0.0,0.0,0.0,0.0,0.0,0.0,0.0,0.0,0.0,0.03919323582718845,0.04634676731608824,0.048403618611261384,0.05058502366782681,0.058860458040037845,0.06152617053041837,0.06437209212871306,0.06742110626335743,0.07748297802810065,0.08124445898010976,0.08532670965476662,0.08978778833981851,0.10241967618609127,0.10814961293692041,0.11461494462970583,0.12205780534286018,0.13971472375301092,0.1510677167310171,0.17632039366503574,0.0,0.0,0.0,0.0,0.0,0.0,0.0,0.0,0.0,0.0,0.0
0.0840235297203064,0.0,0.0,0.0,0.0,0.0,0.0,0.0,0.0,0.0,0.0,0.0,0.0,0.0,0.0,0.0,0.0,0.0,0.0,0.0,0.0,0.0,0.0,0.0,0.0,0.0,0.0,0.0,0.0,0.0,0.0,0.0,0.0,0.0,0.0,0.0,0.0,0.0,0.0,0.0,0.0,0.0,0.0,0.0,0.0,0.0,0.0,0.0,0.0,0.0,0.0,0.0,0.0,0.0,0.0,0.0,0.0,0.0,0.0,0.0,0.0,0.0,0.0,0.0,0.0,0.0,0.0,0.0,0.0,0.0,0.0,0.0,0.0,0.0,0.0,0.0,0.0,0.0,0.0,0.0,0.0,0.0,0.0,0.0,0.0,0.0,0.0,0.0,0.0,0.0,0.0,0.0,0.0,0.0,0.0,0.0,0.0,0.0,0.0,0.0,0.0,0.0,0.0,0.0,0.0,0.0,0.0,0.0,0.0,0.0,0.0,0.0,0.0,0.0,0.0,0.0,0.0,0.0,0.0,0.0,0.0,0.0,0.0,0.0,0.0,0.0,0.0,0.0,0.0,0.0,0.0,0.0,0.0,0.0,0.0,0.0,0.0,0.0,0.0,0.0,0.0,0.0,0.0,0.0,0.0,0.0,0.0,0.0,0.0,0.0,0.0,0.0,0.0,0.0,0.0,0.0,0.0,0.0,0.0,0.0,0.0,0.0,0.0,0.0,0.0,0.0,0.0,0.0,0.0,0.0,0.0,0.0,0.0,0.04060113454741404,0.04804734759718911,0.050200924322776036,0.052490212464500606,0.06112096948373785,0.0639334225871597,0.06694636716668594,0.07018734324711397,0.08074064485148146,0.0847781216585573,0.08919003436556174,0.10183098070986069,0.10750229079069407,0.11390119226954092,0.12126730983812592,0.1389124272276025,0.1501558108545999,0.17534931336320475,0.0,0.0,0.0,0.0,0.0,0.0,0.0,0.0,0.0,0.0
0.0850724665641784,0.0,0.0,0.0,0.0,0.0,0.0,0.0,0.0,0.0,0.0,0.0,0.0,0.0,0.0,0.0,0.0,0.0,0.0,0.0,0.0,0.0,0.0,0.0,0.0,0.0,0.0,0.0,0.0,0.0,0.0,0.0,0.0,0.0,0.0,0.0,0.0,0.0,0.0,0.0,0.0,0.0,0.0,0.0,0.0,0.0,0.0,0.0,0.0,0.0,0.0,0.0,0.0,0.0,0.0,0.0,0.0,0.0,0.0,0.0,0.0,0.0,0.0,0.0,0.0,0.0,0.0,0.0,0.0,0.0,0.0,0.0,0.0,0.0,0.0,0.0,0.0,0.0,0.0,0.0,0.0,0.0,0.0,0.0,0.0,0.0,0.0,0.0,0.0,0.0,0.0,0.0,0.0,0.0,0.0,0.0,0.0,0.0,0.0,0.0,0.0,0.0,0.0,0.0,0.0,0.0,0.0,0.0,0.0,0.0,0.0,0.0,0.0,0.0,0.0,0.0,0.0,0.0,0.0,0.0,0.0,0.0,0.0,0.0,0.0,0.0,0.0,0.0,0.0,0.0,0.0,0.0,0.0,0.0,0.0,0.0,0.0,0.0,0.0,0.0,0.0,0.0,0.0,0.0,0.0,0.0,0.0,0.0,0.0,0.0,0.0,0.0,0.0,0.0,0.0,0.0,0.0,0.0,0.0,0.0,0.0,0.0,0.0,0.0,0.0,0.0,0.0,0.0,0.0,0.0,0.0,0.0,0.0,0.0,0.0,0.04205895625653701,0.04981250115161814,0.052072264215485733,0.060710617936411464,0.06348988255381009,0.06646707888091866,0.06966941297712917,0.08023180169792729,0.08422496581465536,0.08858825442884909,0.0933971496374035,0.10685120276216288,0.11318460791965737,0.12047517971329975,0.13810914397318555,0.14924536838334113,0.17438371505123337,0.0,0.0,0.0,0.0,0.0,0.0,0.0,0.0,0.0
0.0861271248817444,0.0,0.0,0.0,0.0,0.0,0.0,0.0,0.0,0.0,0.0,0.0,0.0,0.0,0.0,0.0,0.0,0.0,0.0,0.0,0.0,0.0,0.0,0.0,0.0,0.0,0.0,0.0,0.0,0.0,0.0,0.0,0.0,0.0,0.0,0.0,0.0,0.0,0.0,0.0,0.0,0.0,0.0,0.0,0.0,0.0,0.0,0.0,0.0,0.0,0.0,0.0,0.0,0.0,0.0,0.0,0.0,0.0,0.0,0.0,0.0,0.0,0.0,0.0,0.0,0.0,0.0,0.0,0.0,0.0,0.0,0.0,0.0,0.0,0.0,0.0,0.0,0.0,0.0,0.0,0.0,0.0,0.0,0.0,0.0,0.0,0.0,0.0,0.0,0.0,0.0,0.0,0.0,0.0,0.0,0.0,0.0,0.0,0.0,0.0,0.0,0.0,0.0,0.0,0.0,0.0,0.0,0.0,0.0,0.0,0.0,0.0,0.0,0.0,0.0,0.0,0.0,0.0,0.0,0.0,0.0,0.0,0.0,0.0,0.0,0.0,0.0,0.0,0.0,0.0,0.0,0.0,0.0,0.0,0.0,0.0,0.0,0.0,0.0,0.0,0.0,0.0,0.0,0.0,0.0,0.0,0.0,0.0,0.0,0.0,0.0,0.0,0.0,0.0,0.0,0.0,0.0,0.0,0.0,0.0,0.0,0.0,0.0,0.0,0.0,0.0,0.0,0.0,0.0,0.0,0.0,0.0,0.0,0.0,0.0,0.0,0.0,0.04357298150111454,0.051650504707657294,0.05402769625415709,0.06304174526808247,0.06598352202165758,0.06914759088674767,0.07971821488467674,0.08366753660433877,0.08798275319631185,0.09273852684241381,0.10619666692412558,0.11246552865391228,0.11968177849797185,0.13730526753630012,0.14833686008004998,0.17342426291071508,0.0,0.0,0.0,0.0,0.0,0.0,0.0,0.0
0.0871894118309021,0.0,0.0,0.0,0.0,0.0,0.0,0.0,0.0,0.0,0.0,0.0,0.0,0.0,0.0,0.0,0.0,0.0,0.0,0.0,0.0,0.0,0.0,0.0,0.0,0.0,0.0,0.0,0.0,0.0,0.0,0.0,0.0,0.0,0.0,0.0,0.0,0.0,0.0,0.0,0.0,0.0,0.0,0.0,0.0,0.0,0.0,0.0,0.0,0.0,0.0,0.0,0.0,0.0,0.0,0.0,0.0,0.0,0.0,0.0,0.0,0.0,0.0,0.0,0.0,0.0,0.0,0.0,0.0,0.0,0.0,0.0,0.0,0.0,0.0,0.0,0.0,0.0,0.0,0.0,0.0,0.0,0.0,0.0,0.0,0.0,0.0,0.0,0.0,0.0,0.0,0.0,0.0,0.0,0.0,0.0,0.0,0.0,0.0,0.0,0.0,0.0,0.0,0.0,0.0,0.0,0.0,0.0,0.0,0.0,0.0,0.0,0.0,0.0,0.0,0.0,0.0,0.0,0.0,0.0,0.0,0.0,0.0,0.0,0.0,0.0,0.0,0.0,0.0,0.0,0.0,0.0,0.0,0.0,0.0,0.0,0.0,0.0,0.0,0.0,0.0,0.0,0.0,0.0,0.0,0.0,0.0,0.0,0.0,0.0,0.0,0.0,0.0,0.0,0.0,0.0,0.0,0.0,0.0,0.0,0.0,0.0,0.0,0.0,0.0,0.0,0.0,0.0,0.0,0.0,0.0,0.0,0.0,0.0,0.0,0.0,0.0,0.0,0.0,0.051220357009640685,0.05356615475681035,0.05607389999938301,0.06548969363655871,0.06861539271063671,0.07199341349508487,0.08309780260067244,0.08736471575448472,0.09206707820474659,0.10552737138057183,0.1117311063735785,0.11887218608130758,0.1364823947027364,0.14740675671778083,0.17243530174154886,0.0,0.0,0.0,0.0,0.0,0.0,0.0
0.0882574202537536,0.0,0.0,0.0,0.0,0.0,0.0,0.0,0.0,0.0,0.0,0.0,0.0,0.0,0.0,0.0,0.0,0.0,0.0,0.0,0.0,0.0,0.0,0.0,0.0,0.0,0.0,0.0,0.0,0.0,0.0,0.0,0.0,0.0,0.0,0.0,0.0,0.0,0.0,0.0,0.0,0.0,0.0,0.0,0.0,0.0,0.0,0.0,0.0,0.0,0.0,0.0,0.0,0.0,0.0,0.0,0.0,0.0,0.0,0.0,0.0,0.0,0.0,0.0,0.0,0.0,0.0,0.0,0.0,0.0,0.0,0.0,0.0,0.0,0.0,0.0,0.0,0.0,0.0,0.0,0.0,0.0,0.0,0.0,0.0,0.0,0.0,0.0,0.0,0.0,0.0,0.0,0.0,0.0,0.0,0.0,0.0,0.0,0.0,0.0,0.0,0.0,0.0,0.0,0.0,0.0,0.0,0.0,0.0,0.0,0.0,0.0,0.0,0.0,0.0,0.0,0.0,0.0,0.0,0.0,0.0,0.0,0.0,0.0,0.0,0.0,0.0,0.0,0.0,0.0,0.0,0.0,0.0,0.0,0.0,0.0,0.0,0.0,0.0,0.0,0.0,0.0,0.0,0.0,0.0,0.0,0.0,0.0,0.0,0.0,0.0,0.0,0.0,0.0,0.0,0.0,0.0,0.0,0.0,0.0,0.0,0.0,0.0,0.0,0.0,0.0,0.0,0.0,0.0,0.0,0.0,0.0,0.0,0.0,0.0,0.0,0.0,0.0,0.0,0.0,0.0,0.053101779714629094,0.05557616018303908,0.06499232916520856,0.06808006648212753,0.07141692157745244,0.08252460829497729,0.08674381527153793,0.0913934749816161,0.09657424374288212,0.11099522078787145,0.11806246967835313,0.13566021754959004,0.14648017810516623,0.17145477226134156,0.0,0.0,0.0,0.0,0.0,0.0
0.0893311501502991,0.0,0.0,0.0,0.0,0.0,0.0,0.0,0.0,0.0,0.0,0.0,0.0,0.0,0.0,0.0,0.0,0.0,0.0,0.0,0.0,0.0,0.0,0.0,0.0,0.0,0.0,0.0,0.0,0.0,0.0,0.0,0.0,0.0,0.0,0.0,0.0,0.0,0.0,0.0,0.0,0.0,0.0,0.0,0.0,0.0,0.0,0.0,0.0,0.0,0.0,0.0,0.0,0.0,0.0,0.0,0.0,0.0,0.0,0.0,0.0,0.0,0.0,0.0,0.0,0.0,0.0,0.0,0.0,0.0,0.0,0.0,0.0,0.0,0.0,0.0,0.0,0.0,0.0,0.0,0.0,0.0,0.0,0.0,0.0,0.0,0.0,0.0,0.0,0.0,0.0,0.0,0.0,0.0,0.0,0.0,0.0,0.0,0.0,0.0,0.0,0.0,0.0,0.0,0.0,0.0,0.0,0.0,0.0,0.0,0.0,0.0,0.0,0.0,0.0,0.0,0.0,0.0,0.0,0.0,0.0,0.0,0.0,0.0,0.0,0.0,0.0,0.0,0.0,0.0,0.0,0.0,0.0,0.0,0.0,0.0,0.0,0.0,0.0,0.0,0.0,0.0,0.0,0.0,0.0,0.0,0.0,0.0,0.0,0.0,0.0,0.0,0.0,0.0,0.0,0.0,0.0,0.0,0.0,0.0,0.0,0.0,0.0,0.0,0.0,0.0,0.0,0.0,0.0,0.0,0.0,0.0,0.0,0.0,0.0,0.0,0.0,0.0,0.0,0.0,0.0,0.0,0.0,0.055076197181412975,0.05769527760435241,0.06754188221865592,0.07083804556832671,0.07442072167695518,0.08612033497034992,0.09071800909140348,0.09584082345157394,0.11025817957160389,0.11725295691888116,0.12555071553693523,0.14555753725145537,0.16037270494928252,0.0,0.0,0.0,0.0,0.0
0.0904125086784363,0.0,0.0,0.0,0.0,0.0,0.0,0.0,0.0,0.0,0.0,0.0,0.0,0.0,0.0,0.0,0.0,0.0,0.0,0.0,0.0,0.0,0.0,0.0,0.0,0.0,0.0,0.0,0.0,0.0,0.0,0.0,0.0,0.0,0.0,0.0,0.0,0.0,0.0,0.0,0.0,0.0,0.0,0.0,0.0,0.0,0.0,0.0,0.0,0.0,0.0,0.0,0.0,0.0,0.0,0.0,0.0,0.0,0.0,0.0,0.0,0.0,0.0,0.0,0.0,0.0,0.0,0.0,0.0,0.0,0.0,0.0,0.0,0.0,0.0,0.0,0.0,0.0,0.0,0.0,0.0,0.0,0.0,0.0,0.0,0.0,0.0,0.0,0.0,0.0,0.0,0.0,0.0,0.0,0.0,0.0,0.0,0.0,0.0,0.0,0.0,0.0,0.0,0.0,0.0,0.0,0.0,0.0,0.0,0.0,0.0,0.0,0.0,0.0,0.0,0.0,0.0,0.0,0.0,0.0,0.0,0.0,0.0,0.0,0.0,0.0,0.0,0.0,0.0,0.0,0.0,0.0,0.0,0.0,0.0,0.0,0.0,0.0,0.0,0.0,0.0,0.0,0.0,0.0,0.0,0.0,0.0,0.0,0.0,0.0,0.0,0.0,0.0,0.0,0.0,0.0,0.0,0.0,0.0,0.0,0.0,0.0,0.0,0.0,0.0,0.0,0.0,0.0,0.0,0.0,0.0,0.0,0.0,0.0,0.0,0.0,0.0,0.0,0.0,0.0,0.0,0.0,0.0,0.0,0.0,0.057152557359772295,0.06699463761851533,0.0702500580491088,0.07378834386542749,0.0854858329917719,0.09003133880163788,0.09509594986837176,0.10950766851977468,0.11642935512018655,0.12464043877592502,0.14461627406595412,0.15928840218101298,0.0,0.0,0.0,0.0
0.0915014958381653,0.0,0.0,0.0,0.0,0.0,0.0,0.0,0.0,0.0,0.0,0.0,0.0,0.0,0.0,0.0,0.0,0.0,0.0,0.0,0.0,0.0,0.0,0.0,0.0,0.0,0.0,0.0,0.0,0.0,0.0,0.0,0.0,0.0,0.0,0.0,0.0,0.0,0.0,0.0,0.0,0.0,0.0,0.0,0.0,0.0,0.0,0.0,0.0,0.0,0.0,0.0,0.0,0.0,0.0,0.0,0.0,0.0,0.0,0.0,0.0,0.0,0.0,0.0,0.0,0.0,0.0,0.0,0.0,0.0,0.0,0.0,0.0,0.0,0.0,0.0,0.0,0.0,0.0,0.0,0.0,0.0,0.0,0.0,0.0,0.0,0.0,0.0,0.0,0.0,0.0,0.0,0.0,0.0,0.0,0.0,0.0,0.0,0.0,0.0,0.0,0.0,0.0,0.0,0.0,0.0,0.0,0.0,0.0,0.0,0.0,0.0,0.0,0.0,0.0,0.0,0.0,0.0,0.0,0.0,0.0,0.0,0.0,0.0,0.0,0.0,0.0,0.0,0.0,0.0,0.0,0.0,0.0,0.0,0.0,0.0,0.0,0.0,0.0,0.0,0.0,0.0,0.0,0.0,0.0,0.0,0.0,0.0,0.0,0.0,0.0,0.0,0.0,0.0,0.0,0.0,0.0,0.0,0.0,0.0,0.0,0.0,0.0,0.0,0.0,0.0,0.0,0.0,0.0,0.0,0.0,0.0,0.0,0.0,0.0,0.0,0.0,0.0,0.0,0.0,0.0,0.0,0.0,0.0,0.0,0.0,0.05660313608332426,0.059347992386824575,0.06965354708473076,0.07314741666650498,0.07697162592723897,0.0893341760681219,0.09434040099178995,0.10874453130543621,0.11559262208427579,0.1237161829050455,0.1436577761961979,0.15818234335481807,0.0,0.0,0.0
0.0925942973136902,0.0,0.0,0.0,0.0,0.0,0.0,0.0,0.0,0.0,0.0,0.0,0.0,0.0,0.0,0.0,0.0,0.0,0.0,0.0,0.0,0.0,0.0,0.0,0.0,0.0,0.0,0.0,0.0,0.0,0.0,0.0,0.0,0.0,0.0,0.0,0.0,0.0,0.0,0.0,0.0,0.0,0.0,0.0,0.0,0.0,0.0,0.0,0.0,0.0,0.0,0.0,0.0,0.0,0.0,0.0,0.0,0.0,0.0,0.0,0.0,0.0,0.0,0.0,0.0,0.0,0.0,0.0,0.0,0.0,0.0,0.0,0.0,0.0,0.0,0.0,0.0,0.0,0.0,0.0,0.0,0.0,0.0,0.0,0.0,0.0,0.0,0.0,0.0,0.0,0.0,0.0,0.0,0.0,0.0,0.0,0.0,0.0,0.0,0.0,0.0,0.0,0.0,0.0,0.0,0.0,0.0,0.0,0.0,0.0,0.0,0.0,0.0,0.0,0.0,0.0,0.0,0.0,0.0,0.0,0.0,0.0,0.0,0.0,0.0,0.0,0.0,0.0,0.0,0.0,0.0,0.0,0.0,0.0,0.0,0.0,0.0,0.0,0.0,0.0,0.0,0.0,0.0,0.0,0.0,0.0,0.0,0.0,0.0,0.0,0.0,0.0,0.0,0.0,0.0,0.0,0.0,0.0,0.0,0.0,0.0,0.0,0.0,0.0,0.0,0.0,0.0,0.0,0.0,0.0,0.0,0.0,0.0,0.0,0.0,0.0,0.0,0.0,0.0,0.0,0.0,0.0,0.0,0.0,0.0,0.0,0.0,0.0,0.05876596424093629,0.06169690345566883,0.07251330679487783,0.07629020385727617,0.08864589449783349,0.09359578451096176,0.09919218694476498,0.11477205057626533,0.12281303847827917,0.14272797198524584,0.15712264474530838,0.0,0.0
0.093260334688322,0.0,0.0,0.0,0.0,0.0,0.0,0.0,0.0,0.0,0.0,0.0,0.0,0.0,0.0,0.0,0.0,0.0,0.0,0.0,0.0,0.0,0.0,0.0,0.0,0.0,0.0,0.0,0.0,0.0,0.0,0.0,0.0,0.0,0.0,0.0,0.0,0.0,0.0,0.0,0.0,0.0,0.0,0.0,0.0,0.0,0.0,0.0,0.0,0.0,0.0,0.0,0.0,0.0,0.0,0.0,0.0,0.0,0.0,0.0,0.0,0.0,0.0,0.0,0.0,0.0,0.0,0.0,0.0,0.0,0.0,0.0,0.0,0.0,0.0,0.0,0.0,0.0,0.0,0.0,0.0,0.0,0.0,0.0,0.0,0.0,0.0,0.0,0.0,0.0,0.0,0.0,0.0,0.0,0.0,0.0,0.0,0.0,0.0,0.0,0.0,0.0,0.0,0.0,0.0,0.0,0.0,0.0,0.0,0.0,0.0,0.0,0.0,0.0,0.0,0.0,0.0,0.0,0.0,0.0,0.0,0.0,0.0,0.0,0.0,0.0,0.0,0.0,0.0,0.0,0.0,0.0,0.0,0.0,0.0,0.0,0.0,0.0,0.0,0.0,0.0,0.0,0.0,0.0,0.0,0.0,0.0,0.0,0.0,0.0,0.0,0.0,0.0,0.0,0.0,0.0,0.0,0.0,0.0,0.0,0.0,0.0,0.0,0.0,0.0,0.0,0.0,0.0,0.0,0.0,0.0,0.0,0.0,0.0,0.0,0.0,0.0,0.0,0.0,0.0,0.0,0.0,0.0,0.0,0.0,0.0,0.0,0.0,0.0,0.05952686347994876,0.06253018201120694,0.07355973961874765,0.07745265789803495,0.09009374826982988,0.09524268275773043,0.11006511472679187,0.11723785737920081,0.12588913877159155,0.1471246099506577,0.17516108426760205,0.0
0.0936966345787048,0.0,0.0,0.0,0.0,0.0,0.0,0.0,0.0,0.0,0.0,0.0,0.0,0.0,0.0,0.0,0.0,0.0,0.0,0.0,0.0,0.0,0.0,0.0,0.0,0.0,0.0,0.0,0.0,0.0,0.0,0.0,0.0,0.0,0.0,0.0,0.0,0.0,0.0,0.0,0.0,0.0,0.0,0.0,0.0,0.0,0.0,0.0,0.0,0.0,0.0,0.0,0.0,0.0,0.0,0.0,0.0,0.0,0.0,0.0,0.0,0.0,0.0,0.0,0.0,0.0,0.0,0.0,0.0,0.0,0.0,0.0,0.0,0.0,0.0,0.0,0.0,0.0,0.0,0.0,0.0,0.0,0.0,0.0,0.0,0.0,0.0,0.0,0.0,0.0,0.0,0.0,0.0,0.0,0.0,0.0,0.0,0.0,0.0,0.0,0.0,0.0,0.0,0.0,0.0,0.0,0.0,0.0,0.0,0.0,0.0,0.0,0.0,0.0,0.0,0.0,0.0,0.0,0.0,0.0,0.0,0.0,0.0,0.0,0.0,0.0,0.0,0.0,0.0,0.0,0.0,0.0,0.0,0.0,0.0,0.0,0.0,0.0,0.0,0.0,0.0,0.0,0.0,0.0,0.0,0.0,0.0,0.0,0.0,0.0,0.0,0.0,0.0,0.0,0.0,0.0,0.0,0.0,0.0,0.0,0.0,0.0,0.0,0.0,0.0,0.0,0.0,0.0,0.0,0.0,0.0,0.0,0.0,0.0,0.0,0.0,0.0,0.0,0.0,0.0,0.0,0.0,0.0,0.0,0.0,0.0,0.0,0.0,0.0,0.0,0.061062157540075324,0.07186413104333016,0.07559301837807966,0.08793873148863611,0.09283108663771464,0.09836238958196997,0.11392537348909469,0.12188030032251236,0.14176031341271503,0.1560105131809438,0.0
0.107226722201032,0.0,0.0,0.0,0.0,0.0,0.0,0.0,0.0,0.0,0.0,0.0,0.0,0.0,0.0,0.0,0.0,0.0,0.0,0.0,0.0,0.0,0.0,0.0,0.0,0.0,0.0,0.0,0.0,0.0,0.0,0.0,0.0,0.0,0.0,0.0,0.0,0.0,0.0,0.0,0.0,0.0,0.0,0.0,0.0,0.0,0.0,0.0,0.0,0.0,0.0,0.0,0.0,0.0,0.0,0.0,0.0,0.0,0.0,0.0,0.0,0.0,0.0,0.0,0.0,0.0,0.0,0.0,0.0,0.0,0.0,0.0,0.0,0.0,0.0,0.0,0.0,0.0,0.0,0.0,0.0,0.0,0.0,0.0,0.0,0.0,0.0,0.0,0.0,0.0,0.0,0.0,0.0,0.0,0.0,0.0,0.0,0.0,0.0,0.0,0.0,0.0,0.0,0.0,0.0,0.0,0.0,0.0,0.0,0.0,0.0,0.0,0.0,0.0,0.0,0.0,0.0,0.0,0.0,0.0,0.0,0.0,0.0,0.0,0.0,0.0,0.0,0.0,0.0,0.0,0.0,0.0,0.0,0.0,0.0,0.0,0.0,0.0,0.0,0.0,0.0,0.0,0.0,0.0,0.0,0.0,0.0,0.0,0.0,0.0,0.0,0.0,0.0,0.0,0.0,0.0,0.0,0.0,0.0,0.0,0.0,0.0,0.0,0.0,0.0,0.0,0.0,0.0,0.0,0.0,0.0,0.0,0.0,0.0,0.0,0.0,0.0,0.0,0.0,0.0,0.0,0.0,0.0,0.0,0.0,0.0,0.0,0.0,0.0,0.0,0.0,0.0,0.0,0.0,0.0,0.0,0.0,0.0,0.0,0.0,0.0
0.123284673944207,0.0,0.0,0.0,0.0,0.0,0.0,0.0,0.0,0.0,0.0,0.0,0.0,0.0,0.0,0.0,0.0,0.0,0.0,0.0,0.0,0.0,0.0,0.0,0.0,0.0,0.0,0.0,0.0,0.0,0.0,0.0,0.0,0.0,0.0,0.0,0.0,0.0,0.0,0.0,0.0,0.0,0.0,0.0,0.0,0.0,0.0,0.0,0.0,0.0,0.0,0.0,0.0,0.0,0.0,0.0,0.0,0.0,0.0,0.0,0.0,0.0,0.0,0.0,0.0,0.0,0.0,0.0,0.0,0.0,0.0,0.0,0.0,0.0,0.0,0.0,0.0,0.0,0.0,0.0,0.0,0.0,0.0,0.0,0.0,0.0,0.0,0.0,0.0,0.0,0.0,0.0,0.0,0.0,0.0,0.0,0.0,0.0,0.0,0.0,0.0,0.0,0.0,0.0,0.0,0.0,0.0,0.0,0.0,0.0,0.0,0.0,0.0,0.0,0.0,0.0,0.0,0.0,0.0,0.0,0.0,0.0,0.0,0.0,0.0,0.0,0.0,0.0,0.0,0.0,0.0,0.0,0.0,0.0,0.0,0.0,0.0,0.0,0.0,0.0,0.0,0.0,0.0,0.0,0.0,0.0,0.0,0.0,0.0,0.0,0.0,0.0,0.0,0.0,0.0,0.0,0.0,0.0,0.0,0.0,0.0,0.0,0.0,0.0,0.0,0.0,0.0,0.0,0.0,0.0,0.0,0.0,0.0,0.0,0.0,0.0,0.0,0.0,0.0,0.0,0.0,0.0,0.0,0.0,0.0,0.0,0.0,0.0,0.0,0.0,0.0,0.0,0.0,0.0,0.0,0.0,0.0,0.0,0.0,0.0,0.0
0.14174741629268,0.0,0.0,0.0,0.0,0.0,0.0,0.0,0.0,0.0,0.0,0.0,0.0,0.0,0.0,0.0,0.0,0.0,0.0,0.0,0.0,0.0,0.0,0.0,0.0,0.0,0.0,0.0,0.0,0.0,0.0,0.0,0.0,0.0,0.0,0.0,0.0,0.0,0.0,0.0,0.0,0.0,0.0,0.0,0.0,0.0,0.0,0.0,0.0,0.0,0.0,0.0,0.0,0.0,0.0,0.0,0.0,0.0,0.0,0.0,0.0,0.0,0.0,0.0,0.0,0.0,0.0,0.0,0.0,0.0,0.0,0.0,0.0,0.0,0.0,0.0,0.0,0.0,0.0,0.0,0.0,0.0,0.0,0.0,0.0,0.0,0.0,0.0,0.0,0.0,0.0,0.0,0.0,0.0,0.0,0.0,0.0,0.0,0.0,0.0,0.0,0.0,0.0,0.0,0.0,0.0,0.0,0.0,0.0,0.0,0.0,0.0,0.0,0.0,0.0,0.0,0.0,0.0,0.0,0.0,0.0,0.0,0.0,0.0,0.0,0.0,0.0,0.0,0.0,0.0,0.0,0.0,0.0,0.0,0.0,0.0,0.0,0.0,0.0,0.0,0.0,0.0,0.0,0.0,0.0,0.0,0.0,0.0,0.0,0.0,0.0,0.0,0.0,0.0,0.0,0.0,0.0,0.0,0.0,0.0,0.0,0.0,0.0,0.0,0.0,0.0,0.0,0.0,0.0,0.0,0.0,0.0,0.0,0.0,0.0,0.0,0.0,0.0,0.0,0.0,0.0,0.0,0.0,0.0,0.0,0.0,0.0,0.0,0.0,0.0,0.0,0.0,0.0,0.0,0.0,0.0,0.0,0.0,0.0,0.0,0.0
0.162975083462065,0.0,0.0,0.0,0.0,0.0,0.0,0.0,0.0,0.0,0.0,0.0,0.0,0.0,0.0,0.0,0.0,0.0,0.0,0.0,0.0,0.0,0.0,0.0,0.0,0.0,0.0,0.0,0.0,0.0,0.0,0.0,0.0,0.0,0.0,0.0,0.0,0.0,0.0,0.0,0.0,0.0,0.0,0.0,0.0,0.0,0.0,0.0,0.0,0.0,0.0,0.0,0.0,0.0,0.0,0.0,0.0,0.0,0.0,0.0,0.0,0.0,0.0,0.0,0.0,0.0,0.0,0.0,0.0,0.0,0.0,0.0,0.0,0.0,0.0,0.0,0.0,0.0,0.0,0.0,0.0,0.0,0.0,0.0,0.0,0.0,0.0,0.0,0.0,0.0,0.0,0.0,0.0,0.0,0.0,0.0,0.0,0.0,0.0,0.0,0.0,0.0,0.0,0.0,0.0,0.0,0.0,0.0,0.0,0.0,0.0,0.0,0.0,0.0,0.0,0.0,0.0,0.0,0.0,0.0,0.0,0.0,0.0,0.0,0.0,0.0,0.0,0.0,0.0,0.0,0.0,0.0,0.0,0.0,0.0,0.0,0.0,0.0,0.0,0.0,0.0,0.0,0.0,0.0,0.0,0.0,0.0,0.0,0.0,0.0,0.0,0.0,0.0,0.0,0.0,0.0,0.0,0.0,0.0,0.0,0.0,0.0,0.0,0.0,0.0,0.0,0.0,0.0,0.0,0.0,0.0,0.0,0.0,0.0,0.0,0.0,0.0,0.0,0.0,0.0,0.0,0.0,0.0,0.0,0.0,0.0,0.0,0.0,0.0,0.0,0.0,0.0,0.0,0.0,0.0,0.0,0.0,0.0,0.0,0.0,0.0
0.187381742286039,0.0,0.0,0.0,0.0,0.0,0.0,0.0,0.0,0.0,0.0,0.0,0.0,0.0,0.0,0.0,0.0,0.0,0.0,0.0,0.0,0.0,0.0,0.0,0.0,0.0,0.0,0.0,0.0,0.0,0.0,0.0,0.0,0.0,0.0,0.0,0.0,0.0,0.0,0.0,0.0,0.0,0.0,0.0,0.0,0.0,0.0,0.0,0.0,0.0,0.0,0.0,0.0,0.0,0.0,0.0,0.0,0.0,0.0,0.0,0.0,0.0,0.0,0.0,0.0,0.0,0.0,0.0,0.0,0.0,0.0,0.0,0.0,0.0,0.0,0.0,0.0,0.0,0.0,0.0,0.0,0.0,0.0,0.0,0.0,0.0,0.0,0.0,0.0,0.0,0.0,0.0,0.0,0.0,0.0,0.0,0.0,0.0,0.0,0.0,0.0,0.0,0.0,0.0,0.0,0.0,0.0,0.0,0.0,0.0,0.0,0.0,0.0,0.0,0.0,0.0,0.0,0.0,0.0,0.0,0.0,0.0,0.0,0.0,0.0,0.0,0.0,0.0,0.0,0.0,0.0,0.0,0.0,0.0,0.0,0.0,0.0,0.0,0.0,0.0,0.0,0.0,0.0,0.0,0.0,0.0,0.0,0.0,0.0,0.0,0.0,0.0,0.0,0.0,0.0,0.0,0.0,0.0,0.0,0.0,0.0,0.0,0.0,0.0,0.0,0.0,0.0,0.0,0.0,0.0,0.0,0.0,0.0,0.0,0.0,0.0,0.0,0.0,0.0,0.0,0.0,0.0,0.0,0.0,0.0,0.0,0.0,0.0,0.0,0.0,0.0,0.0,0.0,0.0,0.0,0.0,0.0,0.0,0.0,0.0,0.0
0.215443469003188,0.0,0.0,0.0,0.0,0.0,0.0,0.0,0.0,0.0,0.0,0.0,0.0,0.0,0.0,0.0,0.0,0.0,0.0,0.0,0.0,0.0,0.0,0.0,0.0,0.0,0.0,0.0,0.0,0.0,0.0,0.0,0.0,0.0,0.0,0.0,0.0,0.0,0.0,0.0,0.0,0.0,0.0,0.0,0.0,0.0,0.0,0.0,0.0,0.0,0.0,0.0,0.0,0.0,0.0,0.0,0.0,0.0,0.0,0.0,0.0,0.0,0.0,0.0,0.0,0.0,0.0,0.0,0.0,0.0,0.0,0.0,0.0,0.0,0.0,0.0,0.0,0.0,0.0,0.0,0.0,0.0,0.0,0.0,0.0,0.0,0.0,0.0,0.0,0.0,0.0,0.0,0.0,0.0,0.0,0.0,0.0,0.0,0.0,0.0,0.0,0.0,0.0,0.0,0.0,0.0,0.0,0.0,0.0,0.0,0.0,0.0,0.0,0.0,0.0,0.0,0.0,0.0,0.0,0.0,0.0,0.0,0.0,0.0,0.0,0.0,0.0,0.0,0.0,0.0,0.0,0.0,0.0,0.0,0.0,0.0,0.0,0.0,0.0,0.0,0.0,0.0,0.0,0.0,0.0,0.0,0.0,0.0,0.0,0.0,0.0,0.0,0.0,0.0,0.0,0.0,0.0,0.0,0.0,0.0,0.0,0.0,0.0,0.0,0.0,0.0,0.0,0.0,0.0,0.0,0.0,0.0,0.0,0.0,0.0,0.0,0.0,0.0,0.0,0.0,0.0,0.0,0.0,0.0,0.0,0.0,0.0,0.0,0.0,0.0,0.0,0.0,0.0,0.0,0.0,0.0,0.0,0.0,0.0,0.0,0.0
0.247707635599171,0.0,0.0,0.0,0.0,0.0,0.0,0.0,0.0,0.0,0.0,0.0,0.0,0.0,0.0,0.0,0.0,0.0,0.0,0.0,0.0,0.0,0.0,0.0,0.0,0.0,0.0,0.0,0.0,0.0,0.0,0.0,0.0,0.0,0.0,0.0,0.0,0.0,0.0,0.0,0.0,0.0,0.0,0.0,0.0,0.0,0.0,0.0,0.0,0.0,0.0,0.0,0.0,0.0,0.0,0.0,0.0,0.0,0.0,0.0,0.0,0.0,0.0,0.0,0.0,0.0,0.0,0.0,0.0,0.0,0.0,0.0,0.0,0.0,0.0,0.0,0.0,0.0,0.0,0.0,0.0,0.0,0.0,0.0,0.0,0.0,0.0,0.0,0.0,0.0,0.0,0.0,0.0,0.0,0.0,0.0,0.0,0.0,0.0,0.0,0.0,0.0,0.0,0.0,0.0,0.0,0.0,0.0,0.0,0.0,0.0,0.0,0.0,0.0,0.0,0.0,0.0,0.0,0.0,0.0,0.0,0.0,0.0,0.0,0.0,0.0,0.0,0.0,0.0,0.0,0.0,0.0,0.0,0.0,0.0,0.0,0.0,0.0,0.0,0.0,0.0,0.0,0.0,0.0,0.0,0.0,0.0,0.0,0.0,0.0,0.0,0.0,0.0,0.0,0.0,0.0,0.0,0.0,0.0,0.0,0.0,0.0,0.0,0.0,0.0,0.0,0.0,0.0,0.0,0.0,0.0,0.0,0.0,0.0,0.0,0.0,0.0,0.0,0.0,0.0,0.0,0.0,0.0,0.0,0.0,0.0,0.0,0.0,0.0,0.0,0.0,0.0,0.0,0.0,0.0,0.0,0.0,0.0,0.0,0.0,0.0
0.28480358684358,0.0,0.0,0.0,0.0,0.0,0.0,0.0,0.0,0.0,0.0,0.0,0.0,0.0,0.0,0.0,0.0,0.0,0.0,0.0,0.0,0.0,0.0,0.0,0.0,0.0,0.0,0.0,0.0,0.0,0.0,0.0,0.0,0.0,0.0,0.0,0.0,0.0,0.0,0.0,0.0,0.0,0.0,0.0,0.0,0.0,0.0,0.0,0.0,0.0,0.0,0.0,0.0,0.0,0.0,0.0,0.0,0.0,0.0,0.0,0.0,0.0,0.0,0.0,0.0,0.0,0.0,0.0,0.0,0.0,0.0,0.0,0.0,0.0,0.0,0.0,0.0,0.0,0.0,0.0,0.0,0.0,0.0,0.0,0.0,0.0,0.0,0.0,0.0,0.0,0.0,0.0,0.0,0.0,0.0,0.0,0.0,0.0,0.0,0.0,0.0,0.0,0.0,0.0,0.0,0.0,0.0,0.0,0.0,0.0,0.0,0.0,0.0,0.0,0.0,0.0,0.0,0.0,0.0,0.0,0.0,0.0,0.0,0.0,0.0,0.0,0.0,0.0,0.0,0.0,0.0,0.0,0.0,0.0,0.0,0.0,0.0,0.0,0.0,0.0,0.0,0.0,0.0,0.0,0.0,0.0,0.0,0.0,0.0,0.0,0.0,0.0,0.0,0.0,0.0,0.0,0.0,0.0,0.0,0.0,0.0,0.0,0.0,0.0,0.0,0.0,0.0,0.0,0.0,0.0,0.0,0.0,0.0,0.0,0.0,0.0,0.0,0.0,0.0,0.0,0.0,0.0,0.0,0.0,0.0,0.0,0.0,0.0,0.0,0.0,0.0,0.0,0.0,0.0,0.0,0.0,0.0,0.0,0.0,0.0,0.0
0.327454916287773,0.0,0.0,0.0,0.0,0.0,0.0,0.0,0.0,0.0,0.0,0.0,0.0,0.0,0.0,0.0,0.0,0.0,0.0,0.0,0.0,0.0,0.0,0.0,0.0,0.0,0.0,0.0,0.0,0.0,0.0,0.0,0.0,0.0,0.0,0.0,0.0,0.0,0.0,0.0,0.0,0.0,0.0,0.0,0.0,0.0,0.0,0.0,0.0,0.0,0.0,0.0,0.0,0.0,0.0,0.0,0.0,0.0,0.0,0.0,0.0,0.0,0.0,0.0,0.0,0.0,0.0,0.0,0.0,0.0,0.0,0.0,0.0,0.0,0.0,0.0,0.0,0.0,0.0,0.0,0.0,0.0,0.0,0.0,0.0,0.0,0.0,0.0,0.0,0.0,0.0,0.0,0.0,0.0,0.0,0.0,0.0,0.0,0.0,0.0,0.0,0.0,0.0,0.0,0.0,0.0,0.0,0.0,0.0,0.0,0.0,0.0,0.0,0.0,0.0,0.0,0.0,0.0,0.0,0.0,0.0,0.0,0.0,0.0,0.0,0.0,0.0,0.0,0.0,0.0,0.0,0.0,0.0,0.0,0.0,0.0,0.0,0.0,0.0,0.0,0.0,0.0,0.0,0.0,0.0,0.0,0.0,0.0,0.0,0.0,0.0,0.0,0.0,0.0,0.0,0.0,0.0,0.0,0.0,0.0,0.0,0.0,0.0,0.0,0.0,0.0,0.0,0.0,0.0,0.0,0.0,0.0,0.0,0.0,0.0,0.0,0.0,0.0,0.0,0.0,0.0,0.0,0.0,0.0,0.0,0.0,0.0,0.0,0.0,0.0,0.0,0.0,0.0,0.0,0.0,0.0,0.0,0.0,0.0,0.0,0.0
0.376493580679247,0.0,0.0,0.0,0.0,0.0,0.0,0.0,0.0,0.0,0.0,0.0,0.0,0.0,0.0,0.0,0.0,0.0,0.0,0.0,0.0,0.0,0.0,0.0,0.0,0.0,0.0,0.0,0.0,0.0,0.0,0.0,0.0,0.0,0.0,0.0,0.0,0.0,0.0,0.0,0.0,0.0,0.0,0.0,0.0,0.0,0.0,0.0,0.0,0.0,0.0,0.0,0.0,0.0,0.0,0.0,0.0,0.0,0.0,0.0,0.0,0.0,0.0,0.0,0.0,0.0,0.0,0.0,0.0,0.0,0.0,0.0,0.0,0.0,0.0,0.0,0.0,0.0,0.0,0.0,0.0,0.0,0.0,0.0,0.0,0.0,0.0,0.0,0.0,0.0,0.0,0.0,0.0,0.0,0.0,0.0,0.0,0.0,0.0,0.0,0.0,0.0,0.0,0.0,0.0,0.0,0.0,0.0,0.0,0.0,0.0,0.0,0.0,0.0,0.0,0.0,0.0,0.0,0.0,0.0,0.0,0.0,0.0,0.0,0.0,0.0,0.0,0.0,0.0,0.0,0.0,0.0,0.0,0.0,0.0,0.0,0.0,0.0,0.0,0.0,0.0,0.0,0.0,0.0,0.0,0.0,0.0,0.0,0.0,0.0,0.0,0.0,0.0,0.0,0.0,0.0,0.0,0.0,0.0,0.0,0.0,0.0,0.0,0.0,0.0,0.0,0.0,0.0,0.0,0.0,0.0,0.0,0.0,0.0,0.0,0.0,0.0,0.0,0.0,0.0,0.0,0.0,0.0,0.0,0.0,0.0,0.0,0.0,0.0,0.0,0.0,0.0,0.0,0.0,0.0,0.0,0.0,0.0,0.0,0.0,0.0
0.432876128108306,0.0,0.0,0.0,0.0,0.0,0.0,0.0,0.0,0.0,0.0,0.0,0.0,0.0,0.0,0.0,0.0,0.0,0.0,0.0,0.0,0.0,0.0,0.0,0.0,0.0,0.0,0.0,0.0,0.0,0.0,0.0,0.0,0.0,0.0,0.0,0.0,0.0,0.0,0.0,0.0,0.0,0.0,0.0,0.0,0.0,0.0,0.0,0.0,0.0,0.0,0.0,0.0,0.0,0.0,0.0,0.0,0.0,0.0,0.0,0.0,0.0,0.0,0.0,0.0,0.0,0.0,0.0,0.0,0.0,0.0,0.0,0.0,0.0,0.0,0.0,0.0,0.0,0.0,0.0,0.0,0.0,0.0,0.0,0.0,0.0,0.0,0.0,0.0,0.0,0.0,0.0,0.0,0.0,0.0,0.0,0.0,0.0,0.0,0.0,0.0,0.0,0.0,0.0,0.0,0.0,0.0,0.0,0.0,0.0,0.0,0.0,0.0,0.0,0.0,0.0,0.0,0.0,0.0,0.0,0.0,0.0,0.0,0.0,0.0,0.0,0.0,0.0,0.0,0.0,0.0,0.0,0.0,0.0,0.0,0.0,0.0,0.0,0.0,0.0,0.0,0.0,0.0,0.0,0.0,0.0,0.0,0.0,0.0,0.0,0.0,0.0,0.0,0.0,0.0,0.0,0.0,0.0,0.0,0.0,0.0,0.0,0.0,0.0,0.0,0.0,0.0,0.0,0.0,0.0,0.0,0.0,0.0,0.0,0.0,0.0,0.0,0.0,0.0,0.0,0.0,0.0,0.0,0.0,0.0,0.0,0.0,0.0,0.0,0.0,0.0,0.0,0.0,0.0,0.0,0.0,0.0,0.0,0.0,0.0,0.0
0.497702356433211,0.0,0.0,0.0,0.0,0.0,0.0,0.0,0.0,0.0,0.0,0.0,0.0,0.0,0.0,0.0,0.0,0.0,0.0,0.0,0.0,0.0,0.0,0.0,0.0,0.0,0.0,0.0,0.0,0.0,0.0,0.0,0.0,0.0,0.0,0.0,0.0,0.0,0.0,0.0,0.0,0.0,0.0,0.0,0.0,0.0,0.0,0.0,0.0,0.0,0.0,0.0,0.0,0.0,0.0,0.0,0.0,0.0,0.0,0.0,0.0,0.0,0.0,0.0,0.0,0.0,0.0,0.0,0.0,0.0,0.0,0.0,0.0,0.0,0.0,0.0,0.0,0.0,0.0,0.0,0.0,0.0,0.0,0.0,0.0,0.0,0.0,0.0,0.0,0.0,0.0,0.0,0.0,0.0,0.0,0.0,0.0,0.0,0.0,0.0,0.0,0.0,0.0,0.0,0.0,0.0,0.0,0.0,0.0,0.0,0.0,0.0,0.0,0.0,0.0,0.0,0.0,0.0,0.0,0.0,0.0,0.0,0.0,0.0,0.0,0.0,0.0,0.0,0.0,0.0,0.0,0.0,0.0,0.0,0.0,0.0,0.0,0.0,0.0,0.0,0.0,0.0,0.0,0.0,0.0,0.0,0.0,0.0,0.0,0.0,0.0,0.0,0.0,0.0,0.0,0.0,0.0,0.0,0.0,0.0,0.0,0.0,0.0,0.0,0.0,0.0,0.0,0.0,0.0,0.0,0.0,0.0,0.0,0.0,0.0,0.0,0.0,0.0,0.0,0.0,0.0,0.0,0.0,0.0,0.0,0.0,0.0,0.0,0.0,0.0,0.0,0.0,0.0,0.0,0.0,0.0,0.0,0.0,0.0,0.0,0.0
0.572236765935022,0.0,0.0,0.0,0.0,0.0,0.0,0.0,0.0,0.0,0.0,0.0,0.0,0.0,0.0,0.0,0.0,0.0,0.0,0.0,0.0,0.0,0.0,0.0,0.0,0.0,0.0,0.0,0.0,0.0,0.0,0.0,0.0,0.0,0.0,0.0,0.0,0.0,0.0,0.0,0.0,0.0,0.0,0.0,0.0,0.0,0.0,0.0,0.0,0.0,0.0,0.0,0.0,0.0,0.0,0.0,0.0,0.0,0.0,0.0,0.0,0.0,0.0,0.0,0.0,0.0,0.0,0.0,0.0,0.0,0.0,0.0,0.0,0.0,0.0,0.0,0.0,0.0,0.0,0.0,0.0,0.0,0.0,0.0,0.0,0.0,0.0,0.0,0.0,0.0,0.0,0.0,0.0,0.0,0.0,0.0,0.0,0.0,0.0,0.0,0.0,0.0,0.0,0.0,0.0,0.0,0.0,0.0,0.0,0.0,0.0,0.0,0.0,0.0,0.0,0.0,0.0,0.0,0.0,0.0,0.0,0.0,0.0,0.0,0.0,0.0,0.0,0.0,0.0,0.0,0.0,0.0,0.0,0.0,0.0,0.0,0.0,0.0,0.0,0.0,0.0,0.0,0.0,0.0,0.0,0.0,0.0,0.0,0.0,0.0,0.0,0.0,0.0,0.0,0.0,0.0,0.0,0.0,0.0,0.0,0.0,0.0,0.0,0.0,0.0,0.0,0.0,0.0,0.0,0.0,0.0,0.0,0.0,0.0,0.0,0.0,0.0,0.0,0.0,0.0,0.0,0.0,0.0,0.0,0.0,0.0,0.0,0.0,0.0,0.0,0.0,0.0,0.0,0.0,0.0,0.0,0.0,0.0,0.0,0.0,0.0
0.657933224657568,0.0,0.0,0.0,0.0,0.0,0.0,0.0,0.0,0.0,0.0,0.0,0.0,0.0,0.0,0.0,0.0,0.0,0.0,0.0,0.0,0.0,0.0,0.0,0.0,0.0,0.0,0.0,0.0,0.0,0.0,0.0,0.0,0.0,0.0,0.0,0.0,0.0,0.0,0.0,0.0,0.0,0.0,0.0,0.0,0.0,0.0,0.0,0.0,0.0,0.0,0.0,0.0,0.0,0.0,0.0,0.0,0.0,0.0,0.0,0.0,0.0,0.0,0.0,0.0,0.0,0.0,0.0,0.0,0.0,0.0,0.0,0.0,0.0,0.0,0.0,0.0,0.0,0.0,0.0,0.0,0.0,0.0,0.0,0.0,0.0,0.0,0.0,0.0,0.0,0.0,0.0,0.0,0.0,0.0,0.0,0.0,0.0,0.0,0.0,0.0,0.0,0.0,0.0,0.0,0.0,0.0,0.0,0.0,0.0,0.0,0.0,0.0,0.0,0.0,0.0,0.0,0.0,0.0,0.0,0.0,0.0,0.0,0.0,0.0,0.0,0.0,0.0,0.0,0.0,0.0,0.0,0.0,0.0,0.0,0.0,0.0,0.0,0.0,0.0,0.0,0.0,0.0,0.0,0.0,0.0,0.0,0.0,0.0,0.0,0.0,0.0,0.0,0.0,0.0,0.0,0.0,0.0,0.0,0.0,0.0,0.0,0.0,0.0,0.0,0.0,0.0,0.0,0.0,0.0,0.0,0.0,0.0,0.0,0.0,0.0,0.0,0.0,0.0,0.0,0.0,0.0,0.0,0.0,0.0,0.0,0.0,0.0,0.0,0.0,0.0,0.0,0.0,0.0,0.0,0.0,0.0,0.0,0.0,0.0,0.0
0.756463327554629,0.0,0.0,0.0,0.0,0.0,0.0,0.0,0.0,0.0,0.0,0.0,0.0,0.0,0.0,0.0,0.0,0.0,0.0,0.0,0.0,0.0,0.0,0.0,0.0,0.0,0.0,0.0,0.0,0.0,0.0,0.0,0.0,0.0,0.0,0.0,0.0,0.0,0.0,0.0,0.0,0.0,0.0,0.0,0.0,0.0,0.0,0.0,0.0,0.0,0.0,0.0,0.0,0.0,0.0,0.0,0.0,0.0,0.0,0.0,0.0,0.0,0.0,0.0,0.0,0.0,0.0,0.0,0.0,0.0,0.0,0.0,0.0,0.0,0.0,0.0,0.0,0.0,0.0,0.0,0.0,0.0,0.0,0.0,0.0,0.0,0.0,0.0,0.0,0.0,0.0,0.0,0.0,0.0,0.0,0.0,0.0,0.0,0.0,0.0,0.0,0.0,0.0,0.0,0.0,0.0,0.0,0.0,0.0,0.0,0.0,0.0,0.0,0.0,0.0,0.0,0.0,0.0,0.0,0.0,0.0,0.0,0.0,0.0,0.0,0.0,0.0,0.0,0.0,0.0,0.0,0.0,0.0,0.0,0.0,0.0,0.0,0.0,0.0,0.0,0.0,0.0,0.0,0.0,0.0,0.0,0.0,0.0,0.0,0.0,0.0,0.0,0.0,0.0,0.0,0.0,0.0,0.0,0.0,0.0,0.0,0.0,0.0,0.0,0.0,0.0,0.0,0.0,0.0,0.0,0.0,0.0,0.0,0.0,0.0,0.0,0.0,0.0,0.0,0.0,0.0,0.0,0.0,0.0,0.0,0.0,0.0,0.0,0.0,0.0,0.0,0.0,0.0,0.0,0.0,0.0,0.0,0.0,0.0,0.0,0.0
0.869749002617783,0.0,0.0,0.0,0.0,0.0,0.0,0.0,0.0,0.0,0.0,0.0,0.0,0.0,0.0,0.0,0.0,0.0,0.0,0.0,0.0,0.0,0.0,0.0,0.0,0.0,0.0,0.0,0.0,0.0,0.0,0.0,0.0,0.0,0.0,0.0,0.0,0.0,0.0,0.0,0.0,0.0,0.0,0.0,0.0,0.0,0.0,0.0,0.0,0.0,0.0,0.0,0.0,0.0,0.0,0.0,0.0,0.0,0.0,0.0,0.0,0.0,0.0,0.0,0.0,0.0,0.0,0.0,0.0,0.0,0.0,0.0,0.0,0.0,0.0,0.0,0.0,0.0,0.0,0.0,0.0,0.0,0.0,0.0,0.0,0.0,0.0,0.0,0.0,0.0,0.0,0.0,0.0,0.0,0.0,0.0,0.0,0.0,0.0,0.0,0.0,0.0,0.0,0.0,0.0,0.0,0.0,0.0,0.0,0.0,0.0,0.0,0.0,0.0,0.0,0.0,0.0,0.0,0.0,0.0,0.0,0.0,0.0,0.0,0.0,0.0,0.0,0.0,0.0,0.0,0.0,0.0,0.0,0.0,0.0,0.0,0.0,0.0,0.0,0.0,0.0,0.0,0.0,0.0,0.0,0.0,0.0,0.0,0.0,0.0,0.0,0.0,0.0,0.0,0.0,0.0,0.0,0.0,0.0,0.0,0.0,0.0,0.0,0.0,0.0,0.0,0.0,0.0,0.0,0.0,0.0,0.0,0.0,0.0,0.0,0.0,0.0,0.0,0.0,0.0,0.0,0.0,0.0,0.0,0.0,0.0,0.0,0.0,0.0,0.0,0.0,0.0,0.0,0.0,0.0,0.0,0.0,0.0,0.0,0.0,0.0
1.0,0.0,0.0,0.0,0.0,0.0,0.0,0.0,0.0,0.0,0.0,0.0,0.0,0.0,0.0,0.0,0.0,0.0,0.0,0.0,0.0,0.0,0.0,0.0,0.0,0.0,0.0,0.0,0.0,0.0,0.0,0.0,0.0,0.0,0.0,0.0,0.0,0.0,0.0,0.0,0.0,0.0,0.0,0.0,0.0,0.0,0.0,0.0,0.0,0.0,0.0,0.0,0.0,0.0,0.0,0.0,0.0,0.0,0.0,0.0,0.0,0.0,0.0,0.0,0.0,0.0,0.0,0.0,0.0,0.0,0.0,0.0,0.0,0.0,0.0,0.0,0.0,0.0,0.0,0.0,0.0,0.0,0.0,0.0,0.0,0.0,0.0,0.0,0.0,0.0,0.0,0.0,0.0,0.0,0.0,0.0,0.0,0.0,0.0,0.0,0.0,0.0,0.0,0.0,0.0,0.0,0.0,0.0,0.0,0.0,0.0,0.0,0.0,0.0,0.0,0.0,0.0,0.0,0.0,0.0,0.0,0.0,0.0,0.0,0.0,0.0,0.0,0.0,0.0,0.0,0.0,0.0,0.0,0.0,0.0,0.0,0.0,0.0,0.0,0.0,0.0,0.0,0.0,0.0,0.0,0.0,0.0,0.0,0.0,0.0,0.0,0.0,0.0,0.0,0.0,0.0,0.0,0.0,0.0,0.0,0.0,0.0,0.0,0.0,0.0,0.0,0.0,0.0,0.0,0.0,0.0,0.0,0.0,0.0,0.0,0.0,0.0,0.0,0.0,0.0,0.0,0.0,0.0,0.0,0.0,0.0,0.0,0.0,0.0,0.0,0.0,0.0,0.0,0.0,0.0,0.0,0.0,0.0,0.0,0.0,0.0
1.14975699539774,0.0,0.0,0.0,0.0,0.0,0.0,0.0,0.0,0.0,0.0,0.0,0.0,0.0,0.0,0.0,0.0,0.0,0.0,0.0,0.0,0.0,0.0,0.0,0.0,0.0,0.0,0.0,0.0,0.0,0.0,0.0,0.0,0.0,0.0,0.0,0.0,0.0,0.0,0.0,0.0,0.0,0.0,0.0,0.0,0.0,0.0,0.0,0.0,0.0,0.0,0.0,0.0,0.0,0.0,0.0,0.0,0.0,0.0,0.0,0.0,0.0,0.0,0.0,0.0,0.0,0.0,0.0,0.0,0.0,0.0,0.0,0.0,0.0,0.0,0.0,0.0,0.0,0.0,0.0,0.0,0.0,0.0,0.0,0.0,0.0,0.0,0.0,0.0,0.0,0.0,0.0,0.0,0.0,0.0,0.0,0.0,0.0,0.0,0.0,0.0,0.0,0.0,0.0,0.0,0.0,0.0,0.0,0.0,0.0,0.0,0.0,0.0,0.0,0.0,0.0,0.0,0.0,0.0,0.0,0.0,0.0,0.0,0.0,0.0,0.0,0.0,0.0,0.0,0.0,0.0,0.0,0.0,0.0,0.0,0.0,0.0,0.0,0.0,0.0,0.0,0.0,0.0,0.0,0.0,0.0,0.0,0.0,0.0,0.0,0.0,0.0,0.0,0.0,0.0,0.0,0.0,0.0,0.0,0.0,0.0,0.0,0.0,0.0,0.0,0.0,0.0,0.0,0.0,0.0,0.0,0.0,0.0,0.0,0.0,0.0,0.0,0.0,0.0,0.0,0.0,0.0,0.0,0.0,0.0,0.0,0.0,0.0,0.0,0.0,0.0,0.0,0.0,0.0,0.0,0.0,0.0,0.0,0.0,0.0,0.0
1.32194114846603,0.0,0.0,0.0,0.0,0.0,0.0,0.0,0.0,0.0,0.0,0.0,0.0,0.0,0.0,0.0,0.0,0.0,0.0,0.0,0.0,0.0,0.0,0.0,0.0,0.0,0.0,0.0,0.0,0.0,0.0,0.0,0.0,0.0,0.0,0.0,0.0,0.0,0.0,0.0,0.0,0.0,0.0,0.0,0.0,0.0,0.0,0.0,0.0,0.0,0.0,0.0,0.0,0.0,0.0,0.0,0.0,0.0,0.0,0.0,0.0,0.0,0.0,0.0,0.0,0.0,0.0,0.0,0.0,0.0,0.0,0.0,0.0,0.0,0.0,0.0,0.0,0.0,0.0,0.0,0.0,0.0,0.0,0.0,0.0,0.0,0.0,0.0,0.0,0.0,0.0,0.0,0.0,0.0,0.0,0.0,0.0,0.0,0.0,0.0,0.0,0.0,0.0,0.0,0.0,0.0,0.0,0.0,0.0,0.0,0.0,0.0,0.0,0.0,0.0,0.0,0.0,0.0,0.0,0.0,0.0,0.0,0.0,0.0,0.0,0.0,0.0,0.0,0.0,0.0,0.0,0.0,0.0,0.0,0.0,0.0,0.0,0.0,0.0,0.0,0.0,0.0,0.0,0.0,0.0,0.0,0.0,0.0,0.0,0.0,0.0,0.0,0.0,0.0,0.0,0.0,0.0,0.0,0.0,0.0,0.0,0.0,0.0,0.0,0.0,0.0,0.0,0.0,0.0,0.0,0.0,0.0,0.0,0.0,0.0,0.0,0.0,0.0,0.0,0.0,0.0,0.0,0.0,0.0,0.0,0.0,0.0,0.0,0.0,0.0,0.0,0.0,0.0,0.0,0.0,0.0,0.0,0.0,0.0,0.0,0.0
1.51991108295293,0.0,0.0,0.0,0.0,0.0,0.0,0.0,0.0,0.0,0.0,0.0,0.0,0.0,0.0,0.0,0.0,0.0,0.0,0.0,0.0,0.0,0.0,0.0,0.0,0.0,0.0,0.0,0.0,0.0,0.0,0.0,0.0,0.0,0.0,0.0,0.0,0.0,0.0,0.0,0.0,0.0,0.0,0.0,0.0,0.0,0.0,0.0,0.0,0.0,0.0,0.0,0.0,0.0,0.0,0.0,0.0,0.0,0.0,0.0,0.0,0.0,0.0,0.0,0.0,0.0,0.0,0.0,0.0,0.0,0.0,0.0,0.0,0.0,0.0,0.0,0.0,0.0,0.0,0.0,0.0,0.0,0.0,0.0,0.0,0.0,0.0,0.0,0.0,0.0,0.0,0.0,0.0,0.0,0.0,0.0,0.0,0.0,0.0,0.0,0.0,0.0,0.0,0.0,0.0,0.0,0.0,0.0,0.0,0.0,0.0,0.0,0.0,0.0,0.0,0.0,0.0,0.0,0.0,0.0,0.0,0.0,0.0,0.0,0.0,0.0,0.0,0.0,0.0,0.0,0.0,0.0,0.0,0.0,0.0,0.0,0.0,0.0,0.0,0.0,0.0,0.0,0.0,0.0,0.0,0.0,0.0,0.0,0.0,0.0,0.0,0.0,0.0,0.0,0.0,0.0,0.0,0.0,0.0,0.0,0.0,0.0,0.0,0.0,0.0,0.0,0.0,0.0,0.0,0.0,0.0,0.0,0.0,0.0,0.0,0.0,0.0,0.0,0.0,0.0,0.0,0.0,0.0,0.0,0.0,0.0,0.0,0.0,0.0,0.0,0.0,0.0,0.0,0.0,0.0,0.0,0.0,0.0,0.0,0.0,0.0
1.74752840000768,0.0,0.0,0.0,0.0,0.0,0.0,0.0,0.0,0.0,0.0,0.0,0.0,0.0,0.0,0.0,0.0,0.0,0.0,0.0,0.0,0.0,0.0,0.0,0.0,0.0,0.0,0.0,0.0,0.0,0.0,0.0,0.0,0.0,0.0,0.0,0.0,0.0,0.0,0.0,0.0,0.0,0.0,0.0,0.0,0.0,0.0,0.0,0.0,0.0,0.0,0.0,0.0,0.0,0.0,0.0,0.0,0.0,0.0,0.0,0.0,0.0,0.0,0.0,0.0,0.0,0.0,0.0,0.0,0.0,0.0,0.0,0.0,0.0,0.0,0.0,0.0,0.0,0.0,0.0,0.0,0.0,0.0,0.0,0.0,0.0,0.0,0.0,0.0,0.0,0.0,0.0,0.0,0.0,0.0,0.0,0.0,0.0,0.0,0.0,0.0,0.0,0.0,0.0,0.0,0.0,0.0,0.0,0.0,0.0,0.0,0.0,0.0,0.0,0.0,0.0,0.0,0.0,0.0,0.0,0.0,0.0,0.0,0.0,0.0,0.0,0.0,0.0,0.0,0.0,0.0,0.0,0.0,0.0,0.0,0.0,0.0,0.0,0.0,0.0,0.0,0.0,0.0,0.0,0.0,0.0,0.0,0.0,0.0,0.0,0.0,0.0,0.0,0.0,0.0,0.0,0.0,0.0,0.0,0.0,0.0,0.0,0.0,0.0,0.0,0.0,0.0,0.0,0.0,0.0,0.0,0.0,0.0,0.0,0.0,0.0,0.0,0.0,0.0,0.0,0.0,0.0,0.0,0.0,0.0,0.0,0.0,0.0,0.0,0.0,0.0,0.0,0.0,0.0,0.0,0.0,0.0,0.0,0.0,0.0,0.0
2.00923300256505,0.0,0.0,0.0,0.0,0.0,0.0,0.0,0.0,0.0,0.0,0.0,0.0,0.0,0.0,0.0,0.0,0.0,0.0,0.0,0.0,0.0,0.0,0.0,0.0,0.0,0.0,0.0,0.0,0.0,0.0,0.0,0.0,0.0,0.0,0.0,0.0,0.0,0.0,0.0,0.0,0.0,0.0,0.0,0.0,0.0,0.0,0.0,0.0,0.0,0.0,0.0,0.0,0.0,0.0,0.0,0.0,0.0,0.0,0.0,0.0,0.0,0.0,0.0,0.0,0.0,0.0,0.0,0.0,0.0,0.0,0.0,0.0,0.0,0.0,0.0,0.0,0.0,0.0,0.0,0.0,0.0,0.0,0.0,0.0,0.0,0.0,0.0,0.0,0.0,0.0,0.0,0.0,0.0,0.0,0.0,0.0,0.0,0.0,0.0,0.0,0.0,0.0,0.0,0.0,0.0,0.0,0.0,0.0,0.0,0.0,0.0,0.0,0.0,0.0,0.0,0.0,0.0,0.0,0.0,0.0,0.0,0.0,0.0,0.0,0.0,0.0,0.0,0.0,0.0,0.0,0.0,0.0,0.0,0.0,0.0,0.0,0.0,0.0,0.0,0.0,0.0,0.0,0.0,0.0,0.0,0.0,0.0,0.0,0.0,0.0,0.0,0.0,0.0,0.0,0.0,0.0,0.0,0.0,0.0,0.0,0.0,0.0,0.0,0.0,0.0,0.0,0.0,0.0,0.0,0.0,0.0,0.0,0.0,0.0,0.0,0.0,0.0,0.0,0.0,0.0,0.0,0.0,0.0,0.0,0.0,0.0,0.0,0.0,0.0,0.0,0.0,0.0,0.0,0.0,0.0,0.0,0.0,0.0,0.0,0.0
2.31012970008316,0.0,0.0,0.0,0.0,0.0,0.0,0.0,0.0,0.0,0.0,0.0,0.0,0.0,0.0,0.0,0.0,0.0,0.0,0.0,0.0,0.0,0.0,0.0,0.0,0.0,0.0,0.0,0.0,0.0,0.0,0.0,0.0,0.0,0.0,0.0,0.0,0.0,0.0,0.0,0.0,0.0,0.0,0.0,0.0,0.0,0.0,0.0,0.0,0.0,0.0,0.0,0.0,0.0,0.0,0.0,0.0,0.0,0.0,0.0,0.0,0.0,0.0,0.0,0.0,0.0,0.0,0.0,0.0,0.0,0.0,0.0,0.0,0.0,0.0,0.0,0.0,0.0,0.0,0.0,0.0,0.0,0.0,0.0,0.0,0.0,0.0,0.0,0.0,0.0,0.0,0.0,0.0,0.0,0.0,0.0,0.0,0.0,0.0,0.0,0.0,0.0,0.0,0.0,0.0,0.0,0.0,0.0,0.0,0.0,0.0,0.0,0.0,0.0,0.0,0.0,0.0,0.0,0.0,0.0,0.0,0.0,0.0,0.0,0.0,0.0,0.0,0.0,0.0,0.0,0.0,0.0,0.0,0.0,0.0,0.0,0.0,0.0,0.0,0.0,0.0,0.0,0.0,0.0,0.0,0.0,0.0,0.0,0.0,0.0,0.0,0.0,0.0,0.0,0.0,0.0,0.0,0.0,0.0,0.0,0.0,0.0,0.0,0.0,0.0,0.0,0.0,0.0,0.0,0.0,0.0,0.0,0.0,0.0,0.0,0.0,0.0,0.0,0.0,0.0,0.0,0.0,0.0,0.0,0.0,0.0,0.0,0.0,0.0,0.0,0.0,0.0,0.0,0.0,0.0,0.0,0.0,0.0,0.0,0.0,0.0
2.65608778294669,0.0,0.0,0.0,0.0,0.0,0.0,0.0,0.0,0.0,0.0,0.0,0.0,0.0,0.0,0.0,0.0,0.0,0.0,0.0,0.0,0.0,0.0,0.0,0.0,0.0,0.0,0.0,0.0,0.0,0.0,0.0,0.0,0.0,0.0,0.0,0.0,0.0,0.0,0.0,0.0,0.0,0.0,0.0,0.0,0.0,0.0,0.0,0.0,0.0,0.0,0.0,0.0,0.0,0.0,0.0,0.0,0.0,0.0,0.0,0.0,0.0,0.0,0.0,0.0,0.0,0.0,0.0,0.0,0.0,0.0,0.0,0.0,0.0,0.0,0.0,0.0,0.0,0.0,0.0,0.0,0.0,0.0,0.0,0.0,0.0,0.0,0.0,0.0,0.0,0.0,0.0,0.0,0.0,0.0,0.0,0.0,0.0,0.0,0.0,0.0,0.0,0.0,0.0,0.0,0.0,0.0,0.0,0.0,0.0,0.0,0.0,0.0,0.0,0.0,0.0,0.0,0.0,0.0,0.0,0.0,0.0,0.0,0.0,0.0,0.0,0.0,0.0,0.0,0.0,0.0,0.0,0.0,0.0,0.0,0.0,0.0,0.0,0.0,0.0,0.0,0.0,0.0,0.0,0.0,0.0,0.0,0.0,0.0,0.0,0.0,0.0,0.0,0.0,0.0,0.0,0.0,0.0,0.0,0.0,0.0,0.0,0.0,0.0,0.0,0.0,0.0,0.0,0.0,0.0,0.0,0.0,0.0,0.0,0.0,0.0,0.0,0.0,0.0,0.0,0.0,0.0,0.0,0.0,0.0,0.0,0.0,0.0,0.0,0.0,0.0,0.0,0.0,0.0,0.0,0.0,0.0,0.0,0.0,0.0,0.0
3.05385550883342,0.0,0.0,0.0,0.0,0.0,0.0,0.0,0.0,0.0,0.0,0.0,0.0,0.0,0.0,0.0,0.0,0.0,0.0,0.0,0.0,0.0,0.0,0.0,0.0,0.0,0.0,0.0,0.0,0.0,0.0,0.0,0.0,0.0,0.0,0.0,0.0,0.0,0.0,0.0,0.0,0.0,0.0,0.0,0.0,0.0,0.0,0.0,0.0,0.0,0.0,0.0,0.0,0.0,0.0,0.0,0.0,0.0,0.0,0.0,0.0,0.0,0.0,0.0,0.0,0.0,0.0,0.0,0.0,0.0,0.0,0.0,0.0,0.0,0.0,0.0,0.0,0.0,0.0,0.0,0.0,0.0,0.0,0.0,0.0,0.0,0.0,0.0,0.0,0.0,0.0,0.0,0.0,0.0,0.0,0.0,0.0,0.0,0.0,0.0,0.0,0.0,0.0,0.0,0.0,0.0,0.0,0.0,0.0,0.0,0.0,0.0,0.0,0.0,0.0,0.0,0.0,0.0,0.0,0.0,0.0,0.0,0.0,0.0,0.0,0.0,0.0,0.0,0.0,0.0,0.0,0.0,0.0,0.0,0.0,0.0,0.0,0.0,0.0,0.0,0.0,0.0,0.0,0.0,0.0,0.0,0.0,0.0,0.0,0.0,0.0,0.0,0.0,0.0,0.0,0.0,0.0,0.0,0.0,0.0,0.0,0.0,0.0,0.0,0.0,0.0,0.0,0.0,0.0,0.0,0.0,0.0,0.0,0.0,0.0,0.0,0.0,0.0,0.0,0.0,0.0,0.0,0.0,0.0,0.0,0.0,0.0,0.0,0.0,0.0,0.0,0.0,0.0,0.0,0.0,0.0,0.0,0.0,0.0,0.0,0.0
3.51119173421513,0.0,0.0,0.0,0.0,0.0,0.0,0.0,0.0,0.0,0.0,0.0,0.0,0.0,0.0,0.0,0.0,0.0,0.0,0.0,0.0,0.0,0.0,0.0,0.0,0.0,0.0,0.0,0.0,0.0,0.0,0.0,0.0,0.0,0.0,0.0,0.0,0.0,0.0,0.0,0.0,0.0,0.0,0.0,0.0,0.0,0.0,0.0,0.0,0.0,0.0,0.0,0.0,0.0,0.0,0.0,0.0,0.0,0.0,0.0,0.0,0.0,0.0,0.0,0.0,0.0,0.0,0.0,0.0,0.0,0.0,0.0,0.0,0.0,0.0,0.0,0.0,0.0,0.0,0.0,0.0,0.0,0.0,0.0,0.0,0.0,0.0,0.0,0.0,0.0,0.0,0.0,0.0,0.0,0.0,0.0,0.0,0.0,0.0,0.0,0.0,0.0,0.0,0.0,0.0,0.0,0.0,0.0,0.0,0.0,0.0,0.0,0.0,0.0,0.0,0.0,0.0,0.0,0.0,0.0,0.0,0.0,0.0,0.0,0.0,0.0,0.0,0.0,0.0,0.0,0.0,0.0,0.0,0.0,0.0,0.0,0.0,0.0,0.0,0.0,0.0,0.0,0.0,0.0,0.0,0.0,0.0,0.0,0.0,0.0,0.0,0.0,0.0,0.0,0.0,0.0,0.0,0.0,0.0,0.0,0.0,0.0,0.0,0.0,0.0,0.0,0.0,0.0,0.0,0.0,0.0,0.0,0.0,0.0,0.0,0.0,0.0,0.0,0.0,0.0,0.0,0.0,0.0,0.0,0.0,0.0,0.0,0.0,0.0,0.0,0.0,0.0,0.0,0.0,0.0,0.0,0.0,0.0,0.0,0.0,0.0
4.03701725859656,0.0,0.0,0.0,0.0,0.0,0.0,0.0,0.0,0.0,0.0,0.0,0.0,0.0,0.0,0.0,0.0,0.0,0.0,0.0,0.0,0.0,0.0,0.0,0.0,0.0,0.0,0.0,0.0,0.0,0.0,0.0,0.0,0.0,0.0,0.0,0.0,0.0,0.0,0.0,0.0,0.0,0.0,0.0,0.0,0.0,0.0,0.0,0.0,0.0,0.0,0.0,0.0,0.0,0.0,0.0,0.0,0.0,0.0,0.0,0.0,0.0,0.0,0.0,0.0,0.0,0.0,0.0,0.0,0.0,0.0,0.0,0.0,0.0,0.0,0.0,0.0,0.0,0.0,0.0,0.0,0.0,0.0,0.0,0.0,0.0,0.0,0.0,0.0,0.0,0.0,0.0,0.0,0.0,0.0,0.0,0.0,0.0,0.0,0.0,0.0,0.0,0.0,0.0,0.0,0.0,0.0,0.0,0.0,0.0,0.0,0.0,0.0,0.0,0.0,0.0,0.0,0.0,0.0,0.0,0.0,0.0,0.0,0.0,0.0,0.0,0.0,0.0,0.0,0.0,0.0,0.0,0.0,0.0,0.0,0.0,0.0,0.0,0.0,0.0,0.0,0.0,0.0,0.0,0.0,0.0,0.0,0.0,0.0,0.0,0.0,0.0,0.0,0.0,0.0,0.0,0.0,0.0,0.0,0.0,0.0,0.0,0.0,0.0,0.0,0.0,0.0,0.0,0.0,0.0,0.0,0.0,0.0,0.0,0.0,0.0,0.0,0.0,0.0,0.0,0.0,0.0,0.0,0.0,0.0,0.0,0.0,0.0,0.0,0.0,0.0,0.0,0.0,0.0,0.0,0.0,0.0,0.0,0.0,0.0,0.0
4.64158883361278,0.0,0.0,0.0,0.0,0.0,0.0,0.0,0.0,0.0,0.0,0.0,0.0,0.0,0.0,0.0,0.0,0.0,0.0,0.0,0.0,0.0,0.0,0.0,0.0,0.0,0.0,0.0,0.0,0.0,0.0,0.0,0.0,0.0,0.0,0.0,0.0,0.0,0.0,0.0,0.0,0.0,0.0,0.0,0.0,0.0,0.0,0.0,0.0,0.0,0.0,0.0,0.0,0.0,0.0,0.0,0.0,0.0,0.0,0.0,0.0,0.0,0.0,0.0,0.0,0.0,0.0,0.0,0.0,0.0,0.0,0.0,0.0,0.0,0.0,0.0,0.0,0.0,0.0,0.0,0.0,0.0,0.0,0.0,0.0,0.0,0.0,0.0,0.0,0.0,0.0,0.0,0.0,0.0,0.0,0.0,0.0,0.0,0.0,0.0,0.0,0.0,0.0,0.0,0.0,0.0,0.0,0.0,0.0,0.0,0.0,0.0,0.0,0.0,0.0,0.0,0.0,0.0,0.0,0.0,0.0,0.0,0.0,0.0,0.0,0.0,0.0,0.0,0.0,0.0,0.0,0.0,0.0,0.0,0.0,0.0,0.0,0.0,0.0,0.0,0.0,0.0,0.0,0.0,0.0,0.0,0.0,0.0,0.0,0.0,0.0,0.0,0.0,0.0,0.0,0.0,0.0,0.0,0.0,0.0,0.0,0.0,0.0,0.0,0.0,0.0,0.0,0.0,0.0,0.0,0.0,0.0,0.0,0.0,0.0,0.0,0.0,0.0,0.0,0.0,0.0,0.0,0.0,0.0,0.0,0.0,0.0,0.0,0.0,0.0,0.0,0.0,0.0,0.0,0.0,0.0,0.0,0.0,0.0,0.0,0.0
5.33669923120631,0.0,0.0,0.0,0.0,0.0,0.0,0.0,0.0,0.0,0.0,0.0,0.0,0.0,0.0,0.0,0.0,0.0,0.0,0.0,0.0,0.0,0.0,0.0,0.0,0.0,0.0,0.0,0.0,0.0,0.0,0.0,0.0,0.0,0.0,0.0,0.0,0.0,0.0,0.0,0.0,0.0,0.0,0.0,0.0,0.0,0.0,0.0,0.0,0.0,0.0,0.0,0.0,0.0,0.0,0.0,0.0,0.0,0.0,0.0,0.0,0.0,0.0,0.0,0.0,0.0,0.0,0.0,0.0,0.0,0.0,0.0,0.0,0.0,0.0,0.0,0.0,0.0,0.0,0.0,0.0,0.0,0.0,0.0,0.0,0.0,0.0,0.0,0.0,0.0,0.0,0.0,0.0,0.0,0.0,0.0,0.0,0.0,0.0,0.0,0.0,0.0,0.0,0.0,0.0,0.0,0.0,0.0,0.0,0.0,0.0,0.0,0.0,0.0,0.0,0.0,0.0,0.0,0.0,0.0,0.0,0.0,0.0,0.0,0.0,0.0,0.0,0.0,0.0,0.0,0.0,0.0,0.0,0.0,0.0,0.0,0.0,0.0,0.0,0.0,0.0,0.0,0.0,0.0,0.0,0.0,0.0,0.0,0.0,0.0,0.0,0.0,0.0,0.0,0.0,0.0,0.0,0.0,0.0,0.0,0.0,0.0,0.0,0.0,0.0,0.0,0.0,0.0,0.0,0.0,0.0,0.0,0.0,0.0,0.0,0.0,0.0,0.0,0.0,0.0,0.0,0.0,0.0,0.0,0.0,0.0,0.0,0.0,0.0,0.0,0.0,0.0,0.0,0.0,0.0,0.0,0.0,0.0,0.0,0.0,0.0
6.13590727341318,0.0,0.0,0.0,0.0,0.0,0.0,0.0,0.0,0.0,0.0,0.0,0.0,0.0,0.0,0.0,0.0,0.0,0.0,0.0,0.0,0.0,0.0,0.0,0.0,0.0,0.0,0.0,0.0,0.0,0.0,0.0,0.0,0.0,0.0,0.0,0.0,0.0,0.0,0.0,0.0,0.0,0.0,0.0,0.0,0.0,0.0,0.0,0.0,0.0,0.0,0.0,0.0,0.0,0.0,0.0,0.0,0.0,0.0,0.0,0.0,0.0,0.0,0.0,0.0,0.0,0.0,0.0,0.0,0.0,0.0,0.0,0.0,0.0,0.0,0.0,0.0,0.0,0.0,0.0,0.0,0.0,0.0,0.0,0.0,0.0,0.0,0.0,0.0,0.0,0.0,0.0,0.0,0.0,0.0,0.0,0.0,0.0,0.0,0.0,0.0,0.0,0.0,0.0,0.0,0.0,0.0,0.0,0.0,0.0,0.0,0.0,0.0,0.0,0.0,0.0,0.0,0.0,0.0,0.0,0.0,0.0,0.0,0.0,0.0,0.0,0.0,0.0,0.0,0.0,0.0,0.0,0.0,0.0,0.0,0.0,0.0,0.0,0.0,0.0,0.0,0.0,0.0,0.0,0.0,0.0,0.0,0.0,0.0,0.0,0.0,0.0,0.0,0.0,0.0,0.0,0.0,0.0,0.0,0.0,0.0,0.0,0.0,0.0,0.0,0.0,0.0,0.0,0.0,0.0,0.0,0.0,0.0,0.0,0.0,0.0,0.0,0.0,0.0,0.0,0.0,0.0,0.0,0.0,0.0,0.0,0.0,0.0,0.0,0.0,0.0,0.0,0.0,0.0,0.0,0.0,0.0,0.0,0.0,0.0,0.0
7.05480231071865,0.0,0.0,0.0,0.0,0.0,0.0,0.0,0.0,0.0,0.0,0.0,0.0,0.0,0.0,0.0,0.0,0.0,0.0,0.0,0.0,0.0,0.0,0.0,0.0,0.0,0.0,0.0,0.0,0.0,0.0,0.0,0.0,0.0,0.0,0.0,0.0,0.0,0.0,0.0,0.0,0.0,0.0,0.0,0.0,0.0,0.0,0.0,0.0,0.0,0.0,0.0,0.0,0.0,0.0,0.0,0.0,0.0,0.0,0.0,0.0,0.0,0.0,0.0,0.0,0.0,0.0,0.0,0.0,0.0,0.0,0.0,0.0,0.0,0.0,0.0,0.0,0.0,0.0,0.0,0.0,0.0,0.0,0.0,0.0,0.0,0.0,0.0,0.0,0.0,0.0,0.0,0.0,0.0,0.0,0.0,0.0,0.0,0.0,0.0,0.0,0.0,0.0,0.0,0.0,0.0,0.0,0.0,0.0,0.0,0.0,0.0,0.0,0.0,0.0,0.0,0.0,0.0,0.0,0.0,0.0,0.0,0.0,0.0,0.0,0.0,0.0,0.0,0.0,0.0,0.0,0.0,0.0,0.0,0.0,0.0,0.0,0.0,0.0,0.0,0.0,0.0,0.0,0.0,0.0,0.0,0.0,0.0,0.0,0.0,0.0,0.0,0.0,0.0,0.0,0.0,0.0,0.0,0.0,0.0,0.0,0.0,0.0,0.0,0.0,0.0,0.0,0.0,0.0,0.0,0.0,0.0,0.0,0.0,0.0,0.0,0.0,0.0,0.0,0.0,0.0,0.0,0.0,0.0,0.0,0.0,0.0,0.0,0.0,0.0,0.0,0.0,0.0,0.0,0.0,0.0,0.0,0.0,0.0,0.0,0.0
8.11130830789687,0.0,0.0,0.0,0.0,0.0,0.0,0.0,0.0,0.0,0.0,0.0,0.0,0.0,0.0,0.0,0.0,0.0,0.0,0.0,0.0,0.0,0.0,0.0,0.0,0.0,0.0,0.0,0.0,0.0,0.0,0.0,0.0,0.0,0.0,0.0,0.0,0.0,0.0,0.0,0.0,0.0,0.0,0.0,0.0,0.0,0.0,0.0,0.0,0.0,0.0,0.0,0.0,0.0,0.0,0.0,0.0,0.0,0.0,0.0,0.0,0.0,0.0,0.0,0.0,0.0,0.0,0.0,0.0,0.0,0.0,0.0,0.0,0.0,0.0,0.0,0.0,0.0,0.0,0.0,0.0,0.0,0.0,0.0,0.0,0.0,0.0,0.0,0.0,0.0,0.0,0.0,0.0,0.0,0.0,0.0,0.0,0.0,0.0,0.0,0.0,0.0,0.0,0.0,0.0,0.0,0.0,0.0,0.0,0.0,0.0,0.0,0.0,0.0,0.0,0.0,0.0,0.0,0.0,0.0,0.0,0.0,0.0,0.0,0.0,0.0,0.0,0.0,0.0,0.0,0.0,0.0,0.0,0.0,0.0,0.0,0.0,0.0,0.0,0.0,0.0,0.0,0.0,0.0,0.0,0.0,0.0,0.0,0.0,0.0,0.0,0.0,0.0,0.0,0.0,0.0,0.0,0.0,0.0,0.0,0.0,0.0,0.0,0.0,0.0,0.0,0.0,0.0,0.0,0.0,0.0,0.0,0.0,0.0,0.0,0.0,0.0,0.0,0.0,0.0,0.0,0.0,0.0,0.0,0.0,0.0,0.0,0.0,0.0,0.0,0.0,0.0,0.0,0.0,0.0,0.0,0.0,0.0,0.0,0.0,0.0
9.3260334688322,0.0,0.0,0.0,0.0,0.0,0.0,0.0,0.0,0.0,0.0,0.0,0.0,0.0,0.0,0.0,0.0,0.0,0.0,0.0,0.0,0.0,0.0,0.0,0.0,0.0,0.0,0.0,0.0,0.0,0.0,0.0,0.0,0.0,0.0,0.0,0.0,0.0,0.0,0.0,0.0,0.0,0.0,0.0,0.0,0.0,0.0,0.0,0.0,0.0,0.0,0.0,0.0,0.0,0.0,0.0,0.0,0.0,0.0,0.0,0.0,0.0,0.0,0.0,0.0,0.0,0.0,0.0,0.0,0.0,0.0,0.0,0.0,0.0,0.0,0.0,0.0,0.0,0.0,0.0,0.0,0.0,0.0,0.0,0.0,0.0,0.0,0.0,0.0,0.0,0.0,0.0,0.0,0.0,0.0,0.0,0.0,0.0,0.0,0.0,0.0,0.0,0.0,0.0,0.0,0.0,0.0,0.0,0.0,0.0,0.0,0.0,0.0,0.0,0.0,0.0,0.0,0.0,0.0,0.0,0.0,0.0,0.0,0.0,0.0,0.0,0.0,0.0,0.0,0.0,0.0,0.0,0.0,0.0,0.0,0.0,0.0,0.0,0.0,0.0,0.0,0.0,0.0,0.0,0.0,0.0,0.0,0.0,0.0,0.0,0.0,0.0,0.0,0.0,0.0,0.0,0.0,0.0,0.0,0.0,0.0,0.0,0.0,0.0,0.0,0.0,0.0,0.0,0.0,0.0,0.0,0.0,0.0,0.0,0.0,0.0,0.0,0.0,0.0,0.0,0.0,0.0,0.0,0.0,0.0,0.0,0.0,0.0,0.0,0.0,0.0,0.0,0.0,0.0,0.0,0.0,0.0,0.0,0.0,0.0,0.0
10.7226722201032,0.0,0.0,0.0,0.0,0.0,0.0,0.0,0.0,0.0,0.0,0.0,0.0,0.0,0.0,0.0,0.0,0.0,0.0,0.0,0.0,0.0,0.0,0.0,0.0,0.0,0.0,0.0,0.0,0.0,0.0,0.0,0.0,0.0,0.0,0.0,0.0,0.0,0.0,0.0,0.0,0.0,0.0,0.0,0.0,0.0,0.0,0.0,0.0,0.0,0.0,0.0,0.0,0.0,0.0,0.0,0.0,0.0,0.0,0.0,0.0,0.0,0.0,0.0,0.0,0.0,0.0,0.0,0.0,0.0,0.0,0.0,0.0,0.0,0.0,0.0,0.0,0.0,0.0,0.0,0.0,0.0,0.0,0.0,0.0,0.0,0.0,0.0,0.0,0.0,0.0,0.0,0.0,0.0,0.0,0.0,0.0,0.0,0.0,0.0,0.0,0.0,0.0,0.0,0.0,0.0,0.0,0.0,0.0,0.0,0.0,0.0,0.0,0.0,0.0,0.0,0.0,0.0,0.0,0.0,0.0,0.0,0.0,0.0,0.0,0.0,0.0,0.0,0.0,0.0,0.0,0.0,0.0,0.0,0.0,0.0,0.0,0.0,0.0,0.0,0.0,0.0,0.0,0.0,0.0,0.0,0.0,0.0,0.0,0.0,0.0,0.0,0.0,0.0,0.0,0.0,0.0,0.0,0.0,0.0,0.0,0.0,0.0,0.0,0.0,0.0,0.0,0.0,0.0,0.0,0.0,0.0,0.0,0.0,0.0,0.0,0.0,0.0,0.0,0.0,0.0,0.0,0.0,0.0,0.0,0.0,0.0,0.0,0.0,0.0,0.0,0.0,0.0,0.0,0.0,0.0,0.0,0.0,0.0,0.0,0.0
12.3284673944207,0.0,0.0,0.0,0.0,0.0,0.0,0.0,0.0,0.0,0.0,0.0,0.0,0.0,0.0,0.0,0.0,0.0,0.0,0.0,0.0,0.0,0.0,0.0,0.0,0.0,0.0,0.0,0.0,0.0,0.0,0.0,0.0,0.0,0.0,0.0,0.0,0.0,0.0,0.0,0.0,0.0,0.0,0.0,0.0,0.0,0.0,0.0,0.0,0.0,0.0,0.0,0.0,0.0,0.0,0.0,0.0,0.0,0.0,0.0,0.0,0.0,0.0,0.0,0.0,0.0,0.0,0.0,0.0,0.0,0.0,0.0,0.0,0.0,0.0,0.0,0.0,0.0,0.0,0.0,0.0,0.0,0.0,0.0,0.0,0.0,0.0,0.0,0.0,0.0,0.0,0.0,0.0,0.0,0.0,0.0,0.0,0.0,0.0,0.0,0.0,0.0,0.0,0.0,0.0,0.0,0.0,0.0,0.0,0.0,0.0,0.0,0.0,0.0,0.0,0.0,0.0,0.0,0.0,0.0,0.0,0.0,0.0,0.0,0.0,0.0,0.0,0.0,0.0,0.0,0.0,0.0,0.0,0.0,0.0,0.0,0.0,0.0,0.0,0.0,0.0,0.0,0.0,0.0,0.0,0.0,0.0,0.0,0.0,0.0,0.0,0.0,0.0,0.0,0.0,0.0,0.0,0.0,0.0,0.0,0.0,0.0,0.0,0.0,0.0,0.0,0.0,0.0,0.0,0.0,0.0,0.0,0.0,0.0,0.0,0.0,0.0,0.0,0.0,0.0,0.0,0.0,0.0,0.0,0.0,0.0,0.0,0.0,0.0,0.0,0.0,0.0,0.0,0.0,0.0,0.0,0.0,0.0,0.0,0.0,0.0
14.174741629268,0.0,0.0,0.0,0.0,0.0,0.0,0.0,0.0,0.0,0.0,0.0,0.0,0.0,0.0,0.0,0.0,0.0,0.0,0.0,0.0,0.0,0.0,0.0,0.0,0.0,0.0,0.0,0.0,0.0,0.0,0.0,0.0,0.0,0.0,0.0,0.0,0.0,0.0,0.0,0.0,0.0,0.0,0.0,0.0,0.0,0.0,0.0,0.0,0.0,0.0,0.0,0.0,0.0,0.0,0.0,0.0,0.0,0.0,0.0,0.0,0.0,0.0,0.0,0.0,0.0,0.0,0.0,0.0,0.0,0.0,0.0,0.0,0.0,0.0,0.0,0.0,0.0,0.0,0.0,0.0,0.0,0.0,0.0,0.0,0.0,0.0,0.0,0.0,0.0,0.0,0.0,0.0,0.0,0.0,0.0,0.0,0.0,0.0,0.0,0.0,0.0,0.0,0.0,0.0,0.0,0.0,0.0,0.0,0.0,0.0,0.0,0.0,0.0,0.0,0.0,0.0,0.0,0.0,0.0,0.0,0.0,0.0,0.0,0.0,0.0,0.0,0.0,0.0,0.0,0.0,0.0,0.0,0.0,0.0,0.0,0.0,0.0,0.0,0.0,0.0,0.0,0.0,0.0,0.0,0.0,0.0,0.0,0.0,0.0,0.0,0.0,0.0,0.0,0.0,0.0,0.0,0.0,0.0,0.0,0.0,0.0,0.0,0.0,0.0,0.0,0.0,0.0,0.0,0.0,0.0,0.0,0.0,0.0,0.0,0.0,0.0,0.0,0.0,0.0,0.0,0.0,0.0,0.0,0.0,0.0,0.0,0.0,0.0,0.0,0.0,0.0,0.0,0.0,0.0,0.0,0.0,0.0,0.0,0.0,0.0
16.2975083462064,0.0,0.0,0.0,0.0,0.0,0.0,0.0,0.0,0.0,0.0,0.0,0.0,0.0,0.0,0.0,0.0,0.0,0.0,0.0,0.0,0.0,0.0,0.0,0.0,0.0,0.0,0.0,0.0,0.0,0.0,0.0,0.0,0.0,0.0,0.0,0.0,0.0,0.0,0.0,0.0,0.0,0.0,0.0,0.0,0.0,0.0,0.0,0.0,0.0,0.0,0.0,0.0,0.0,0.0,0.0,0.0,0.0,0.0,0.0,0.0,0.0,0.0,0.0,0.0,0.0,0.0,0.0,0.0,0.0,0.0,0.0,0.0,0.0,0.0,0.0,0.0,0.0,0.0,0.0,0.0,0.0,0.0,0.0,0.0,0.0,0.0,0.0,0.0,0.0,0.0,0.0,0.0,0.0,0.0,0.0,0.0,0.0,0.0,0.0,0.0,0.0,0.0,0.0,0.0,0.0,0.0,0.0,0.0,0.0,0.0,0.0,0.0,0.0,0.0,0.0,0.0,0.0,0.0,0.0,0.0,0.0,0.0,0.0,0.0,0.0,0.0,0.0,0.0,0.0,0.0,0.0,0.0,0.0,0.0,0.0,0.0,0.0,0.0,0.0,0.0,0.0,0.0,0.0,0.0,0.0,0.0,0.0,0.0,0.0,0.0,0.0,0.0,0.0,0.0,0.0,0.0,0.0,0.0,0.0,0.0,0.0,0.0,0.0,0.0,0.0,0.0,0.0,0.0,0.0,0.0,0.0,0.0,0.0,0.0,0.0,0.0,0.0,0.0,0.0,0.0,0.0,0.0,0.0,0.0,0.0,0.0,0.0,0.0,0.0,0.0,0.0,0.0,0.0,0.0,0.0,0.0,0.0,0.0,0.0,0.0
18.7381742286038,0.0,0.0,0.0,0.0,0.0,0.0,0.0,0.0,0.0,0.0,0.0,0.0,0.0,0.0,0.0,0.0,0.0,0.0,0.0,0.0,0.0,0.0,0.0,0.0,0.0,0.0,0.0,0.0,0.0,0.0,0.0,0.0,0.0,0.0,0.0,0.0,0.0,0.0,0.0,0.0,0.0,0.0,0.0,0.0,0.0,0.0,0.0,0.0,0.0,0.0,0.0,0.0,0.0,0.0,0.0,0.0,0.0,0.0,0.0,0.0,0.0,0.0,0.0,0.0,0.0,0.0,0.0,0.0,0.0,0.0,0.0,0.0,0.0,0.0,0.0,0.0,0.0,0.0,0.0,0.0,0.0,0.0,0.0,0.0,0.0,0.0,0.0,0.0,0.0,0.0,0.0,0.0,0.0,0.0,0.0,0.0,0.0,0.0,0.0,0.0,0.0,0.0,0.0,0.0,0.0,0.0,0.0,0.0,0.0,0.0,0.0,0.0,0.0,0.0,0.0,0.0,0.0,0.0,0.0,0.0,0.0,0.0,0.0,0.0,0.0,0.0,0.0,0.0,0.0,0.0,0.0,0.0,0.0,0.0,0.0,0.0,0.0,0.0,0.0,0.0,0.0,0.0,0.0,0.0,0.0,0.0,0.0,0.0,0.0,0.0,0.0,0.0,0.0,0.0,0.0,0.0,0.0,0.0,0.0,0.0,0.0,0.0,0.0,0.0,0.0,0.0,0.0,0.0,0.0,0.0,0.0,0.0,0.0,0.0,0.0,0.0,0.0,0.0,0.0,0.0,0.0,0.0,0.0,0.0,0.0,0.0,0.0,0.0,0.0,0.0,0.0,0.0,0.0,0.0,0.0,0.0,0.0,0.0,0.0,0.0
21.5443469003189,0.0,0.0,0.0,0.0,0.0,0.0,0.0,0.0,0.0,0.0,0.0,0.0,0.0,0.0,0.0,0.0,0.0,0.0,0.0,0.0,0.0,0.0,0.0,0.0,0.0,0.0,0.0,0.0,0.0,0.0,0.0,0.0,0.0,0.0,0.0,0.0,0.0,0.0,0.0,0.0,0.0,0.0,0.0,0.0,0.0,0.0,0.0,0.0,0.0,0.0,0.0,0.0,0.0,0.0,0.0,0.0,0.0,0.0,0.0,0.0,0.0,0.0,0.0,0.0,0.0,0.0,0.0,0.0,0.0,0.0,0.0,0.0,0.0,0.0,0.0,0.0,0.0,0.0,0.0,0.0,0.0,0.0,0.0,0.0,0.0,0.0,0.0,0.0,0.0,0.0,0.0,0.0,0.0,0.0,0.0,0.0,0.0,0.0,0.0,0.0,0.0,0.0,0.0,0.0,0.0,0.0,0.0,0.0,0.0,0.0,0.0,0.0,0.0,0.0,0.0,0.0,0.0,0.0,0.0,0.0,0.0,0.0,0.0,0.0,0.0,0.0,0.0,0.0,0.0,0.0,0.0,0.0,0.0,0.0,0.0,0.0,0.0,0.0,0.0,0.0,0.0,0.0,0.0,0.0,0.0,0.0,0.0,0.0,0.0,0.0,0.0,0.0,0.0,0.0,0.0,0.0,0.0,0.0,0.0,0.0,0.0,0.0,0.0,0.0,0.0,0.0,0.0,0.0,0.0,0.0,0.0,0.0,0.0,0.0,0.0,0.0,0.0,0.0,0.0,0.0,0.0,0.0,0.0,0.0,0.0,0.0,0.0,0.0,0.0,0.0,0.0,0.0,0.0,0.0,0.0,0.0,0.0,0.0,0.0,0.0
24.7707635599171,0.0,0.0,0.0,0.0,0.0,0.0,0.0,0.0,0.0,0.0,0.0,0.0,0.0,0.0,0.0,0.0,0.0,0.0,0.0,0.0,0.0,0.0,0.0,0.0,0.0,0.0,0.0,0.0,0.0,0.0,0.0,0.0,0.0,0.0,0.0,0.0,0.0,0.0,0.0,0.0,0.0,0.0,0.0,0.0,0.0,0.0,0.0,0.0,0.0,0.0,0.0,0.0,0.0,0.0,0.0,0.0,0.0,0.0,0.0,0.0,0.0,0.0,0.0,0.0,0.0,0.0,0.0,0.0,0.0,0.0,0.0,0.0,0.0,0.0,0.0,0.0,0.0,0.0,0.0,0.0,0.0,0.0,0.0,0.0,0.0,0.0,0.0,0.0,0.0,0.0,0.0,0.0,0.0,0.0,0.0,0.0,0.0,0.0,0.0,0.0,0.0,0.0,0.0,0.0,0.0,0.0,0.0,0.0,0.0,0.0,0.0,0.0,0.0,0.0,0.0,0.0,0.0,0.0,0.0,0.0,0.0,0.0,0.0,0.0,0.0,0.0,0.0,0.0,0.0,0.0,0.0,0.0,0.0,0.0,0.0,0.0,0.0,0.0,0.0,0.0,0.0,0.0,0.0,0.0,0.0,0.0,0.0,0.0,0.0,0.0,0.0,0.0,0.0,0.0,0.0,0.0,0.0,0.0,0.0,0.0,0.0,0.0,0.0,0.0,0.0,0.0,0.0,0.0,0.0,0.0,0.0,0.0,0.0,0.0,0.0,0.0,0.0,0.0,0.0,0.0,0.0,0.0,0.0,0.0,0.0,0.0,0.0,0.0,0.0,0.0,0.0,0.0,0.0,0.0,0.0,0.0,0.0,0.0,0.0,0.0
28.4803586843581,0.0,0.0,0.0,0.0,0.0,0.0,0.0,0.0,0.0,0.0,0.0,0.0,0.0,0.0,0.0,0.0,0.0,0.0,0.0,0.0,0.0,0.0,0.0,0.0,0.0,0.0,0.0,0.0,0.0,0.0,0.0,0.0,0.0,0.0,0.0,0.0,0.0,0.0,0.0,0.0,0.0,0.0,0.0,0.0,0.0,0.0,0.0,0.0,0.0,0.0,0.0,0.0,0.0,0.0,0.0,0.0,0.0,0.0,0.0,0.0,0.0,0.0,0.0,0.0,0.0,0.0,0.0,0.0,0.0,0.0,0.0,0.0,0.0,0.0,0.0,0.0,0.0,0.0,0.0,0.0,0.0,0.0,0.0,0.0,0.0,0.0,0.0,0.0,0.0,0.0,0.0,0.0,0.0,0.0,0.0,0.0,0.0,0.0,0.0,0.0,0.0,0.0,0.0,0.0,0.0,0.0,0.0,0.0,0.0,0.0,0.0,0.0,0.0,0.0,0.0,0.0,0.0,0.0,0.0,0.0,0.0,0.0,0.0,0.0,0.0,0.0,0.0,0.0,0.0,0.0,0.0,0.0,0.0,0.0,0.0,0.0,0.0,0.0,0.0,0.0,0.0,0.0,0.0,0.0,0.0,0.0,0.0,0.0,0.0,0.0,0.0,0.0,0.0,0.0,0.0,0.0,0.0,0.0,0.0,0.0,0.0,0.0,0.0,0.0,0.0,0.0,0.0,0.0,0.0,0.0,0.0,0.0,0.0,0.0,0.0,0.0,0.0,0.0,0.0,0.0,0.0,0.0,0.0,0.0,0.0,0.0,0.0,0.0,0.0,0.0,0.0,0.0,0.0,0.0,0.0,0.0,0.0,0.0,0.0,0.0
32.7454916287773,0.0,0.0,0.0,0.0,0.0,0.0,0.0,0.0,0.0,0.0,0.0,0.0,0.0,0.0,0.0,0.0,0.0,0.0,0.0,0.0,0.0,0.0,0.0,0.0,0.0,0.0,0.0,0.0,0.0,0.0,0.0,0.0,0.0,0.0,0.0,0.0,0.0,0.0,0.0,0.0,0.0,0.0,0.0,0.0,0.0,0.0,0.0,0.0,0.0,0.0,0.0,0.0,0.0,0.0,0.0,0.0,0.0,0.0,0.0,0.0,0.0,0.0,0.0,0.0,0.0,0.0,0.0,0.0,0.0,0.0,0.0,0.0,0.0,0.0,0.0,0.0,0.0,0.0,0.0,0.0,0.0,0.0,0.0,0.0,0.0,0.0,0.0,0.0,0.0,0.0,0.0,0.0,0.0,0.0,0.0,0.0,0.0,0.0,0.0,0.0,0.0,0.0,0.0,0.0,0.0,0.0,0.0,0.0,0.0,0.0,0.0,0.0,0.0,0.0,0.0,0.0,0.0,0.0,0.0,0.0,0.0,0.0,0.0,0.0,0.0,0.0,0.0,0.0,0.0,0.0,0.0,0.0,0.0,0.0,0.0,0.0,0.0,0.0,0.0,0.0,0.0,0.0,0.0,0.0,0.0,0.0,0.0,0.0,0.0,0.0,0.0,0.0,0.0,0.0,0.0,0.0,0.0,0.0,0.0,0.0,0.0,0.0,0.0,0.0,0.0,0.0,0.0,0.0,0.0,0.0,0.0,0.0,0.0,0.0,0.0,0.0,0.0,0.0,0.0,0.0,0.0,0.0,0.0,0.0,0.0,0.0,0.0,0.0,0.0,0.0,0.0,0.0,0.0,0.0,0.0,0.0,0.0,0.0,0.0,0.0
37.6493580679247,0.0,0.0,0.0,0.0,0.0,0.0,0.0,0.0,0.0,0.0,0.0,0.0,0.0,0.0,0.0,0.0,0.0,0.0,0.0,0.0,0.0,0.0,0.0,0.0,0.0,0.0,0.0,0.0,0.0,0.0,0.0,0.0,0.0,0.0,0.0,0.0,0.0,0.0,0.0,0.0,0.0,0.0,0.0,0.0,0.0,0.0,0.0,0.0,0.0,0.0,0.0,0.0,0.0,0.0,0.0,0.0,0.0,0.0,0.0,0.0,0.0,0.0,0.0,0.0,0.0,0.0,0.0,0.0,0.0,0.0,0.0,0.0,0.0,0.0,0.0,0.0,0.0,0.0,0.0,0.0,0.0,0.0,0.0,0.0,0.0,0.0,0.0,0.0,0.0,0.0,0.0,0.0,0.0,0.0,0.0,0.0,0.0,0.0,0.0,0.0,0.0,0.0,0.0,0.0,0.0,0.0,0.0,0.0,0.0,0.0,0.0,0.0,0.0,0.0,0.0,0.0,0.0,0.0,0.0,0.0,0.0,0.0,0.0,0.0,0.0,0.0,0.0,0.0,0.0,0.0,0.0,0.0,0.0,0.0,0.0,0.0,0.0,0.0,0.0,0.0,0.0,0.0,0.0,0.0,0.0,0.0,0.0,0.0,0.0,0.0,0.0,0.0,0.0,0.0,0.0,0.0,0.0,0.0,0.0,0.0,0.0,0.0,0.0,0.0,0.0,0.0,0.0,0.0,0.0,0.0,0.0,0.0,0.0,0.0,0.0,0.0,0.0,0.0,0.0,0.0,0.0,0.0,0.0,0.0,0.0,0.0,0.0,0.0,0.0,0.0,0.0,0.0,0.0,0.0,0.0,0.0,0.0,0.0,0.0,0.0
43.2876128108306,0.0,0.0,0.0,0.0,0.0,0.0,0.0,0.0,0.0,0.0,0.0,0.0,0.0,0.0,0.0,0.0,0.0,0.0,0.0,0.0,0.0,0.0,0.0,0.0,0.0,0.0,0.0,0.0,0.0,0.0,0.0,0.0,0.0,0.0,0.0,0.0,0.0,0.0,0.0,0.0,0.0,0.0,0.0,0.0,0.0,0.0,0.0,0.0,0.0,0.0,0.0,0.0,0.0,0.0,0.0,0.0,0.0,0.0,0.0,0.0,0.0,0.0,0.0,0.0,0.0,0.0,0.0,0.0,0.0,0.0,0.0,0.0,0.0,0.0,0.0,0.0,0.0,0.0,0.0,0.0,0.0,0.0,0.0,0.0,0.0,0.0,0.0,0.0,0.0,0.0,0.0,0.0,0.0,0.0,0.0,0.0,0.0,0.0,0.0,0.0,0.0,0.0,0.0,0.0,0.0,0.0,0.0,0.0,0.0,0.0,0.0,0.0,0.0,0.0,0.0,0.0,0.0,0.0,0.0,0.0,0.0,0.0,0.0,0.0,0.0,0.0,0.0,0.0,0.0,0.0,0.0,0.0,0.0,0.0,0.0,0.0,0.0,0.0,0.0,0.0,0.0,0.0,0.0,0.0,0.0,0.0,0.0,0.0,0.0,0.0,0.0,0.0,0.0,0.0,0.0,0.0,0.0,0.0,0.0,0.0,0.0,0.0,0.0,0.0,0.0,0.0,0.0,0.0,0.0,0.0,0.0,0.0,0.0,0.0,0.0,0.0,0.0,0.0,0.0,0.0,0.0,0.0,0.0,0.0,0.0,0.0,0.0,0.0,0.0,0.0,0.0,0.0,0.0,0.0,0.0,0.0,0.0,0.0,0.0,0.0
49.7702356433211,0.0,0.0,0.0,0.0,0.0,0.0,0.0,0.0,0.0,0.0,0.0,0.0,0.0,0.0,0.0,0.0,0.0,0.0,0.0,0.0,0.0,0.0,0.0,0.0,0.0,0.0,0.0,0.0,0.0,0.0,0.0,0.0,0.0,0.0,0.0,0.0,0.0,0.0,0.0,0.0,0.0,0.0,0.0,0.0,0.0,0.0,0.0,0.0,0.0,0.0,0.0,0.0,0.0,0.0,0.0,0.0,0.0,0.0,0.0,0.0,0.0,0.0,0.0,0.0,0.0,0.0,0.0,0.0,0.0,0.0,0.0,0.0,0.0,0.0,0.0,0.0,0.0,0.0,0.0,0.0,0.0,0.0,0.0,0.0,0.0,0.0,0.0,0.0,0.0,0.0,0.0,0.0,0.0,0.0,0.0,0.0,0.0,0.0,0.0,0.0,0.0,0.0,0.0,0.0,0.0,0.0,0.0,0.0,0.0,0.0,0.0,0.0,0.0,0.0,0.0,0.0,0.0,0.0,0.0,0.0,0.0,0.0,0.0,0.0,0.0,0.0,0.0,0.0,0.0,0.0,0.0,0.0,0.0,0.0,0.0,0.0,0.0,0.0,0.0,0.0,0.0,0.0,0.0,0.0,0.0,0.0,0.0,0.0,0.0,0.0,0.0,0.0,0.0,0.0,0.0,0.0,0.0,0.0,0.0,0.0,0.0,0.0,0.0,0.0,0.0,0.0,0.0,0.0,0.0,0.0,0.0,0.0,0.0,0.0,0.0,0.0,0.0,0.0,0.0,0.0,0.0,0.0,0.0,0.0,0.0,0.0,0.0,0.0,0.0,0.0,0.0,0.0,0.0,0.0,0.0,0.0,0.0,0.0,0.0,0.0
57.2236765935022,0.0,0.0,0.0,0.0,0.0,0.0,0.0,0.0,0.0,0.0,0.0,0.0,0.0,0.0,0.0,0.0,0.0,0.0,0.0,0.0,0.0,0.0,0.0,0.0,0.0,0.0,0.0,0.0,0.0,0.0,0.0,0.0,0.0,0.0,0.0,0.0,0.0,0.0,0.0,0.0,0.0,0.0,0.0,0.0,0.0,0.0,0.0,0.0,0.0,0.0,0.0,0.0,0.0,0.0,0.0,0.0,0.0,0.0,0.0,0.0,0.0,0.0,0.0,0.0,0.0,0.0,0.0,0.0,0.0,0.0,0.0,0.0,0.0,0.0,0.0,0.0,0.0,0.0,0.0,0.0,0.0,0.0,0.0,0.0,0.0,0.0,0.0,0.0,0.0,0.0,0.0,0.0,0.0,0.0,0.0,0.0,0.0,0.0,0.0,0.0,0.0,0.0,0.0,0.0,0.0,0.0,0.0,0.0,0.0,0.0,0.0,0.0,0.0,0.0,0.0,0.0,0.0,0.0,0.0,0.0,0.0,0.0,0.0,0.0,0.0,0.0,0.0,0.0,0.0,0.0,0.0,0.0,0.0,0.0,0.0,0.0,0.0,0.0,0.0,0.0,0.0,0.0,0.0,0.0,0.0,0.0,0.0,0.0,0.0,0.0,0.0,0.0,0.0,0.0,0.0,0.0,0.0,0.0,0.0,0.0,0.0,0.0,0.0,0.0,0.0,0.0,0.0,0.0,0.0,0.0,0.0,0.0,0.0,0.0,0.0,0.0,0.0,0.0,0.0,0.0,0.0,0.0,0.0,0.0,0.0,0.0,0.0,0.0,0.0,0.0,0.0,0.0,0.0,0.0,0.0,0.0,0.0,0.0,0.0,0.0
65.7933224657568,0.0,0.0,0.0,0.0,0.0,0.0,0.0,0.0,0.0,0.0,0.0,0.0,0.0,0.0,0.0,0.0,0.0,0.0,0.0,0.0,0.0,0.0,0.0,0.0,0.0,0.0,0.0,0.0,0.0,0.0,0.0,0.0,0.0,0.0,0.0,0.0,0.0,0.0,0.0,0.0,0.0,0.0,0.0,0.0,0.0,0.0,0.0,0.0,0.0,0.0,0.0,0.0,0.0,0.0,0.0,0.0,0.0,0.0,0.0,0.0,0.0,0.0,0.0,0.0,0.0,0.0,0.0,0.0,0.0,0.0,0.0,0.0,0.0,0.0,0.0,0.0,0.0,0.0,0.0,0.0,0.0,0.0,0.0,0.0,0.0,0.0,0.0,0.0,0.0,0.0,0.0,0.0,0.0,0.0,0.0,0.0,0.0,0.0,0.0,0.0,0.0,0.0,0.0,0.0,0.0,0.0,0.0,0.0,0.0,0.0,0.0,0.0,0.0,0.0,0.0,0.0,0.0,0.0,0.0,0.0,0.0,0.0,0.0,0.0,0.0,0.0,0.0,0.0,0.0,0.0,0.0,0.0,0.0,0.0,0.0,0.0,0.0,0.0,0.0,0.0,0.0,0.0,0.0,0.0,0.0,0.0,0.0,0.0,0.0,0.0,0.0,0.0,0.0,0.0,0.0,0.0,0.0,0.0,0.0,0.0,0.0,0.0,0.0,0.0,0.0,0.0,0.0,0.0,0.0,0.0,0.0,0.0,0.0,0.0,0.0,0.0,0.0,0.0,0.0,0.0,0.0,0.0,0.0,0.0,0.0,0.0,0.0,0.0,0.0,0.0,0.0,0.0,0.0,0.0,0.0,0.0,0.0,0.0,0.0,0.0
75.6463327554629,0.0,0.0,0.0,0.0,0.0,0.0,0.0,0.0,0.0,0.0,0.0,0.0,0.0,0.0,0.0,0.0,0.0,0.0,0.0,0.0,0.0,0.0,0.0,0.0,0.0,0.0,0.0,0.0,0.0,0.0,0.0,0.0,0.0,0.0,0.0,0.0,0.0,0.0,0.0,0.0,0.0,0.0,0.0,0.0,0.0,0.0,0.0,0.0,0.0,0.0,0.0,0.0,0.0,0.0,0.0,0.0,0.0,0.0,0.0,0.0,0.0,0.0,0.0,0.0,0.0,0.0,0.0,0.0,0.0,0.0,0.0,0.0,0.0,0.0,0.0,0.0,0.0,0.0,0.0,0.0,0.0,0.0,0.0,0.0,0.0,0.0,0.0,0.0,0.0,0.0,0.0,0.0,0.0,0.0,0.0,0.0,0.0,0.0,0.0,0.0,0.0,0.0,0.0,0.0,0.0,0.0,0.0,0.0,0.0,0.0,0.0,0.0,0.0,0.0,0.0,0.0,0.0,0.0,0.0,0.0,0.0,0.0,0.0,0.0,0.0,0.0,0.0,0.0,0.0,0.0,0.0,0.0,0.0,0.0,0.0,0.0,0.0,0.0,0.0,0.0,0.0,0.0,0.0,0.0,0.0,0.0,0.0,0.0,0.0,0.0,0.0,0.0,0.0,0.0,0.0,0.0,0.0,0.0,0.0,0.0,0.0,0.0,0.0,0.0,0.0,0.0,0.0,0.0,0.0,0.0,0.0,0.0,0.0,0.0,0.0,0.0,0.0,0.0,0.0,0.0,0.0,0.0,0.0,0.0,0.0,0.0,0.0,0.0,0.0,0.0,0.0,0.0,0.0,0.0,0.0,0.0,0.0,0.0,0.0,0.0
86.9749002617783,0.0,0.0,0.0,0.0,0.0,0.0,0.0,0.0,0.0,0.0,0.0,0.0,0.0,0.0,0.0,0.0,0.0,0.0,0.0,0.0,0.0,0.0,0.0,0.0,0.0,0.0,0.0,0.0,0.0,0.0,0.0,0.0,0.0,0.0,0.0,0.0,0.0,0.0,0.0,0.0,0.0,0.0,0.0,0.0,0.0,0.0,0.0,0.0,0.0,0.0,0.0,0.0,0.0,0.0,0.0,0.0,0.0,0.0,0.0,0.0,0.0,0.0,0.0,0.0,0.0,0.0,0.0,0.0,0.0,0.0,0.0,0.0,0.0,0.0,0.0,0.0,0.0,0.0,0.0,0.0,0.0,0.0,0.0,0.0,0.0,0.0,0.0,0.0,0.0,0.0,0.0,0.0,0.0,0.0,0.0,0.0,0.0,0.0,0.0,0.0,0.0,0.0,0.0,0.0,0.0,0.0,0.0,0.0,0.0,0.0,0.0,0.0,0.0,0.0,0.0,0.0,0.0,0.0,0.0,0.0,0.0,0.0,0.0,0.0,0.0,0.0,0.0,0.0,0.0,0.0,0.0,0.0,0.0,0.0,0.0,0.0,0.0,0.0,0.0,0.0,0.0,0.0,0.0,0.0,0.0,0.0,0.0,0.0,0.0,0.0,0.0,0.0,0.0,0.0,0.0,0.0,0.0,0.0,0.0,0.0,0.0,0.0,0.0,0.0,0.0,0.0,0.0,0.0,0.0,0.0,0.0,0.0,0.0,0.0,0.0,0.0,0.0,0.0,0.0,0.0,0.0,0.0,0.0,0.0,0.0,0.0,0.0,0.0,0.0,0.0,0.0,0.0,0.0,0.0,0.0,0.0,0.0,0.0,0.0,0.0
100.0,0.0,0.0,0.0,0.0,0.0,0.0,0.0,0.0,0.0,0.0,0.0,0.0,0.0,0.0,0.0,0.0,0.0,0.0,0.0,0.0,0.0,0.0,0.0,0.0,0.0,0.0,0.0,0.0,0.0,0.0,0.0,0.0,0.0,0.0,0.0,0.0,0.0,0.0,0.0,0.0,0.0,0.0,0.0,0.0,0.0,0.0,0.0,0.0,0.0,0.0,0.0,0.0,0.0,0.0,0.0,0.0,0.0,0.0,0.0,0.0,0.0,0.0,0.0,0.0,0.0,0.0,0.0,0.0,0.0,0.0,0.0,0.0,0.0,0.0,0.0,0.0,0.0,0.0,0.0,0.0,0.0,0.0,0.0,0.0,0.0,0.0,0.0,0.0,0.0,0.0,0.0,0.0,0.0,0.0,0.0,0.0,0.0,0.0,0.0,0.0,0.0,0.0,0.0,0.0,0.0,0.0,0.0,0.0,0.0,0.0,0.0,0.0,0.0,0.0,0.0,0.0,0.0,0.0,0.0,0.0,0.0,0.0,0.0,0.0,0.0,0.0,0.0,0.0,0.0,0.0,0.0,0.0,0.0,0.0,0.0,0.0,0.0,0.0,0.0,0.0,0.0,0.0,0.0,0.0,0.0,0.0,0.0,0.0,0.0,0.0,0.0,0.0,0.0,0.0,0.0,0.0,0.0,0.0,0.0,0.0,0.0,0.0,0.0,0.0,0.0,0.0,0.0,0.0,0.0,0.0,0.0,0.0,0.0,0.0,0.0,0.0,0.0,0.0,0.0,0.0,0.0,0.0,0.0,0.0,0.0,0.0,0.0,0.0,0.0,0.0,0.0,0.0,0.0,0.0,0.0,0.0,0.0,0.0,0.0,0.0
