,0.001,0.07637185929648242,0.15174371859296484,0.22711557788944725,0.3024874371859297,0.3778592964824121,0.4532311557788945,0.528603015075377,0.6039748743718594,0.6793467336683418,0.7547185929648242,0.8300904522613066,0.905462311557789,0.9808341708542715,1.0562060301507539,1.1315778894472361,1.2069497487437186,1.2823216080402011,1.3576934673366834,1.4330653266331659,1.5084371859296484,1.5838090452261306,1.6591809045226131,1.7345527638190956,1.809924623115578,1.8852964824120604,1.9606683417085429,2.0360402010050254,2.111412060301508,2.18678391959799,2.2621557788944724,2.337527638190955,2.4128994974874374,2.48827135678392,2.5636432160804024,2.639015075376885,2.714386934673367,2.7897587939698494,2.865130653266332,2.9405025125628144,3.015874371859297,3.0912462311557793,3.1666180904522614,3.241989949748744,3.3173618090452264,3.392733668341709,3.4681055276381914,3.543477386934674,3.618849246231156,3.6942211055276384,3.769592964824121,3.8449648241206034,3.920336683417086,3.9957085427135683,4.071080402010051,4.146452261306534,4.221824120603016,4.297195979899499,4.37256783919598,4.447939698492463,4.523311557788945,4.598683417085428,4.67405527638191,4.749427135678393,4.824798994974875,4.900170854271358,4.97554271356784,5.050914572864323,5.126286432160805,5.201658291457288,5.27703015075377,5.352402010050252,5.427773869346734,5.503145728643217,5.578517587939699,5.653889447236182,5.729261306532664,5.804633165829147,5.880005025125629,5.955376884422112,6.030748743718594,6.106120603015077,6.181492462311559,6.256864321608042,6.332236180904523,6.407608040201006,6.482979899497488,6.558351758793971,6.633723618090453,6.709095477386936,6.784467336683418,6.859839195979901,6.935211055276383,7.010582914572866,7.085954773869348,7.161326633165831,7.236698492462312,7.312070351758795,7.387442211055277,7.46281407035176,7.538185929648242,7.613557788944725,7.688929648241207,7.76430150753769,7.839673366834172,7.915045226130655,7.990417085427137,8.065788944723618,8.141160804020101,8.216532663316583,8.291904522613066,8.367276381909548,8.442648241206031,8.518020100502513,8.593391959798996,8.668763819095478,8.74413567839196,8.819507537688443,8.894879396984924,8.970251256281408,9.04562311557789,9.120994974874373,9.196366834170854,9.271738693467338,9.34711055276382,9.422482412060303,9.497854271356784,9.573226130653268,9.64859798994975,9.723969849246231,9.799341708542714,9.874713567839196,9.95008542713568,10.025457286432161,10.100829145728644,10.176201005025126,10.25157286432161,10.326944723618091,10.402316582914574,10.477688442211056,10.55306030150754,10.62843216080402,10.703804020100502,10.779175879396986,10.854547738693467,10.92991959798995,11.005291457286432,11.080663316582916,11.156035175879397,11.23140703517588,11.306778894472362,11.382150753768846,11.457522613065327,11.53289447236181,11.608266331658292,11.683638190954774,11.759010050251257,11.834381909547739,11.909753768844222,11.985125628140704,12.060497487437187,12.135869346733669,12.211241206030152,12.286613065326634,12.361984924623117,12.437356783919599,12.512728643216082,12.588100502512564,12.663472361809045,12.738844221105529,12.81421608040201,12.889587939698494,12.964959798994975,13.040331658291459,13.11570351758794,13.191075376884424,13.266447236180905,13.341819095477389,13.41719095477387,13.492562814070354,13.567934673366835,13.643306532663317,13.7186783919598,13.794050251256282,13.869422110552765,13.944793969849247,14.02016582914573,14.095537688442212,14.170909547738695,14.246281407035177,14.32165326633166,14.397025125628142,14.472396984924623,14.547768844221107,14.623140703517588,14.698512562814072,14.773884422110553,14.849256281407037,14.924628140703518,15.0
0.0001,1.5233370137421973e-07,6.78056414615417e-09,1.0065041523267468e-08,1.737696738061668e-08,3.158133291772741e-08,5.7340120087242244e-08,1.0748222043394452e-07,1.8850272074916162e-07,3.2534434237737806e-07,5.521569755083516e-07,9.213141234128803e-07,1.511761021524246e-06,2.4821436689898155e-06,3.934419738229562e-06,6.14855844171527e-06,9.478291512745385e-06,1.442080279690342e-05,2.1667753538018195e-05,3.216951183928324e-05,4.721938857584469e-05,6.893543402444199e-05,9.897888599866202e-05,0.0001407343613511832,0.00019824072256217448,0.0002767521936467493,0.00038304994331927425,0.0005258207061911277,0.0007161102678492864,0.0009678659009690438,0.0012985762698588213,0.001730021660213965,0.0022926012366807046,0.003013075329554355,0.003934812128061958,0.005106775262126266,0.006587869606622849,0.008448422491751238,0.010771719983315416,0.013655530475207458,0.01721352065531007,0.021576421725262755,0.026892764305764864,0.03332894398843916,0.04106832841497215,0.05030907420877459,0.061260291850577436,0.07416369547262106,0.08917828642705238,0.10652684944650458,0.12638111042571204,0.1488722472992166,0.17407564640483922,0.20199621081560296,0.23255595385372063,0.26558577801389277,0.3008231961438679,0.33791724266615075,0.37644095426300195,0.4159107183705967,0.4558107270668924,0.49561995157523003,0.5348386923653673,0.5730119597946862,0.6097475510541648,0.6447276803074218,0.6777139775638329,0.7085464834390832,0.7371379491905856,0.76346485553167,0.7875566459515166,0.8094844599499255,0.8293502861483639,0.8472771988662032,0.8634010140409892,0.8778634994580987,0.8908070597514232,0.9023708160385321,0.9127308514863798,0.9219244516405651,0.9301127695544674,0.9374026225767464,0.9438913421642746,0.949667018232646,0.9548089422032874,0.9593881645724911,0.963468125269647,0.9671053100890341,0.9703498930466061,0.9732463708840026,0.9758597352422568,0.9781725191668241,0.9802423530152283,0.9820964741533191,0.9837589493537885,0.9852510461286353,0.9865915589404205,0.987797101233833,0.9888823641152611,0.9898603482059194,0.9907425619449695,0.9915550157109603,0.9922744297741461,0.9929253615712442,0.9935149277865456,0.9940494519586557,0.9945345578371568,0.9949752516178383,0.9953759931331035,0.9957407598987347,0.9960731011706773,0.9963761880536354,0.9966628311852078,0.9969152109513861,0.997146005674008,0.9973572531665477,0.9975507822057066,0.9977282361368952,0.9978910918968206,0.998040679412583,0.9981781965716668,0.9983047230395412,0.9984279375575188,0.998535051554621,0.9986338388954275,0.99872501920714,0.9988092440579996,0.9988871039160617,0.9989591344417242,0.9990258220888258,0.9990876086135626,0.9991448959942978,0.9992026404999763,0.9992518237560116,0.9992975185391768,0.9993400014380585,0.9993795250140954,0.9994163199495559,0.9994505972492667,0.9994825498865164,0.9995123546305533,0.9995401734753014,0.9995693536167269,0.9995935207379825,0.9996161168258261,0.9996372569983976,0.9996570464592646,0.9996755823185731,0.999692953868782,0.9997092437056584,0.9997245275034082,0.999738875312935,0.999754616899378,0.9997672054358487,0.9997790408223642,0.9997901739071117,0.9998006518102144,0.9998105180375829,0.999819813046446,0.9998285741440923,0.9998368361130207,0.9998446310623461,0.9998536170441902,0.999860513277752,0.999867028152398,0.999873185657626,0.9998790079543833,0.9998845157718126,0.9998897284376174,0.9998946638183844,0.9998993387614931,0.9999049932497991,0.9999091551504053,0.9999131018571203,0.9999168460988179,0.9999203996826826,0.999923773661341,0.9999269783787873,0.9999300234911104,0.999932918088958,0.999936600987554,0.9999391916865563,0.9999416567924961,0.9999440032775878,0.9999462376696143,0.9999483660926143,0.9999503942536868,0.9999523275831094,0.9999541711484947,0.9999566433955126,0.9999583009015837,0.9999598828555898,0.9999613932384259,0.9999628357313876,0.9999642138353787,0.9999655308324392,0.999966789887452,0.9999685621744142,0.9999696979835849,0.9999707846507083,0.9999718246310169
0.00010718913192051276,1.360483528918016e-07,6.363637616586967e-09,9.447684972054555e-09,1.6346344715918838e-08,2.9588095572984e-08,5.366711285604082e-08,1.0077928728556983e-07,1.7645883918708486e-07,3.043720549976117e-07,5.162519706012666e-07,8.610358284981023e-07,1.412350817045978e-06,2.320582057345683e-06,3.676868338497343e-06,5.74413311266881e-06,8.852434313663361e-06,1.3465744718603109e-05,2.0228971208565793e-05,3.0028710113224514e-05,4.407113631294956e-05,6.435459441285711e-05,9.238728589594744e-05,0.00013134449317152552,0.0001849929054175654,0.0002582321753536546,0.0003573862035560168,0.0004905554351282532,0.0006680412654337496,0.0009028513205495241,0.0012112976943183464,0.0016136982995649262,0.002138638437363159,0.0028106876957299447,0.003670526319895809,0.004763892647473019,0.006145846825727195,0.007882180746103093,0.010050892933645136,0.012743671479941444,0.01606730071699768,0.02014487053469169,0.025116626357435574,0.031140248373469223,0.038390300012684356,0.04705653785299264,0.05734074866540846,0.06945177639818889,0.08362877868613239,0.10001344011505041,0.11881195354477586,0.1401685884581741,0.16417874197334165,0.19087439519341268,0.22021111573245086,0.25205839370369415,0.2861950605902138,0.32231122458133,0.36001741953909766,0.3988607341540323,0.438346635889819,0.47796430235042214,0.5172127504245865,0.5556249964233358,0.5927879572703976,0.628356509957702,0.6620611976484977,0.69370981386769,0.7231838681761936,0.7504312487955245,0.7754565153244565,0.7983101419951655,0.8190777547063365,0.8378701493799978,0.8548145076242535,0.8700470741138114,0.8837072918127213,0.895933332066234,0.9069047251312629,0.9166546260171131,0.9253496075240132,0.9330994308925179,0.9400046498807613,0.9461566876323168,0.9516381508069687,0.9565233208261423,0.9608787110549076,0.9647636982699994,0.9682311452192612,0.9713280237668276,0.9741234268761408,0.9765981990063255,0.9788137528393318,0.980799010259011,0.9825795589307135,0.9841780228712034,0.9856144179858032,0.9869064500240035,0.9880697879711683,0.9891183041661713,0.9900642862481825,0.9909355991078743,0.9917072187995845,0.9924054672493956,0.9930379561046961,0.993611451177999,0.9941319716045727,0.9946048763929595,0.9950349411772714,0.9954264262401762,0.9957831336811642,0.9961084617998488,0.9964161599110165,0.9966870888968488,0.9969348586327991,0.9971616537355781,0.9973694352747848,0.9975599651574111,0.9977348279685401,0.997895449897019,0.9980431158443808,0.998178984666944,0.9983113020760125,0.9984263314659994,0.9985324219402711,0.9986303455238305,0.9987208014406028,0.9988044234658838,0.9988817864177332,0.9989534124611055,0.9990197758703473,0.9990813081021706,0.9991433331378252,0.9991961627879874,0.9992452461989975,0.9992908802987757,0.9993333362634633,0.999372861786697,0.9994096833425701,0.9994440083362092,0.999476026338387,0.999505911417881,0.9995372597537877,0.9995632226702651,0.9995874982746209,0.999610209798961,0.9996314705391831,0.99965138479231,0.999670048403131,0.9996875499044163,0.9997039708016895,0.9997193863078336,0.9997362998147642,0.999749825339886,0.999762541910862,0.9997745040389003,0.9997857622301841,0.9997963633562647,0.9998063507209206,0.9998157646208692,0.9998246422454932,0.9998330182159022,0.9998426741606518,0.9998500845289375,0.9998570851677082,0.9998637018332776,0.9998699583784249,0.9998758770234243,0.999881478520288,0.9998867822157366,0.9998918059343969,0.9998978825929714,0.9999023551383116,0.999906596454694,0.9999106202470724,0.9999144391710707,0.9999180650990971,0.9999215091487204,0.9999247817065756,0.9999278925826927,0.9999318507651426,0.9999346350368191,0.9999372843455422,0.9999398062214542,0.999942207635857,0.9999444951634604,0.9999466749460383,0.9999487528497619,0.9999507342770406,0.9999533915228417,0.9999551730262295,0.9999568733301715,0.9999584966953252,0.999960047116093,0.9999615283521068,0.9999629439263928,0.9999642971923282,0.9999662022484272,0.9999674230652285,0.9999685910981957,0.9999697089399542
0.00011489510001873086,1.3028964381399076e-07,5.93153345644015e-09,8.74139819600163e-09,1.534640444531683e-08,2.7701414570188445e-08,5.019924787803828e-08,9.443292477054631e-08,1.652521171242229e-07,2.847685619873746e-07,4.827692886159584e-07,8.04800862322837e-07,1.3196542112142952e-06,2.169907543305017e-06,3.436559491492782e-06,5.366862948641236e-06,8.268655158657629e-06,1.2574719933925745e-05,1.888676118384591e-05,2.803144723759982e-05,4.1133978215311055e-05,6.008097823184333e-05,8.623772098075083e-05,0.00012258433697343745,0.00017263336743993915,0.00024095378563683594,0.00033344252262564636,0.00045765339850965174,0.0006231924044891054,0.0008421900916066858,0.0011298597935549748,0.0015051532889658688,0.0019915231636877884,0.0026218020876546747,0.0034238425880190916,0.004443798144541872,0.0057331213208851785,0.007353340991139908,0.009377474297873063,0.011891463535527788,0.014995563332550753,0.018805576432351312,0.023453791094755597,0.02908943650863336,0.03587842045202515,0.044002068063961196,0.053654552375652795,0.06503868783501995,0.07839029396373927,0.09385084557995688,0.11163144515883489,0.131886888678799,0.15472964563933922,0.18021566755056978,0.20833110855940795,0.23898158153751356,0.2719856741695807,0.3070742248169574,0.3438963480960161,0.3820323528231411,0.42101273344668294,0.4603414724007049,0.499521246078752,0.5380778482641897,0.5755814214293642,0.6116626705439812,0.646023091881879,0.6784391508749081,0.7087610593351272,0.736907277578654,0.7628561024107289,0.7866356506527736,0.8083133849688736,0.8279860385285159,0.8457705130765609,0.8617960781968026,0.8761979827607724,0.8891124348773929,0.900721790200552,0.91105410948742,0.9202811077980793,0.9285151794585262,0.9358598907631082,0.9424098710156869,0.9482509937152853,0.9534607536861263,0.9581087733788333,0.9622573702334489,0.9659621628123879,0.9692726784373416,0.9722623258397247,0.9749100780965105,0.9772813526175768,0.9794068405434719,0.9813137162405299,0.9830260461784314,0.9845651318094285,0.9859498346678803,0.9871968588528525,0.9883210026269221,0.9893353820499413,0.9902698461835349,0.9910974920354236,0.9918465318079582,0.9925251058269442,0.9931404514791824,0.9936990100190685,0.9942065182264284,0.9946680893073591,0.995088285565428,0.9954711808581713,0.99582041481953,0.996150747675677,0.9964416198869285,0.9967076410994367,0.9969511551309548,0.9971742637490856,0.9973788571050594,0.997566634471257,0.9977391256962936,0.9978977093074132,0.9980436283048325,0.9981857396864946,0.9983092856986644,0.9984232342883363,0.9985284139384557,0.9986255751374831,0.9987153982631429,0.9987984998783938,0.9988754409800277,0.9989467305147983,0.999012831678992,0.9990794643521934,0.9991362190204155,0.9991889500860043,0.9992379763847472,0.9992835892583881,0.9993260543895883,0.9993656153021417,0.9994024943782844,0.9994368953652383,0.9994690052074124,0.99950268829154,0.9995305847457031,0.9995566686978368,0.9995810723964126,0.9996039175246452,0.9996253160417811,0.9996453710678016,0.9996641775738973,0.9996818230900748,0.9996983884589148,0.9997165641451656,0.999731098952397,0.9997447645099817,0.9997576195030595,0.9997697182202872,0.9997811109110117,0.9997918441514887,0.9998019611822402,0.9998115019652091,0.9998205037025436,0.9998308814677097,0.9998388456902171,0.9998463696866438,0.9998534809697905,0.9998602053094566,0.9998665665397605,0.9998725869597831,0.9998782873386177,0.9998836869634129,0.9998902184654377,0.9998950257083333,0.9998995845192871,0.9999039094920305,0.9999080142953511,0.9999119117091725,0.9999156136729254,0.9999191313619854,0.9999224751816785,0.9999267300627941,0.9999297229287124,0.9999325707693115,0.9999352816106857,0.9999378630017786,0.9999403220022545,0.9999426652188929,0.9999448989116163,0.9999470289054605,0.9999498855476201,0.9999518006554242,0.9999536284990183,0.9999553736681897,0.999957040412427,0.9999586327770233,0.9999601545935607,0.9999616094198802,0.9999636575958197,0.9999649700389983,0.9999662257634981,0.9999674275413946
0.00012315506032928262,1.214381893535803e-07,5.64132817400858e-09,8.22088162664197e-09,1.435550814090818e-08,2.5885141517418055e-08,4.7038069374411796e-08,8.857238475731045e-08,1.5478381529683026e-07,2.6652343247413727e-07,4.5155129165513505e-07,7.523042674178402e-07,1.2331542475091217e-06,2.029361401928043e-06,3.2124607103232487e-06,5.014959334351837e-06,7.723984217812366e-06,1.1743442098273222e-05,1.7634418863992777e-05,2.616813479846306e-05,3.8393845790751824e-05,5.5724825423941746e-05,8.050055228722879e-05,0.00011441161309185723,0.00016110250511445337,0.00022483374473057627,0.00031110387838440755,0.0004269562509091147,0.0005813482163472223,0.0007855911753091428,0.0010538726242603994,0.001403868025456638,0.0018574545709271499,0.0024455226510156688,0.0031935967412259647,0.004144990788021183,0.005347774012349262,0.00685947008902916,0.008748406644103507,0.011095100769866575,0.013993620543030346,0.01755283036600245,0.02189739481300192,0.027168375284574223,0.03352321126314374,0.041134830051948124,0.05018959705340213,0.06088379822168355,0.07344901448314718,0.08802517806821027,0.10482643866452436,0.12401576831025947,0.14571993902638797,0.17001585612756384,0.19691725387086775,0.22636321788446087,0.25821016054648793,0.2922288010414209,0.32810731238211893,0.36546111992862623,0.40384894904314333,0.44279380133656054,0.4818067761878906,0.5204112542981768,0.5581649895761694,0.5946780657368501,0.6296254580103648,0.6627537213684289,0.6938821572921042,0.7228993198503766,0.7497561306238392,0.7744568212017543,0.797048954905958,0.8176134249592211,0.8362551606730003,0.8530949290528426,0.8682624505461586,0.8818908643364988,0.8941646336045679,0.9051056591125878,0.9148904477909421,0.9236336440582932,0.9314415632892962,0.9384118765161159,0.9446336262964862,0.9501874902638575,0.9551462015847625,0.9595750581153165,0.963532493385037,0.9670706585967284,0.9702675005943833,0.973099916160134,0.9756375558563964,0.9779129608754882,0.9799549810797005,0.9817891894471854,0.9834382471273022,0.9849222372476509,0.9862589600647299,0.9874641955728091,0.9885519383161525,0.9895541631037994,0.9904419382704372,0.9912455048630994,0.9919735637308971,0.9926338576740683,0.9932332781088,0.9937779647887501,0.9942733926887847,0.9947244469497848,0.9951354916117261,0.9955104270126363,0.9958650972846443,0.9961774143589257,0.9964630645888389,0.9967245605724916,0.9969641562571608,0.9971838780569924,0.9973855494427725,0.9975708111085109,0.9977411421181056,0.9978978760867888,0.9980505273894961,0.9981832390058182,0.9983056450891348,0.9984186347945001,0.998523013572643,0.9986195115388219,0.9987087913316991,0.9987914542035875,0.9988680471177038,0.9989390673495924,0.9990106612736676,0.9990716421496115,0.9991283011124078,0.9991809802475481,0.9992299924581396,0.9992756233992088,0.9993181341794474,0.9993577638766662,0.9993947314603583,0.9994292373800142,0.9994654351101929,0.9994954142304827,0.999523446120191,0.99954967252521,0.9995742243172606,0.9995972218339795,0.9996187757033888,0.9996389880794809,0.9996579528820225,0.9996757569925786,0.9996952924555195,0.9997109146943455,0.9997256027730329,0.9997394197824575,0.9997524240653752,0.9997646696612933,0.9997762065592198,0.9997870812071019,0.9997973366436774,0.9998070127426919,0.9998181683648144,0.999826729387919,0.9998348172778497,0.9998424615985422,0.9998496901360521,0.9998565283685255,0.9998630003319348,0.9998691282669693,0.9998749329696046,0.9998819547617099,0.9998871227104275,0.999892023646638,0.9998966732706349,0.9999010862596577,0.9999052762973528,0.9999092562340982,0.9999130381148277,0.9999166331168636,0.9999212077930807,0.999924425539574,0.9999274874054421,0.9999304019699784,0.9999331774018845,0.9999358212345241,0.9999383406143352,0.9999407422944556,0.9999430324414151,0.9999461040912594,0.999948163268996,0.9999501286219333,0.9999520050824269,0.9999537972534809,0.9999555094583126,0.9999571458147108,0.9999587101521944,0.9999609126369505,0.9999623239142609,0.9999636741905179,0.9999649664847999
0.0001320088400831418,1.200344676361647e-07,5.287572684052486e-09,7.811408827926305e-09,1.3489488997839098e-08,2.428376901679971e-08,4.394485115271035e-08,8.306072811690141e-08,1.4494980503380944e-07,2.494639576942075e-07,4.223353422313856e-07,7.034086721640934e-07,1.1523807245895499e-06,1.858372336622684e-06,3.0033408816246975e-06,4.6865911590138074e-06,7.2159158674194235e-06,1.0967947699418926e-05,1.6466106189510006e-05,2.442979726368908e-05,3.583744691657524e-05,5.2007039650104555e-05,7.514813062242407e-05,0.00010678687526515798,0.00015034483380424682,0.00020979450023329854,0.0002902626792091483,0.00039831652870594335,0.0005423076270052929,0.0007327830966893414,0.0009829722213950754,0.0013093586745654934,0.0017323470958650429,0.0022810123661429526,0.002978700880844371,0.003866067357558603,0.004988008905518644,0.00639828873275288,0.008160821756727398,0.010351008103693864,0.013057060241450166,0.01638124743866224,0.02044094440951607,0.025369342249469275,0.03131563146083762,0.03844442907269525,0.04693418499652927,0.05697427389602213,0.06876048934350149,0.0825224925898344,0.09838341330230958,0.11654306861828495,0.13713995261057865,0.16026902882660138,0.18596862398721103,0.2142085137231377,0.2448807190319869,0.2777945422759383,0.31267712855885677,0.34918030094528013,0.3868936446060784,0.4253629280595854,0.46411217408544503,0.5026671178678163,0.5405776593437597,0.5774371676868831,0.6128970578649612,0.6466758934303684,0.6785629002037381,0.7084166646782536,0.736159917472196,0.7617716852183919,0.7852780080245386,0.8067422059977212,0.8262555206674789,0.8439286157018102,0.859884269545796,0.8742513467065129,0.8872156123821913,0.8987916256905968,0.9091602667885408,0.9184379717059977,0.9267334800889526,0.9341472839779109,0.9407714631191739,0.9466898110973447,0.9519781513462624,0.9567047815073624,0.9609309938374703,0.9647116266034163,0.9681293920771998,0.9711588746534915,0.9738742060236455,0.9763098533478128,0.9784964199727864,0.9804610654360509,0.9822278815234557,0.9838182426080768,0.9852511047180217,0.986543289575658,0.98770972555628,0.9887846590536727,0.9897369736576445,0.9905990797063149,0.9913802811976486,0.9920888554195898,0.9927321767812542,0.9933168150479488,0.9938486316397078,0.9943328573194754,0.994774166024562,0.9951767370020828,0.9955575813009581,0.9958929638064938,0.9961997288603296,0.9964805693450653,0.9967379034993096,0.9969739037546227,0.9971905265759959,0.9973895316696159,0.9975725059452927,0.9977408806602918,0.9979048775516599,0.9980474563172728,0.9981789675891429,0.9983003659286596,0.998412515662674,0.9985162010565618,0.9986121331205985,0.9987009578346437,0.9987832622291444,0.9988595801099136,0.9989365175210964,0.9990020502540744,0.999062939730926,0.9991195536744989,0.9991722278360108,0.9992212689421358,0.9992669576997218,0.9993095507811068,0.9993492833003429,0.9993863707654961,0.999425277934757,0.9994575011947372,0.9994876317216869,0.9995158221996495,0.9995422130423202,0.9995669335386103,0.9995901026091623,0.9996118299357772,0.9996322164814684,0.9996513556348646,0.9996723566258308,0.9996891508428729,0.9997049409822738,0.9997197948980411,0.9997337752716546,0.9997469401503638,0.9997593433477842,0.999771034687245,0.9997820603946547,0.9997924634045339,0.9998044575856914,0.999813662014453,0.999822357793897,0.9998305768738567,0.9998383488776129,0.9998457013455235,0.9998526600725876,0.999859249011421,0.9998654904455112,0.9998730408735569,0.9998785978072734,0.9998838676507595,0.9998888673553121,0.9998936125839515,0.9998981182112896,0.9999023978471292,0.9999064646508354,0.9999103305061041,0.9999152500860868,0.9999187103606393,0.9999220029808084,0.9999251372779924,0.9999281219266672,0.9999309651097293,0.9999336745192466,0.9999362572956677,0.9999387202393994,0.999942023803422,0.9999442383246717,0.9999463520232018,0.9999483700935342,0.9999502975598112,0.9999521390345009,0.9999538989372121,0.9999555814074932,0.999957950360619,0.9999594682487579,0.999960920523558,0.9999623104619256
0.00014149912974345758,9.055471958535087e-08,4.932527504630153e-09,7.240598880818276e-09,1.2619324711534138e-08,2.275111366578725e-08,4.114666053107813e-08,7.364124610649386e-08,1.3592016410114378e-07,2.335793974297663e-07,3.9516373538355123e-07,6.577518002765486e-07,1.07719338290093e-06,1.7363822325349258e-06,2.8082456634183257e-06,4.380277063148304e-06,6.741888950016073e-06,1.0244434401042546e-05,1.5376209596437614e-05,2.2808033065722953e-05,3.345250499629257e-05,4.8538601605402744e-05,7.015461257208643e-05,9.967346937270775e-05,0.00014030851459497827,0.00019576361358376382,0.00027081866860930397,0.00037159639011539634,0.0005058830949147271,0.0006835123338028193,0.0009168188266675004,0.0012211730486036702,0.0016156041261209484,0.0021235195611700565,0.0027781379664568117,0.003605715329723779,0.004652145428568437,0.005967661876318443,0.00761203075831869,0.009655828811192821,0.01218173287287573,0.015285751320261172,0.01907830275251754,0.023685014049541382,0.029247070701750925,0.03592091367032574,0.04387704082405851,0.05329763971435469,0.06437277713872551,0.0773288785610743,0.09228859815186496,0.10945601011501614,0.12897894778629554,0.1509676884286354,0.17548222002410205,0.2025201612837829,0.2320067037643213,0.26378805635983205,0.2976297362852098,0.33322065410294716,0.3701832833866293,0.40808940598768995,0.4464801138528307,0.4848881133740281,0.5228600665792912,0.5599767847333501,0.595869504474451,0.6302311408850272,0.6628222027449189,0.693471649110235,0.722073558766576,0.7485806901718838,0.7729960915718785,0.7953638474474032,0.815759798982366,0.8342828729258421,0.8510474157253873,0.8661767127017367,0.8798569404904275,0.8920940268596946,0.9030727191451161,0.9129107123242188,0.9217187745130454,0.9295999440987671,0.936649159942438,0.9429532247310272,0.9485910081716223,0.9536338044676231,0.9581457924085051,0.9621845479432444,0.9658377694781677,0.9690774857008567,0.9719825465316335,0.9745894289381267,0.976930570184099,0.9790347913108736,0.9809276919210682,0.9826320019034173,0.984167903661505,0.9855533191580129,0.9868041646153717,0.9879571217394327,0.9889787124064914,0.98990367380389,0.9907419499005989,0.9915023917212068,0.9921928850751986,0.9928204615192862,0.9933913942813356,0.9939112841757374,0.994385137457187,0.9948174306787192,0.9952264298694308,0.9955866257553481,0.9959161086877653,0.9962177651879803,0.9964941881575099,0.9967477091898757,0.9969804252831198,0.9971942251530574,0.9973908111148492,0.9975717187111319,0.9977479325463955,0.9979011360582478,0.99804245252628,0.998172906478362,0.9982934260360586,0.9984048528697361,0.9985079506449661,0.9986034128485887,0.9986918698967089,0.9987738950557589,0.9988565894313235,0.9989270265490866,0.9989924744342207,0.9990533281334746,0.9991099480628876,0.9991626640870935,0.9992117774641676,0.9992575640847623,0.9993002765197468,0.999340146322351,0.9993819738113665,0.9994166157545217,0.9994490084494766,0.999479315967418,0.999507689166181,0.9995342669943319,0.9995591772834588,0.9995825377471431,0.9996044571158201,0.9996250355755072,0.9996476168234582,0.9996656744676261,0.9996826527955726,0.9996986246719881,0.9997136574949386,0.9997278136673068,0.9997411509391765,0.9997537229019566,0.999765579229844,0.9997767661951042,0.9997896647381131,0.9997995629786408,0.9998089144131099,0.9998177532746565,0.999826111444506,0.999834018589539,0.9998415023407186,0.9998485884900215,0.9998553009660358,0.9998634216362907,0.9998693980988601,0.9998750658578517,0.9998804431721171,0.9998855468526607,0.9998903928356209,0.9998949959163687,0.99989937000013,0.9999035280517609,0.9999088197588942,0.9999125416215155,0.999916083249554,0.9999194545796919,0.9999226650114619,0.9999257232820326,0.999928637677822,0.9999314159220904,0.9999340652796914,0.99993761908004,0.9999400012566485,0.9999422749921216,0.9999444459172486,0.9999465193347002,0.9999485002963473,0.9999503935473157,0.9999522034858744,0.9999547521095333,0.9999563850277203,0.9999579473815658,0.9999594426969204
0.00015167168884709225,1.0436479518813295e-07,4.758186741691183e-09,6.822968785222424e-09,1.1837940788182321e-08,2.1340651261760438e-08,3.852712101170156e-08,6.890263498582063e-08,1.2750597788660262e-07,2.187566695411574e-07,3.697797182423506e-07,6.15144855206193e-07,1.0069235926065616e-06,1.6225260790278214e-06,2.6262528046351774e-06,4.0944626178459265e-06,6.2996138847081735e-06,9.569486541778235e-06,1.4359381384991897e-05,2.1295048744534246e-05,3.122747920896501e-05,4.530286012755324e-05,6.50501423222925e-05,9.303709141077803e-05,0.0001309452104948459,0.00018267341853641763,0.00025267819164206257,0.0003466673022031165,0.00047189957950200814,0.0006375423440347463,0.0008550953326451352,0.0011388892223219782,0.0015066682669757513,0.0019802627413626483,0.002590957824480932,0.003362707628480917,0.004338611235965195,0.005565590770728662,0.0070995132645857465,0.009006412776409605,0.011363737794430988,0.014261561159069533,0.01780367492842871,0.022108453701057077,0.02730934111473734,0.033554773584238105,0.04100732367216269,0.049841807041953706,0.06024209490004432,0.07239637528600947,0.08652808400605898,0.10274133787747781,0.12122529330664607,0.1421029626519877,0.16545316475508182,0.19129849876652777,0.2195947332361252,0.25022299594959757,0.2829861215861218,0.3176102376482076,0.35375214637725166,0.3910123377180993,0.42895269733887903,0.46711728605596936,0.5050541160146537,0.542335779995011,0.5785770311774735,0.6134479671908469,0.6466821585149345,0.6780797486584831,0.7075060899915279,0.7348868956243918,0.7602009671401067,0.7834715989908131,0.8047575586205876,0.8241443831807218,0.8417364324982284,0.8576500352324703,0.8720708021555185,0.8849946228291021,0.8966095259323269,0.9070338438626961,0.9163799107890233,0.924752973398312,0.9322505966493279,0.9389624482497945,0.9449703634950974,0.9503486045682485,0.9551642452717252,0.9594776365461789,0.9633816924493691,0.9668455982470682,0.969953176226334,0.9727429935681395,0.9752493963810724,0.9775029488748537,0.9795308295133184,0.9813571990145605,0.9830035309995019,0.9844889098811673,0.9858303006994465,0.9870669861531581,0.9881629420138153,0.9891553991684149,0.9900549811199522,0.990871149405862,0.9916123380878148,0.99228607013539,0.9928990588795139,0.9934573010327827,0.9939661573663908,0.9944304234887182,0.9948697149459279,0.9952566121812876,0.9956105437060762,0.9959346052165546,0.9962315773273818,0.9965039600838289,0.9967540036524772,0.9969837341080588,0.9971949780195225,0.9973893835292363,0.9975787557169141,0.9977434041085146,0.9978952829026118,0.9980354925181679,0.9981650295495562,0.9982847972068912,0.9983956160330374,0.9984982305052011,0.9985933178210102,0.9986814938373795,0.9987633187522547,0.9988461157662396,0.9989164768570377,0.9989819003803561,0.9990427738069506,0.9990994512756318,0.9991522566864197,0.999201486089591,0.9992474111963419,0.9992902807269324,0.999335257057189,0.9993725069126207,0.9994073388312711,0.9994399291983032,0.9994704401515928,0.999499020864727,0.9995258088408949,0.9995509306846121,0.9995745031128135,0.9995966338662428,0.9996209194992941,0.9996403398956538,0.999658599913502,0.9996757776674567,0.9996919457407507,0.9997071711633242,0.9997215160474002,0.9997350380180148,0.9997477905407628,0.9997598231148082,0.9997736973796489,0.9997843441887408,0.9997944029668363,0.9998039105498382,0.9998129011902338,0.9998214067569324,0.999829457004236,0.9998370796346023,0.9998443003979581,0.9998530364798057,0.9998594656860628,0.9998655628920864,0.9998713476403128,0.999876838149301,0.9998820514804019,0.9998870035484029,0.99989170931655,0.9998961827131662,0.9999018760972118,0.9999058803359601,0.9999096906818142,0.9999133178891122,0.9999167719982529,0.9999200624515822,0.9999231980989463,0.9999261873201973,0.9999290378939453,0.9999328618394638,0.9999354250378875,0.9999378715145851,0.9999402074284963,0.9999424384546284,0.9999445700031633,0.9999466071729005,0.999948554747153,0.9999512973863351,0.9999530545076492,0.9999547357226405,0.9999563447881936
0.00016257556664437935,9.474936832187514e-08,4.343868580968166e-09,6.477014712385196e-09,1.1143207645666679e-08,2.0016736253045122e-08,3.6084744347815875e-08,6.45015265818027e-08,1.1949687393118902e-07,2.0492326941824085e-07,3.461252421823217e-07,5.754176463272122e-07,9.413983033892379e-07,1.5163152790323169e-06,2.456434134968171e-06,3.827844571008208e-06,5.887006746298066e-06,8.939756407801004e-06,1.341073362556993e-05,1.98835082788045e-05,2.915172408219184e-05,4.2284007542710065e-05,6.07061833727434e-05,8.684583244906136e-05,0.00012220976169405196,0.00017046112046257064,0.00023575405026396976,0.00032340931250522345,0.0004401935991584885,0.0005946523817348604,0.0007975056431678893,0.0010621134534605824,0.0014050192834955022,0.0018465799428797548,0.002411686997992184,0.003135897341541972,0.004045935477598276,0.005190203929479769,0.006620907459199943,0.008399804932697883,0.01059941010690743,0.013304176371293516,0.01661159304862195,0.020633096953213578,0.025494666622773682,0.031336936878245486,0.038314633102945146,0.04659509509272428,0.05635564162467998,0.06777952887190003,0.08108792435626673,0.09638545506233238,0.11386662681278972,0.13366479276643783,0.15587489576021452,0.18054168736098475,0.20764882463060125,0.23711012255417818,0.2687642846630593,0.30237427482502316,0.3376320825656757,0.3741690341860644,0.4115710601540282,0.44939763857114845,0.4872026002530348,0.5245547419864728,0.5610563049273021,0.5963577682997536,0.6301680228958307,0.6622596514497073,0.6924696211299697,0.7206961685006187,0.7468928336248841,0.7710607217759438,0.7932399370703888,0.8135009692190768,0.8319366163652708,0.8486547917927606,0.863839474228945,0.8774750140080174,0.8897520424175038,0.9007888232055479,0.9106987118013269,0.9195887600168514,0.9275588699661104,0.9347013818096844,0.9411009800145737,0.9468348344472748,0.9519729009626261,0.9565783235272252,0.9607494608659255,0.964452335809979,0.9677760042145472,0.970761196002996,0.9734442476513319,0.975857538975259,0.9780299048902084,0.9799870086737542,0.9817516844446627,0.9833442450454306,0.9847827623728438,0.9861093040875224,0.9872850942551613,0.9883500359454714,0.9893154757690436,0.9901915262311726,0.9909872053672445,0.9917105592352304,0.992368772914434,0.9929682654880951,0.993514777907718,0.9940134464173805,0.994485338298027,0.9949009741026926,0.9952812241617116,0.9956294074023396,0.9959485056198516,0.9962412003685144,0.9965099054416504,0.9967567950980757,0.9969838288273649,0.9971927759514926,0.9973963254101517,0.997573305339959,0.9977365661305507,0.9978872890858321,0.9980265441924923,0.9981553020491544,0.9982744431526552,0.998384767569206,0.998487002366699,0.998581809038135,0.9986697898964305,0.998758819863548,0.9988344786774025,0.9989048299794068,0.998970290118921,0.9990312395365466,0.9990880263332881,0.9991409691324735,0.9991903590817752,0.9992364640618348,0.9992848369448222,0.9993248998726736,0.9993623630237773,0.999397415955076,0.999430233019865,0.9994609745766115,0.9994897883278996,0.9995168104445022,0.9995421664073191,0.9995659720389167,0.9995920968021362,0.9996129877388039,0.9996326306463871,0.9996511097224513,0.9996685028910959,0.9996848822339646,0.9997003145627411,0.9997148618152641,0.9997285814322826,0.9997415267675984,0.9997564541465054,0.9997679089371789,0.9997787312219399,0.99978896060263,0.9997986339188978,0.9998077854961331,0.9998164472844633,0.9998246490108382,0.9998324185169571,0.9998418190639702,0.9998487369835223,0.9998552978072167,0.9998615224893993,0.9998674306348393,0.9998730405766574,0.9998783694532354,0.99988343332317,0.9998882472625664,0.9998943743771563,0.9998986835235637,0.9999027840833327,0.9999066875990285,0.999910404826128,0.9999139460084535,0.9999173206462337,0.999920537683555,0.9999236055589347,0.9999277213459861,0.9999304799710088,0.9999331130781299,0.9999356271604984,0.999938028411153,0.9999403226153739,0.999942515263648,0.9999446115107344,0.9999475637160081,0.9999494549657497,0.9999512646055289,0.9999529965789204
0.00017426333860096508,8.193724784636618e-08,4.162853553784211e-09,6.026041167882605e-09,1.042795431544478e-08,1.87601103720852e-08,3.3794772562008365e-08,6.038356066509637e-08,1.1206282035769391e-07,1.9201061727054566e-07,3.2405407464762445e-07,5.383312914513614e-07,8.802972432820074e-07,1.4172494201537948e-06,2.247712463147015e-06,3.5790935398759817e-06,5.502111861066053e-06,8.352279191300106e-06,1.2525725307016676e-05,1.8566665610907853e-05,2.7215180597384943e-05,3.946771703709848e-05,5.665356431361285e-05,8.106965338074571e-05,0.00011406016454887014,0.0001590676663364175,0.00021996457449922292,0.0003017105700475728,0.0004106127919977454,0.0005546363787193592,0.0007437735143400127,0.0009904776597742086,0.0013101713970380328,0.0017218340591077731,0.002248677617780795,0.002924212139466845,0.0037727428240416014,0.004839750491736441,0.006174001582966853,0.007833233731484894,0.009885308427543663,0.01240936335518622,0.015496902680911483,0.01925273883680271,0.0237956722795236,0.029258762611196157,0.03578901144957031,0.043546247244008775,0.05270097848810001,0.06343097906747955,0.07591638938122558,0.09037454379961997,0.10689001022117676,0.1256421120124038,0.14673935949896055,0.17024589984974872,0.19617055033253977,0.22445740151676777,0.25497925069301197,0.2875350541893667,0.321852303095271,0.3575947154512094,0.3943749979148317,0.431771721462902,0.4693487954066679,0.5066756377643984,0.5433461287467499,0.5789946624331236,0.613308130217443,0.6460332727151978,0.6769794486673762,0.7060173534991772,0.7330745397962167,0.7581287331186627,0.7811998829075335,0.802341835776188,0.8216342171760462,0.8391750207304696,0.8551454705896635,0.8695167526406474,0.8824813418970071,0.8941566391798386,0.904656392722036,0.914088981007623,0.9225562938861293,0.9301530990197265,0.9369667683774485,0.9430772889984673,0.9485574566541827,0.95347320822129,0.9579285691538793,0.9618860491397191,0.9654402009685253,0.9686339879077133,0.9715058090283155,0.974089936325833,0.9764169394113846,0.9785140544558699,0.9804055466004008,0.9821130241762743,0.9836557294754248,0.9850787075995756,0.986340209914432,0.9874830005058022,0.9885191971504527,0.9894596039749675,0.9903138609885436,0.9910905740436579,0.9917974300679923,0.9924413002144387,0.9930283311205779,0.9935640246069635,0.994071010182052,0.9945175862435794,0.9949261751610791,0.9953003355953199,0.995643265190404,0.9959578403965899,0.9962466503687106,0.9965120278930902,0.9967560762186796,0.9969806939224349,0.997199524509404,0.9973897959826702,0.9975653260901679,0.9977273829856019,0.9978771158088795,0.9980155666200878,0.9981436814859304,0.9982623198015848,0.9983722625921819,0.998474220540773,0.9985688407339407,0.9986645941387221,0.9987459672372481,0.9988216341812421,0.9988920423374484,0.9989576005273982,0.9990186829312787,0.999075631763607,0.9991287605550525,0.9991783567079847,0.9992303947923097,0.9992734934463603,0.9993137961072263,0.9993515067114873,0.9993868125786025,0.9994198862827556,0.9994508865421866,0.9994799597909243,0.9995072409161119,0.999532854498691,0.9995609645834054,0.9995834429312763,0.9996045788353474,0.9996244627731136,0.9996431786067926,0.9996608037707032,0.9996774101741531,0.9996930644192334,0.9997078283040688,0.9997217591885177,0.9997378238607606,0.9997501511286131,0.9997617979379552,0.9997728067734288,0.9997832173449946,0.9997930665314025,0.9998023887656662,0.9998112160352902,0.999819578200269,0.9998296963399284,0.9998371422039554,0.9998442037740465,0.9998509036799967,0.9998572629447,0.9998633013135589,0.999869037247586,0.9998744880320177,0.9998796697990371,0.9998862655474834,0.9998909040820106,0.9998953181527929,0.9998995201580338,0.9999035217191728,0.9999073337912554,0.9999109665806339,0.9999144298640571,0.9999177325155327,0.9999221636699399,0.9999251335249402,0.9999279682527488,0.9999306748752808,0.9999332600651982,0.9999357300338925,0.9999380907061473,0.9999403476018511,0.9999435263518691,0.9999455626295033,0.9999475109826523,0.9999493757984629
0.00018679135990207828,7.411752964489276e-08,3.832026959872435e-09,5.673925163871762e-09,9.839169479044442e-09,1.7596944710814952e-08,3.170152833533336e-08,5.653881471159102e-08,9.939111906495423e-08,1.800079211568835e-07,3.0344058591388346e-07,5.037410355456018e-07,8.232361085832969e-07,1.3247911685976516e-06,2.100315583758143e-06,3.347043608345253e-06,5.143004786089917e-06,7.804181818341541e-06,1.1700058756950628e-05,1.73381374117023e-05,2.5408503755352006e-05,3.684024766795103e-05,5.287271167538133e-05,7.514433583142687e-05,0.00010645708383497115,0.00014843822920999474,0.00020523384682743,0.0002814666171697034,0.00038301481645958857,0.0005173020781745024,0.000693641000028114,0.0009236389555037,0.0012216709990535142,0.0016054299982540604,0.0020965580215457245,0.002721365411055028,0.0035177470770850895,0.004512591647325537,0.005756724103011586,0.0073041015278563284,0.009218202458234152,0.011573142063564088,0.014454747819491917,0.017961519080297497,0.022205370992852004,0.027312033260327183,0.033420943227589484,0.04068444149698515,0.04926605537372836,0.05933764366011038,0.07107518883741085,0.08469467523725453,0.10028207121429482,0.11802301712956903,0.1380372006648842,0.16040551221610952,0.18515920840382255,0.21227012553517527,0.24164311527616633,0.2731118837170158,0.30643922475559787,0.34132224463571026,0.3774026163186849,0.41428123344646645,0.45153605082669684,0.48874142677817584,0.5254871285098807,0.5613952633056388,0.5961337826328782,0.6294257491866024,0.6610541274337224,0.6908624150687146,0.7187517848094797,0.7446756194455132,0.7686323960479392,0.7906577831329622,0.8108166490162366,0.8291955283413547,0.8459717014774542,0.8611014738548723,0.8747783206732286,0.8871178865310153,0.8982336042414876,0.9082346234548517,0.917224402436791,0.9252998313001828,0.9325507638264887,0.9390598706072449,0.9449027183134758,0.9501480092522526,0.9549056581591886,0.9591342630882577,0.9629341450723639,0.9663505625418702,0.9694240480217299,0.9721908423142167,0.9746833167699032,0.9769303602070007,0.9789577381512323,0.9807884229747865,0.9824428906607623,0.9839693715149213,0.9853229016273988,0.9865493118561334,0.9876615370115903,0.9886711187662788,0.989588359350988,0.990422460256447,0.9911816453046765,0.9918732678587734,0.9925039083806029,0.9930794592367684,0.9936242318741876,0.9941041278244628,0.9945432402329739,0.9949453846244734,0.9953139902865019,0.9956521425978302,0.9959626191459915,0.9962479234031868,0.9965103125205943,0.9967518241186548,0.996987130065626,0.997191733913239,0.9973804946567344,0.9975547745207188,0.9977158077966036,0.9978647138385695,0.9980025088227422,0.9981301160558503,0.9982483746235745,0.9983580483131601,0.9984598323546063,0.9985628408070912,0.9986503803737817,0.9987317839249157,0.9988075321442214,0.9988780646727721,0.9989437834781677,0.999005056645526,0.9990622211341535,0.9991155860070765,0.9991654346511686,0.9992179570587315,0.9992613254918922,0.9993019055003001,0.999339898793983,0.9993754906491643,0.9994088518683932,0.9994401401127864,0.9994695002449262,0.9994970662545333,0.9995273206573878,0.9995515135050249,0.9995742618999175,0.9995956632731232,0.9996158077223377,0.9996347785727596,0.9996526532213557,0.9996695033226832,0.9996853952916946,0.99970039085719,0.9997176842760328,0.9997309542322286,0.9997434916899924,0.999755342722679,0.9997665498854931,0.9997771529199495,0.9997871888058792,0.9997966919501586,0.99980569450707,0.9998165882506999,0.9998246046200425,0.9998322073943852,0.9998394208284442,0.9998462676357527,0.9998527690638167,0.9998589448963117,0.9998648138793855,0.9998703931653006,0.9998774955393195,0.9998824901239795,0.9998872431025576,0.999891767771292,0.999896076656083,0.9999001815759931,0.9999040935331991,0.9999078228708714,0.9999113793969869,0.9999161515127026,0.999919349736529,0.9999224024693781,0.9999253172930636,0.9999281013402714,0.9999307613514296,0.9999333037040209,0.9999357343152913,0.9999391580445607,0.9999413511371533,0.9999434495417842,0.9999454579826915
0.00020022003718155845,6.989152066705525e-08,3.6245472547824616e-09,5.34277158469193e-09,9.239317325864187e-09,1.6523823656612525e-08,2.9723512076450744e-08,5.296758654614126e-08,9.302489737233011e-08,1.687467788108613e-07,2.842259055001599e-07,4.7147361449845253e-07,7.7003253711722e-07,1.2385775047872644e-06,1.962804047935813e-06,3.130560906431204e-06,4.8079976804143605e-06,7.2928700717478094e-06,1.092977178431629e-05,1.619198103639766e-05,2.3723019091377577e-05,3.43890249702542e-05,4.934543869167912e-05,7.011958941253215e-05,9.936386923194183e-05,0.00013852162081642123,0.00019149093755682465,0.0002625799963602801,0.0003572669271284815,0.0004824699667511556,0.0006468675586155069,0.0008612766862863141,0.0011390945650293822,0.0014968122710835355,0.001954604271000323,0.002537002334875767,0.0032797458607089214,0.004207194802877743,0.005367135540900012,0.006809973809372083,0.008595061330322337,0.010791772283708265,0.013480557047252267,0.016753907963952458,0.020717150574324453,0.025488944317985967,0.03120135094598658,0.03799929687910697,0.04603923250932339,0.05548677449031435,0.06651312102529085,0.07929006130740004,0.09402913332894136,0.11079493012836715,0.12975794758407294,0.15101329835081528,0.174612006966053,0.2005510604478012,0.2287651281183853,0.25912108069441137,0.29141635645590347,0.32538190867849676,0.36069001556232755,0.3969666338880939,0.43380737259115243,0.4707956604184155,0.5075214049178055,0.5435984116328508,0.5786790819478084,0.6124653681624352,0.644715504787431,0.6752465575083856,0.703933287721186,0.730704063366683,0.7555347606289595,0.7784414586287391,0.7994727248194095,0.8187020860181278,0.836301651344006,0.852211042445298,0.8666238020203152,0.8796528495888504,0.8914104939005059,0.9020060186222597,0.9115439599711215,0.9201229648635981,0.927835105865421,0.9347655630986327,0.9409925646015318,0.9465875251433583,0.9516664650234008,0.9561836257756677,0.9602453699934099,0.9638993073454694,0.9671881650898024,0.9701502232397563,0.9728197313390778,0.9752273001154007,0.9774002693628198,0.9793630428440676,0.981137398217986,0.9827749693191059,0.9842273157263028,0.9855435518406982,0.9867374813118875,0.987821428108126,0.988806400221468,0.9897022342446594,0.9905177263591667,0.9912607445074678,0.991938333247824,0.9925568025501061,0.9931422740671761,0.9936580624271547,0.9941300614284913,0.9945623610341747,0.9949586392978972,0.9953222056983737,0.9956560403166413,0.99596282956958,0.9962449959122283,0.9965047269398764,0.996757803826344,0.9969778672989403,0.9971809011259669,0.9973683682494601,0.9975415944603719,0.9977017824855451,0.9978500237781961,0.9979873104574787,0.9981145444880565,0.9982325463882452,0.9983420634213968,0.9984529042877278,0.9985471013996214,0.9986346983213427,0.9987162125855469,0.9987921162466249,0.9988628417348924,0.9989287847448717,0.9989903077039449,0.9990477428516604,0.9991013948983315,0.9991579278038967,0.9992046077466803,0.9992482874333409,0.9992891836637842,0.9993274959674915,0.9993634080525269,0.99939708919948,0.9994286955356669,0.9994583711947667,0.9994909427043268,0.9995169881445126,0.9995414790503698,0.9995645201863391,0.9995862085071259,0.9996066337574524,0.9996258790859741,0.9996440215931601,0.9996611328689253,0.9996772792296885,0.9996959008929452,0.9997101896834227,0.9997236901375796,0.9997364516306653,0.9997485199303772,0.9997599379086918,0.9997707452581879,0.999780979143757,0.9997906741103203,0.9998024064966807,0.9998110397278358,0.9998192276285558,0.9998269963789136,0.9998343704046284,0.999841372468619,0.9998480241212141,0.9998543452297475,0.9998603545195519,0.999868004831626,0.9998733845182055,0.9998785039917185,0.999883377644693,0.9998880189893999,0.999892440609946,0.9998966544414531,0.9999006716835518,0.9999045028137722,0.9999096438125235,0.999913089044582,0.999916377603735,0.9999195176513533,0.9999225168794726,0.9999253825070348,0.9999281214055576,0.9999307399514362,0.9999344288021342,0.99993679152111,0.9999390522785381,0.9999412161232047
0.00021461411978584036,6.882108225519745e-08,3.0157488014708017e-09,4.45729537554886e-09,8.653219835422083e-09,1.5572025858825578e-08,2.7878370022621297e-08,4.960937907426061e-08,8.708354402107663e-08,1.5825328256822038e-07,2.662870173055208e-07,4.4137410847298e-07,7.203752991925644e-07,1.158106966580854e-06,1.8345200192398728e-06,2.864789527874957e-06,4.495492751153931e-06,6.815849187268042e-06,1.0211151320266731e-05,1.512272898548995e-05,2.2150530092153217e-05,3.210223873644345e-05,4.605476506775157e-05,6.543184565121777e-05,9.274641716802983e-05,0.00012927007298193008,0.00017866958376424442,0.0002449597575925664,0.0003332453347608593,0.00044997268859730925,0.0006032284401085409,0.00080309182934843,0.0010620470178459437,0.0013954619753721467,0.0018221402768444088,0.002364950616990372,0.003057615263782615,0.003922126200986062,0.0050034208235533555,0.006348569910844302,0.008013042546778006,0.010061741348730705,0.012570029014160801,0.015624691407645993,0.019324759845928026,0.023782092775386728,0.029121588627243938,0.03548087552299525,0.043009295986070804,0.05186598941677364,0.06221686717183801,0.074230299604699,0.08811733338662281,0.10394474622707159,0.12189018846105953,0.14206062249955284,0.16452425342114474,0.1893006108652747,0.2163518024432342,0.24557600397303142,0.276804232704921,0.3098012420205615,0.3442710140494654,0.37986679013550384,0.41620502010428995,0.45288206816914794,0.4894921538099108,0.5256448654158463,0.5609807002153687,0.5951834525640761,0.6279887131303832,0.6591883112258972,0.6886309496095795,0.7162196480851131,0.7419067861862555,0.76568759810527,0.7875928931434671,0.8076816565807143,0.8261195789183018,0.8428277178024305,0.8579986872409935,0.8717416080558992,0.8841667775676253,0.8953828907774779,0.9054949909857891,0.9146030443543953,0.9228010267069318,0.9301763995195892,0.9368099048856338,0.9427755873721307,0.9481957704222016,0.9530198514978161,0.9573605056059687,0.9612677372742762,0.964786527537457,0.9679572589570852,0.9708161294971543,0.9733955429163429,0.9757244854153478,0.9778288620938933,0.9797318184124834,0.9814886285774711,0.9830470864673808,0.9844598249082916,0.985741568249678,0.9869054722284659,0.9879632950267117,0.9889255501009288,0.9898016427521145,0.990599991338759,0.9913281354306275,0.9919928317397237,0.9926221510541048,0.9931766160712274,0.993684058494351,0.9941488642597303,0.9945749772195984,0.9949659476384209,0.9953249731103816,0.9956549360999626,0.995958437253623,0.9962378246285054,0.9965100771124443,0.9967468235507664,0.9969652614018538,0.9971669621350563,0.9973533499654619,0.9975257170791648,0.997685236605435,0.9978329745744932,0.9979699000498498,0.9980968956011859,0.9982147642405188,0.9983340645215666,0.9984354524705045,0.9985297397472513,0.9986174824061453,0.9986991886132172,0.9987753231845855,0.9988463116274439,0.9989125438114823,0.99897437710876,0.9990321393556375,0.9990930062800347,0.9991432649703587,0.9991902946732883,0.9992343285733024,0.9992755813213576,0.9993142505584249,0.9993505184452619,0.9993845530309744,0.9994165092725087,0.999451585989797,0.9994796343028507,0.9995060091788104,0.9995308232953536,0.9995541809753394,0.9995761787992985,0.9995969062985125,0.9996164465866091,0.9996348763344118,0.9996522672678616,0.9996723255067929,0.9996877163077131,0.9997022582359639,0.9997160044370156,0.9997290042369242,0.99974130369814,0.9997529456206785,0.9997639699764599,0.9997744139834679,0.9997870537189681,0.9997963542838739,0.9998051752737107,0.9998135448293757,0.9998214892328455,0.9998290331303813,0.9998361994993527,0.9998430099060492,0.9998494844678242,0.9998577277748304,0.9998635241823564,0.9998690402880993,0.999874291621132,0.9998792926883322,0.9998840571328433,0.9998885977343438,0.9998929265370898,0.9998970548522346,0.9999025951870183,0.9999063078142743,0.9999098516539439,0.9999132354842538,0.9999164676336968,0.9999195558384586,0.9999225074804546,0.9999253294793052,0.9999280284233921,0.9999318517642354,0.999934288330337,0.9999366204133763
0.0002300430119772917,6.187204650106788e-08,2.895269450831005e-09,4.161218101050683e-09,8.17229104974336e-09,1.4589285312164476e-08,2.61498592704372e-08,4.647484387144463e-08,8.154771372461955e-08,1.48474743024738e-07,2.4956923370500665e-07,4.13262008341929e-07,6.740769226984696e-07,1.0830317542328805e-06,1.7147936544742113e-06,2.676849503401593e-06,4.203857757223462e-06,6.3708063525573115e-06,9.540708102159536e-06,1.4125138861310442e-05,2.0683547756177176e-05,2.9968774555529163e-05,4.2984760645397045e-05,6.105852426005801e-05,8.592916747691117e-05,0.00012063900064932011,0.00016670810826005294,0.00022852114023321176,0.0003108344061150434,0.0004196539650459544,0.0005625140616120335,0.0007488052233329924,0.0009901590238566337,0.0013008947130930734,0.001698534672728862,0.002204392945621671,0.002844241694941618,0.003656045246111003,0.004663881399512896,0.005917753880974743,0.007469481104667713,0.009379751673927976,0.011719119786205788,0.014568957093208438,0.018022294550268884,0.022184464903767877,0.02717343408027931,0.0331196815818775,0.04016546737308965,0.04846329947573027,0.058173409738603264,0.06946005643042541,0.08248650493058572,0.09745897348035094,0.11442173906019847,0.13353762788006068,0.15488955026630735,0.17851699764318937,0.20440705423466365,0.23248712392859458,0.2626203887552895,0.2946048992750796,0.32817691138590316,0.36301864483980545,0.39877011330850454,0.4350441424855241,0.4714432655430992,0.5075769523915296,0.5430776338704549,0.5776142058225402,0.6109021096352157,0.6427095615486601,0.6728599837278811,0.7012310490427567,0.7277510385770328,0.7523932844167742,0.7751694938444132,0.7961226354080699,0.8154107322405006,0.8329343471092691,0.8488840991322694,0.8633641586980171,0.8764818338730622,0.8883444174597964,0.899056808396788,0.9087197870998064,0.9174288433764077,0.9252734424340536,0.9323366497530825,0.9386950112999043,0.9444773508258582,0.9496276655211773,0.9542652193573576,0.9584424416266522,0.9622066127293524,0.9656002787301179,0.9686616493885492,0.971424992788077,0.9739210093192694,0.9761771774857255,0.9782180788860865,0.9801028762891982,0.981775286419869,0.9832917095315982,0.9846678457457658,0.9859177330918854,0.9870539270683192,0.9880876613867208,0.989028991184893,0.9898869210882665,0.9906695198624694,0.9913840210958755,0.9920605962421073,0.9926567506497689,0.9932024057367761,0.9937022632271197,0.9941605540853916,0.9945810854222588,0.9949672884833108,0.9953222569920342,0.9956487822019012,0.9959493854317105,0.9962423380197731,0.9964970951758227,0.9967321650345289,0.9969492354751905,0.9971498370500206,0.9973353581559986,0.9975070598002254,0.9976660873558502,0.9978134830335427,0.9979501951594522,0.9980770873098351,0.9982055293377111,0.998314687922088,0.9984162054847059,0.9985106799336178,0.9985986578176589,0.9986806392971145,0.9987570819022284,0.9988284050872477,0.9988949932871787,0.9989571992003614,0.9990227527285793,0.9990768811346211,0.9991275333681853,0.9991749603293508,0.9992193930199095,0.9992610441272285,0.9993001097713796,0.9993367707094286,0.9993711937839908,0.999408980562807,0.9994391955664784,0.9994676085064921,0.9994943407243474,0.9995195045311374,0.9995432037718768,0.999565534940266,0.9995865874596119,0.9996064440107278,0.9996251816401913,0.9996467946844521,0.9996633780163816,0.9996790470884285,0.9996938589946498,0.9997078669003306,0.9997211204261148,0.9997336656814774,0.999745545629543,0.999756800424879,0.9997704224665795,0.9997804454607645,0.9997899517663438,0.999798971745812,0.999807533689458,0.9998156641280609,0.9998233878456926,0.9998307279962554,0.9998377063535615,0.9998465918311669,0.999852839425568,0.9998587850486749,0.9998644453620332,0.9998698360133347,0.9998749716952577,0.9998798661766971,0.9998845324076552,0.999888982599124,0.9998949555018805,0.9998989577321322,0.9999027780637921,0.9999064259704963,0.9999099103833268,0.9999132397369136,0.9999164218359252,0.9999194642531175,0.9999223740199242,0.9999264965067421,0.9999291234565014,0.9999316378725293
0.0002465811075822604,6.019011733076057e-08,2.615253344030722e-09,3.943354650653768e-09,7.641206817395665e-09,1.3723263713847129e-08,2.4520464915064072e-08,4.357591759343668e-08,7.636812625873595e-08,1.3935250405830672e-07,2.3395948257641557e-07,3.870625045994744e-07,6.308734254307739e-07,1.0130169056262895e-06,1.6031571859824364e-06,2.5015265006735666e-06,3.931824442912811e-06,5.955622796729061e-06,8.915262584401256e-06,1.3194519222100894e-05,1.9314983574605902e-05,2.7978431107602093e-05,4.012068985050769e-05,5.697852360942063e-05,8.017255420830165e-05,0.00011258683046291761,0.00015554886491323056,0.00021318489744504327,0.00028992617175606047,0.00039136797028324594,0.0005245288027822952,0.0006981563950406441,0.0009230862452401538,0.0012126583012124035,0.0015831978136451902,0.002054565826857707,0.002650782510638947,0.003407698486517069,0.0043469282645139775,0.005515525844228552,0.006961879393094009,0.008742709017615334,0.010924028506454884,0.013582079815243491,0.01680418286261877,0.02068942319719201,0.025349078077441228,0.030906657273902877,0.037497409823389595,0.04526712897737574,0.05437007207494871,0.06496581845465911,0.07721490896566588,0.0913238579845883,0.10733979916475862,0.12543341779145092,0.1456999872852907,0.1681964457454144,0.1929323577301067,0.21986212050909906,0.24887937983156225,0.27981457059847376,0.3124362986308289,0.34645692843885617,0.381542265719972,0.41732472635393575,0.453418908631893,0.48943819442613923,0.5250108843785374,0.5597944974891684,0.5934871762508501,0.6258355668660663,0.6566390013411997,0.6857502004769935,0.7130730574625627,0.7385581890644042,0.762197019717442,0.7840151029122432,0.804161587818204,0.8225145713891493,0.8392615637778581,0.8545005600905031,0.8683348074246755,0.8808693023360642,0.8922080681248292,0.9024521037999195,0.9116979613413536,0.920036771377746,0.9275536763632724,0.934327561550086,0.9404939215722623,0.9459907457911313,0.9509441531528777,0.9554090101882814,0.9594349382779679,0.9630666905714168,0.966344551498071,0.9693047188532962,0.9719796763197965,0.9743985439916579,0.9765874081351515,0.9786095853865359,0.9804043740748424,0.9820322085343142,0.9835098217664986,0.9848521872696412,0.9860727072101053,0.987183380920754,0.9881949556449191,0.9891170615873538,0.9899583315871465,0.9907265094557788,0.9914540294096895,0.992095135953596,0.9926820036295616,0.9932196731642831,0.9937126814466977,0.9941651129240537,0.9945806492788727,0.9949626107669157,0.9953139941924403,0.9956375059162915,0.995952814683969,0.9962270251878276,0.9964800610423181,0.9967137359375648,0.9969296945753006,0.9971294295509154,0.9973142958069988,0.9974855250272013,0.997644237321362,0.9977914529932724,0.9979281000285206,0.9980664259745691,0.9981839863574355,0.9982933220690334,0.998395076167882,0.9984898367246164,0.9985781415872242,0.9986604833754602,0.9987373133966018,0.9988090449735304,0.998876058088096,0.9989466820084427,0.9990049971234447,0.9990595688916707,0.9991106672429071,0.9991585409034175,0.9992034188185407,0.9992455121866877,0.9992850154817242,0.9993221084206466,0.9993628285729796,0.9993953888390806,0.9994260078810426,0.9994548164318855,0.9994819353450571,0.9995074765976781,0.9995315440108777,0.9995542337902963,0.999575635139203,0.9995958309867821,0.9996191276755282,0.9996370024140703,0.9996538919577757,0.9996698580208213,0.9996849576929197,0.9996992445132854,0.9997127680744804,0.9997255747773974,0.9997377077528122,0.9997523939084522,0.9997631993919177,0.9997734481157843,0.9997831727011376,0.9997924036408735,0.9998011695194379,0.9998094970196886,0.999817411163087,0.999824935328832,0.9998345166691279,0.9998412531848744,0.9998476642296241,0.9998537677117535,0.9998595805362758,0.9998651184994044,0.9998703964610571,0.9998754284006176,0.9998802274260554,0.999886669201469,0.9998909853217804,0.9998951053451873,0.999899039475862,0.9999027973530138,0.9999063880084657,0.9999098199921592,0.9999131013483751,0.9999162396645965,0.9999206864988555,0.9999235198983427,0.9999262319597741
0.00026430814869741055,5.5124063979341804e-08,2.4833542782213017e-09,3.6789035834374822e-09,7.2283051547998685e-09,1.2889392094709892e-08,2.3055353032341756e-08,4.088307526377591e-08,7.153930458559205e-08,1.2329738979295273e-07,2.1939984218761314e-07,3.6263000758423916e-07,5.905664568524414e-07,9.476882339152062e-07,1.4989877003380994e-06,2.337963580498587e-06,3.6780152489067407e-06,5.568267948699121e-06,8.331721608087212e-06,1.2326276675589427e-05,1.8038148648844457e-05,2.61215719983445e-05,3.744875558074659e-05,5.3172199721120113e-05,7.480211407310741e-05,0.00010430153648648955,0.00014513809582627213,0.0001988772888908526,0.000270420186095106,0.00036497865128748,0.0004890900514410518,0.0006509021341182212,0.0008605070982675577,0.0011303304393899076,0.0014755791822615174,0.0019147563531763646,0.0024702437430771536,0.0031689573532589204,0.004051074851288663,0.0051400138343503056,0.006487897432054224,0.008147711057461308,0.01018118544107094,0.01265970765409905,0.015665170698015034,0.0192906918657915,0.02364111371926268,0.028833176431714288,0.03499522995083094,0.04226632997589915,0.05079455039611237,0.060734338949948445,0.07224275866521236,0.08547450115664043,0.10063109856774144,0.11773622905096204,0.1369463344229347,0.15833337836329356,0.18192691875588546,0.20770601122395255,0.23559283529010272,0.2654489436569708,0.29707491447038026,0.33021390937312395,0.36455924525744265,0.39976561340004246,0.43546311147151007,0.4712729056063473,0.50682312379122,0.5417636056369609,0.5757783616168701,0.6085948987389094,0.6399900658523443,0.6697924294924497,0.6978815589870834,0.7241848187474715,0.7486723721709742,0.7713510933556269,0.7923601004185415,0.8115530557432548,0.8291132102984442,0.8451310931181308,0.8597047483055965,0.87293588909436,0.8849268304268173,0.8957781354266595,0.9055868846580148,0.9144454678070637,0.9224408043502249,0.9296539052858134,0.9362270927213007,0.9420916643856918,0.9473808570589136,0.9521519739429462,0.9564569915388483,0.9603429146138074,0.963852152073021,0.9670228917849056,0.9698894670251992,0.972482707338193,0.974830270158286,0.9769999098441555,0.9789261320539362,0.9806736914731964,0.9822604110513876,0.9837022559417945,0.9850135260287902,0.986207034688741,0.9872942656811199,0.988285515247798,0.9891900182691973,0.9900160632570061,0.9907985235275514,0.9914881180432629,0.9921194504020002,0.9926979245769091,0.9932284058146607,0.9937152760920137,0.9941624858612109,0.9945735987990719,0.9949518321456703,0.9953000924321452,0.9956395573076632,0.9959347890141089,0.9962072415725677,0.9964588639358447,0.9966914238991555,0.9969065256423778,0.9971056258548294,0.9972900491813942,0.99746100021381,0.9976195754586172,0.9977667739511529,0.9979157921002391,0.9980424417947348,0.998160235980756,0.9982698665834275,0.9983719663686967,0.9984671141636375,0.9985558401931877,0.9986386300127635,0.9987159288872833,0.9987881454365001,0.9988642583510304,0.9989271059061419,0.9989859209741101,0.9990409943708818,0.9990925937794226,0.9991409657778714,0.9991863376807313,0.9992289190548701,0.999268903375223,0.9993128007540559,0.9993479011014363,0.9993809096775784,0.9994119672605045,0.9994412041034231,0.999468740668536,0.9994946890601807,0.9995191526824129,0.9995422277385072,0.9995640034681469,0.999589124596413,0.9996083986228895,0.9996266107860554,0.9996438274866573,0.9996601103530249,0.9996755169532606,0.9996901008425791,0.9997039119181782,0.9997169967633301,0.9997328364621152,0.9997444901524913,0.9997555436127451,0.9997660319992735,0.9997759881679917,0.9997854429275577,0.9997944250499873,0.9998029614448039,0.999811077407639,0.9998214133668717,0.9998286800311141,0.9998355957217068,0.999842179793619,0.9998484503972116,0.9998544246322816,0.9998601184903407,0.9998655470055986,0.9998707243604151,0.9998776747875759,0.9998823313328978,0.999886776391369,0.9998910210098761,0.9998950754872039,0.9998989496489933,0.9999026526488961,0.9999061931904455,0.9999095794599495,0.9999143782522787,0.9999174356156303,0.9999203621248219
0.0002833096101839324,5.3293859170737045e-08,2.3272468327435016e-09,3.4689085492322318e-09,6.018419945631099e-09,1.2140079683538494e-08,2.163888208072556e-08,3.833604005225115e-08,6.702958382542741e-08,1.1539775546668709e-07,2.0581760546010186e-07,3.398204226393163e-07,5.529628925617626e-07,8.867532966401329e-07,1.4018015936093003e-06,2.1853636915971184e-06,3.3614460554775584e-06,5.206893444324308e-06,7.787343641526852e-06,1.1516281658076005e-05,1.6846976633112202e-05,2.4389269044631588e-05,3.495600913203272e-05,4.96211980801156e-05,6.97919087854951e-05,9.729699525794841e-05,0.00013542565994626837,0.0001855293368131932,0.0002522224393876434,0.00034035910133396307,0.0004560275349747971,0.0006068155295623335,0.0008021215490287803,0.001053517014600959,0.001375164630238646,0.0017842983783199634,0.00230176843238489,0.0029526546195454474,0.0037749312241684213,0.004789466092214763,0.006045343284255131,0.007592036532239673,0.00948723894068269,0.011797748174217889,0.014600307599409666,0.017982343500062153,0.022042523395803613,0.02689103628116903,0.03264947642426003,0.03945019169619499,0.047434938851973904,0.05675268357290017,0.0675563872429933,0.07999865656426483,0.09428202962005856,0.11043359514470719,0.12861822618433144,0.14892061034253984,0.1713878594327293,0.19602130106655047,0.22276954736535354,0.25152370748979397,0.2821155453982241,0.3143191893023649,0.34785667424329564,0.38240717579252226,0.4176193479337344,0.45312577710252816,0.488558309196976,0.5235629160759215,0.557812878783316,0.5910193472274313,0.6229387019961966,0.6533765627269238,0.6821886143308254,0.7092787513911551,0.7345951384327102,0.7581248677664378,0.7799959716691944,0.800035740768339,0.8184219940422952,0.8352364586988719,0.8505707568904116,0.8645222535408481,0.877190648589095,0.8886753101835778,0.8990732435941642,0.9084776207053993,0.9169767767024757,0.9246535810712726,0.931657317029518,0.9379118298992394,0.9435577298798745,0.9486547269650618,0.9532571573723875,0.9574143037687773,0.9611707423799528,0.9645667036214861,0.9676384312620127,0.9704185295846158,0.9729362956143439,0.9752642171923984,0.9773316039333437,0.9792078313068514,0.9809118747367571,0.9824607468126475,0.9838696996690279,0.9851524107174146,0.9863211464707036,0.9873869123805789,0.9883595859163083,0.9892480366244003,0.990089767408801,0.9908316827785402,0.9915110068009829,0.9921335332563297,0.9927044792120037,0.9932285448981294,0.9937099705518377,0.9941525805663692,0.9945598290403954,0.9949348384582796,0.9953004170134573,0.995618376238162,0.9959118240593609,0.9961828556256557,0.9964333711134147,0.9966650953487177,0.9968795943201053,0.9970782929051552,0.9972624866214252,0.9974333552067556,0.9975919731880163,0.9977525648086647,0.9978890533282212,0.9980160042806274,0.9981341623160852,0.9982442084709284,0.9983467660810369,0.9984424053648027,0.9985316494841128,0.9986149778806043,0.9986928304023993,0.9987748892790883,0.9988426465959299,0.998906058520609,0.9989654385051802,0.9990210745097982,0.9990732324516748,0.9991221569152141,0.9991680737913053,0.9992111914880726,0.999258532416828,0.9992963857575038,0.9993319843891121,0.9993654796729974,0.9993970122443864,0.9994267119987919,0.9994546993125641,0.9994810859963681,0.9995059756133186,0.999529464335479,0.9995565638695266,0.9995773551997734,0.9995970015596309,0.9996155744437205,0.9996331404230916,0.9996497615100907,0.9996654953594186,0.9996803958091957,0.999694513076931,0.9997116040705826,0.999724177884476,0.9997361043274519,0.9997474212761884,0.9997581642510661,0.9997683663796172,0.9997780587177356,0.9997872703182055,0.9997960283683877,0.9998071831976487,0.9998150251343781,0.9998224884394015,0.999829594001245,0.9998363614232378,0.9998428090931643,0.9998489542943827,0.9998548132507336,0.9998604012113222,0.9998679038521648,0.999872929906004,0.9998777278172868,0.999882309420089,0.9998866858921747,0.9998908678072508,0.9998948650518341,0.9998986869659772,0.9999023424276225,0.9999075234139134,0.9999108239502591,0.9999139832409121
0.0003036771118035457,4.5656702318057e-08,2.1610185333506836e-09,3.2497077540851738e-09,5.650402620998777e-09,1.1418732236662538e-08,2.0337014084227937e-08,3.598526647567257e-08,6.283883893103018e-08,1.0807103801897756e-07,1.9313847768895564e-07,3.1855716406520576e-07,5.178765033896653e-07,8.298943658846375e-07,1.3111297116049165e-06,2.043022163386405e-06,3.141143394719005e-06,4.869764164777512e-06,7.2794775957752025e-06,1.076060453481461e-05,1.5735699382410168e-05,2.2773177134397835e-05,3.2630490271620676e-05,4.630838998064967e-05,6.511781472388075e-05,9.076234051188484e-05,0.00012636475054341142,0.00017307678551886302,0.00023524534615219068,0.0003173908005724521,0.0004251822313400659,0.0005656848148013719,0.0007476494085246217,0.000981850009776588,0.001281474084782515,0.0016625699263337992,0.002144556038132875,0.002750794785453357,0.003509232466510779,0.004462243429130937,0.005632164829913633,0.007073134864090579,0.008839043828925204,0.01099235525387957,0.013604932162541739,0.016758783903114548,0.020546666037322452,0.025072446857395788,0.030451135846806074,0.03680844590176397,0.04427974887035792,0.05300826782941673,0.06314235660578264,0.07483173207678917,0.0882225715028522,0.10351249793100109,0.12070434016833913,0.13994954220389874,0.16131041009055158,0.18480814944520574,0.21041558869045113,0.23805159448675903,0.2675779748740567,0.2987995436762422,0.3314677627866598,0.3652880109744861,0.39993012738426537,0.43504145207264827,0.47026129492547686,0.5052355800995452,0.5396304491750228,0.573143773401133,0.6055138598109429,0.6365249878848057,0.6660097989267324,0.6938488462481458,0.7199678424059399,0.7443331976122431,0.7670609439558114,0.7879501110313155,0.8071719406134675,0.8247979837281458,0.8409121690790012,0.8556063654422564,0.8689766674991736,0.8811204092861785,0.8921338327483246,0.9021103384286101,0.9111392487856428,0.9193049713608732,0.9267638461965508,0.9334314303003638,0.9394559458696998,0.9448994557902939,0.949818639721086,0.9542650652577305,0.9582855079854008,0.9619222850386874,0.9652136061812558,0.9681939110598351,0.9708942009108663,0.9733920157346234,0.9756110194706692,0.9776255360452912,0.9794557538078881,0.9811197917086546,0.9826339100423184,0.984012701928768,0.9852692657931673,0.986415362090072,0.9874615521616538,0.9884173258677522,0.989323022145725,0.9901214159396882,0.9908525598733275,0.9915226645399619,0.9921373240214674,0.9927015820066908,0.9932199870023254,0.9936966451614035,0.9941352651380452,0.9945391996726818,0.994933023995016,0.9952755677542097,0.995591730316768,0.9958837634650198,0.9961537101824679,0.9964034249534492,0.9966345927671688,0.996848745597275,0.9970472774022483,0.9972314571538727,0.9974024415197282,0.9975755682781111,0.9977227138728075,0.9978595837854717,0.9979869798123688,0.9981056352807576,0.9982162211983066,0.9983193517630315,0.9984155903891172,0.9985054532152218,0.9985894141301003,0.9986779183708212,0.9987509978620988,0.9988193932048248,0.9988834418708851,0.9989434544370356,0.9989997172104026,0.9990524938450727,0.9991020277392254,0.9991485434986545,0.9991996193392119,0.9992404585002588,0.9992788661794724,0.9993150058322323,0.999349028740651,0.9993810749409171,0.9994112743730067,0.9994397474115034,0.9994666057644032,0.9994919531317101,0.999521199578677,0.9995436373484693,0.9995648400488518,0.9995848847780121,0.9996038433128231,0.9996217824342618,0.9996387644351565,0.999654847298502,0.9996700851693265,0.9996885347248693,0.9997021073954128,0.9997149815049469,0.9997271980156492,0.9997387951843525,0.9997498087631375,0.9997602722315294,0.9997702169144783,0.9997796721930934,0.9997917164564311,0.9998001830756064,0.9998082410707653,0.9998159130002154,0.9998232199807217,0.9998301818595309,0.9998368173025526,0.9998431438081454,0.9998491778157258,0.9998572803171082,0.9998627078078391,0.9998678890100408,0.9998728367748935,0.9998775630482036,0.9998820792947574,0.9998863961658336,0.9998905238738552,0.999894471813695,0.9999000681816701,0.9999036329586373,0.9999070452280723
0.00032550885998350565,4.546460248382988e-08,1.9818294237298437e-09,3.0156074857235783e-09,5.300270667982642e-09,1.0760532228209742e-08,1.911813916605796e-08,3.377762776021303e-08,5.891722116020628e-08,1.0123703935263564e-07,1.8131496590910758e-07,2.9869472419922863e-07,4.851464866278172e-07,7.7683463153531e-07,1.2265526058514756e-06,1.910170851341973e-06,2.9356127053437765e-06,4.555226785136984e-06,6.8056605044836226e-06,1.005560102002297e-05,1.469896021816556e-05,2.1265450063041313e-05,3.0460965189817786e-05,4.321782692007738e-05,6.075727611775409e-05,8.466607943854892e-05,0.00011699031944212942,0.0001614596407635591,0.00021940719301412722,0.000295963268636397,0.00039640581613179096,0.0005273123751732962,0.0006968291980636627,0.000914986136186986,0.0011940595000954756,0.0015489902416662312,0.0019978587124020297,0.0025624213610079315,0.003268709898295532,0.004156812630633118,0.005246440895529042,0.006588616144195202,0.008233649841883078,0.010239915964480612,0.01267465844934195,0.015614738370821666,0.01914726295116649,0.02337002029602112,0.028391625919235483,0.03433126824677259,0.0413179220424392,0.04948888788435556,0.05898751089174088,0.06995994465947233,0.08255085888421611,0.0969595082728312,0.11319256554267867,0.13141034889639774,0.15168810328029855,0.17406455085751077,0.19853445467544853,0.225042457945062,0.2534789716811481,0.2836788109955312,0.315423095384202,0.3484446308445382,0.3824366128195651,0.4170641057971791,0.4519774014963927,0.4868261399367973,0.5212730054007776,0.5550059107006602,0.5877478170789586,0.6192636718443523,0.6493643091814586,0.677907443966916,0.7047961970303723,0.7299756470805708,0.7535490817604797,0.7752854880637066,0.7953484172238666,0.8137978676993547,0.8307087571213907,0.8461662469748956,0.8602617566209959,0.8730896632493808,0.8847446690244933,0.8953197777942743,0.9049047944871771,0.913585276548951,0.921524693052589,0.9286293790229446,0.9350553931971505,0.9408670677801153,0.9461233799196127,0.9508781754582987,0.9551804416473197,0.9590746197966107,0.9626009297443378,0.965795702919635,0.9686917060619783,0.9713718673408893,0.9737537167234681,0.9759168715509621,0.9778827958296541,0.9796707759574415,0.9812981371601377,0.9827804426015286,0.9841316738906639,0.9853643930087467,0.9864898910165824,0.9875183174421557,0.9884930729524346,0.9893524574088023,0.9901395786261251,0.9908610922957023,0.9915229981011863,0.9921307057151025,0.9926890971302719,0.9932025797609664,0.9936751356041812,0.9941103663329092,0.9945347587083456,0.9949039114817199,0.9952446630385899,0.995559434114052,0.9958504215589985,0.996119620032258,0.9963688420131578,0.9965997356682093,0.9968138008384838,0.9970124034947382,0.9971967883812215,0.9973835012397718,0.997542196781556,0.997689818361036,0.9978272290366542,0.9979552182515471,0.9980745088235319,0.9981857626374467,0.9982895861500471,0.9983865356925385,0.998477121816573,0.9985726176793259,0.9986514703696816,0.9987252717705465,0.9987943856061846,0.9988591466830251,0.9989198634065254,0.9989768201407786,0.9990302791671778,0.9990804826102226,0.999135612427185,0.9991796923666887,0.9992211492590546,0.9992601593068037,0.9992968856098285,0.9993314792821301,0.9993640803437056,0.999394818659403,0.9994238146617432,0.9994511802191386,0.999482758283171,0.9995069840753403,0.9995298770268533,0.9995515202795681,0.9995719912869628,0.9995913620517158,0.9996096997935401,0.9996270671020394,0.9996435223383083,0.9996634480009393,0.9996781058031905,0.9996920095779838,0.9997052034670256,0.9997177287853515,0.9997296240863264,0.9997409255248859,0.9997516668890828,0.9997618798532578,0.9997748908580801,0.99978403641677,0.9997927408390798,0.9998010283330272,0.9998089218162691,0.9998164426542375,0.9998236110120136,0.9998304457492719,0.999836964646019,0.9998457194916518,0.9998515834045674,0.9998571813591275,0.9998625271518693,0.9998676338441558,0.9998725136779335,0.9998771781956769,0.9998816383268369,0.9998859043529815,0.9998919525555022,0.9998958047153444,0.999899492174609
0.0003489101213406774,4.111301569338553e-08,1.9075475261069527e-09,2.8560243999986587e-09,4.9748652131093866e-09,1.0130879601440662e-08,1.797383804826817e-08,3.1713220807960136e-08,5.526348729277223e-08,9.486826409907321e-08,1.6023862066567034e-07,2.801764055189247e-07,4.5460495787858396e-07,7.273515380983079e-07,1.1476371450813423e-06,1.7862622430789868e-06,2.743870778469096e-06,4.161636667292183e-06,6.363630968636833e-06,9.397894529611766e-06,1.373175268772376e-05,1.9858897000842163e-05,2.8436976506243125e-05,4.0334601545115e-05,5.668928979792159e-05,7.897884893842303e-05,0.00010910856243268646,0.00015062195428864326,0.00020463169265238736,0.0002759732610017281,0.00036955987535875,0.0004915137662386392,0.0006494170642533797,0.0008526046640484912,0.0011125025290835756,0.0014430169911075097,0.0018609780966846448,0.0023866407553113415,0.003044245557098811,0.0038717397248737135,0.004886373404900432,0.006136241869782918,0.007668290564843301,0.009537038308806466,0.011805361716525747,0.01454523648125456,0.017838383771061065,0.021776757476370864,0.026462786928144407,0.032009276033885634,0.03853883926659476,0.046182743624610015,0.05507901886862563,0.06536970196923685,0.0771971068056245,0.0907609143924916,0.10607016157576402,0.12329216189399489,0.14251296836821212,0.16378652446694061,0.18712722448445293,0.21250338090302767,0.2398323220018702,0.26897782367157946,0.29975045574631004,0.3319111854226949,0.3651782614239032,0.39923703125108445,0.43375199375004636,0.46838012338647594,0.5027843505627722,0.5366461144422512,0.569676045659993,0.6016221336761384,0.6322750362030937,0.6614705260619729,0.6890893344273186,0.7150548530366864,0.7394570825675872,0.7620333349450168,0.782938425913576,0.8022194476561398,0.8199409625258065,0.8361801687723941,0.8510226635027743,0.8645588622190808,0.8768810724479774,0.8880811861413678,0.8982489143630109,0.9074705073109635,0.9159165973400775,0.923483264172862,0.9303346113085021,0.9365371121591868,0.9421519757797995,0.947235289933308,0.9518382534348686,0.9560074488328778,0.9597851452783183,0.9632096132310138,0.9663154418451442,0.9691913019839253,0.9717480539487455,0.9740709774668577,0.9761828749665401,0.9781042614979313,0.9798535860357818,0.9814474383472102,0.9829007354881216,0.9842268920622513,0.9854379730974181,0.9865448335074143,0.9875941759758997,0.9885194519514717,0.989367066933442,0.9901441547439123,0.9908571486316451,0.9915118516541468,0.9921135026525473,0.9926668333447259,0.9931761201914563,0.9936452314607913,0.9941027242812734,0.9945006941908839,0.9948680794234188,0.9952074834431984,0.9955212685623174,0.9958115808154748,0.9960803701123906,0.9963294100358674,0.9965603151311525,0.9967745554689935,0.9969734712515635,0.9971749184101989,0.9973461418872495,0.9975054257957585,0.9976537002913723,0.9977918160590149,0.9979205514337381,0.9980406197960947,0.9981526746046762,0.9982573153687166,0.9983550923066815,0.9984581781567425,0.9985432980177188,0.9986229685726042,0.9986975819036638,0.9987674988879435,0.9988330521518961,0.9988945482859133,0.9989522700492265,0.9990064787732088,0.9990660123524555,0.9991136124922801,0.9991583817493338,0.9992005101164294,0.9992401735188309,0.999277534987925,0.9993127455937421,0.9993459454128172,0.9993772644096901,0.9994068232433967,0.9994409356168904,0.9994671047240619,0.9994918348083484,0.9995152156344524,0.9995373307239284,0.9995582578377286,0.9995780694647393,0.9995968331905571,0.9996146120264848,0.99963614285138,0.999651980618042,0.9996670040038845,0.9996812607585476,0.9996947954188834,0.9997076496436477,0.9997198624466317,0.9997314702919992,0.9997425074097672,0.9997565701861141,0.9997664542797732,0.9997758618166629,0.9997848190300939,0.9997933505378831,0.9998014795614218,0.9998092277109705,0.9998166154568614,0.9998236620022716,0.9998331267601012,0.9998394656038444,0.9998455170828897,0.9998512961030738,0.999856816747506,0.9998620922654547,0.9998671351216604,0.9998719571413451,0.9998765693950459,0.9998831095480023,0.9998872745377588,0.999891261543282
0.0003739937302478798,4.0724164216854246e-08,1.8156829387082753e-09,2.6728916876524703e-09,4.6701239050679234e-09,8.425874078846968e-09,1.6932506147412047e-08,2.9800176313732803e-08,5.185086262849241e-08,8.891576967736702e-08,1.5007351119269353e-07,2.6290633486632794e-07,4.261244758962463e-07,6.81174072468514e-07,1.0740002022093676e-06,1.6706632756266282e-06,2.5649883826682497e-06,3.8886117520017e-06,5.951227263317895e-06,8.784297479759419e-06,1.2829438485261374e-05,1.854667914725597e-05,2.6548764064480472e-05,3.764482730173922e-05,5.289423951186797e-05,7.36732330166074e-05,0.00010175571160831206,0.00014051150762789174,0.0001908476503959808,0.00025732463340464516,0.00034451525122203893,0.00045811689848073974,0.0006051852376292717,0.0007944064796178419,0.001036412594517874,0.0013441437515419197,0.0017332618555954795,0.0022226181848200165,0.0028347779586977637,0.0035966018858271426,0.004550280076268378,0.005713915951073765,0.007140372923961356,0.008880538746923027,0.010993165422334151,0.013545598321656954,0.016614432199302802,0.02028603549005371,0.024656871424974375,0.029833524066611623,0.03593232460033701,0.043078456232634246,0.05140440997602248,0.061047660781093645,0.07214745139281882,0.08484060344232817,0.09932390382893047,0.11558324266226157,0.13377572395410298,0.15396830820595817,0.1761927378441477,0.2004388097811168,0.22664889517491318,0.2547143886252783,0.2844747010734942,0.3157192331431961,0.3481924994252582,0.3816022457074065,0.4156300518624912,0.4499436248573253,0.4842097812399295,0.5181070620174005,0.5513370120258315,0.5836333582845175,0.6147685985015301,0.6445578459552307,0.6728600295002722,0.6995767929885709,0.7247845819601201,0.7481875721408157,0.7699309161941269,0.7900474903174262,0.808590165558862,0.8256268778308228,0.8412361993130971,0.8555035047638285,0.8685177672484029,0.8803689693149938,0.8911460719201131,0.900935487846858,0.9099150019949276,0.9179693068647705,0.9252707227172773,0.9318877097132082,0.9378835955448036,0.9433166549504343,0.9482402705472394,0.952703172200305,0.9567497011690193,0.9604201064786427,0.9637508473255612,0.9668367165160704,0.9695813137795646,0.9720759733813332,0.9743449004937318,0.9764098996434911,0.9782906039268865,0.9800046862449067,0.9815680557406631,0.9829950299718476,0.9842984978800365,0.9854900636385058,0.9866199972270684,0.9876164892886893,0.9885295090409544,0.9893667021592087,0.9901349660048545,0.990840525899344,0.9914890034210265,0.9920854783407852,0.9926345433854752,0.9931403539986565,0.9936066719982378,0.9940629088895921,0.9944591611964837,0.9948252680914249,0.9951637708777489,0.9954769784840531,0.9957669894746657,0.9960357128676934,0.9962848865125838,0.9965160936424355,0.9967307771861083,0.9969482163056783,0.9971330368941289,0.9973049805889621,0.9974650491984223,0.9976141594359441,0.9977531506128201,0.9978827911035504,0.99800378541467,0.9981167799573237,0.9982223679724124,0.998333699625089,0.9984256283922011,0.9985116758797096,0.9985922648668359,0.9986677846667702,0.9987385940776493,0.9988050238522486,0.9988673789804646,0.9989259412751346,0.998990262367075,0.9990416896794394,0.9990900602055853,0.999135579081743,0.9991784361953583,0.999218807421182,0.999256855860303,0.9992927326582031,0.999326578111182,0.9993585225166112,0.9993953919161073,0.9994236749796088,0.9994504036767495,0.9994756747886194,0.9994995786114889,0.9995221990743085,0.9995436144737457,0.9995638977260748,0.9995831169429561,0.9996063948224759,0.9996235167067182,0.9996397587241679,0.9996551723199651,0.9996698056486109,0.9996837036739632,0.9996969085552689,0.9997094597089888,0.9997213940733435,0.999736602102817,0.9997472903338362,0.999757463475906,0.9997671499072149,0.999776376253276,0.9997851674784047,0.9997935470927287,0.9998015370636272,0.9998091582163221,0.99981939641149,0.9998262525735804,0.9998327980431355,0.9998390489614865,0.9998450205573336,0.9998507271309734,0.9998561821844999,0.9998613984467003,0.9998663879028663,0.999873464185361,0.9998779700443065,0.9998822834503053
0.0004008806328898465,3.545649753778566e-08,1.7015532976638895e-09,2.521623270152774e-09,4.3884848205867445e-09,7.898756996045834e-09,1.5942615082164395e-08,2.8010642298299573e-08,4.868075419334381e-08,8.336913953854863e-08,1.4056863850316664e-07,2.4677609429527834e-07,3.9955039544824735e-07,6.38100992884164e-07,1.0053175322476186e-06,1.5628053394774834e-06,2.3981027599456262e-06,3.6338984281588634e-06,5.566490718184703e-06,8.21185757224026e-06,1.1987638680394838e-05,1.732248919565874e-05,2.4787244030138848e-05,3.51355124372146e-05,4.935387833596599e-05,6.87236961983099e-05,9.489631887094201e-05,0.0001299848733873166,0.00017798870516038813,0.00023992762807758373,0.000321151405312542,0.00042696116440735666,0.0005639212131554638,0.000740112336445234,0.0009654251675401547,0.00125189785556266,0.0016141008639601827,0.002069573849156954,0.002639315240244357,0.003348326829802612,0.004236587142112854,0.0053196758966315835,0.00664746728272862,0.00826743122635879,0.010234427916035993,0.01261142035358117,0.015470131108181106,0.018891593483109495,0.022966532710325942,0.02779549744383927,0.033488646360724086,0.04016508052099894,0.04795160219305465,0.056980775980752824,0.06738817960340195,0.07930875271089945,0.09294021944410175,0.1082711465437849,0.12546596234871948,0.1446025542882342,0.16572778187857018,0.18885071010081506,0.213936743070566,0.24090330442334504,0.2696176847735641,0.29989755450300487,0.33151443470399783,0.3642001207924757,0.3976557489800274,0.43156287122745884,0.46559568197835755,0.49943341565283683,0.5327719312514171,0.5653336620210347,0.5968753169718424,0.6271930229526675,0.6561248644307955,0.683551045691476,0.7095344558505409,0.733744914673666,0.7563171212313278,0.7772685161486136,0.7966389721677742,0.8144858535228997,0.8308794559956885,0.845898968707983,0.8596290122306104,0.8721567819552655,0.8835697453264013,0.8939538730616732,0.9034940487129336,0.9120623238843283,0.9198393892678389,0.9268954771339296,0.933295895330045,0.9391010089273062,0.9443663390200657,0.9491427420343492,0.9534766418072804,0.9574102927435482,0.960982065303832,0.9642932688624208,0.9672395978045933,0.969918858391803,0.9723567188636597,0.9745763355870184,0.9765985864077915,0.9784422880302476,0.9801243958727901,0.9816601839843491,0.9830634176366615,0.9843464969525518,0.9855635444506495,0.9866370413500466,0.9876208086274852,0.9885230393188135,0.9893511287023492,0.9901117537186233,0.9908109468426833,0.9914541616895824,0.9920463310724215,0.992591919047756,0.9930949686050442,0.9935872198103265,0.9940147799906361,0.9944098529706692,0.9947751733533635,0.9951132257262871,0.9954262688209803,0.9957163581845412,0.9959853649638729,0.9962349943507613,0.9964668009318005,0.9967016097710217,0.9969011999788407,0.9970868963722592,0.9972597789429246,0.997420835883073,0.997570971726939,0.9977110153049072,0.9978417263224586,0.997963801678361,0.9980778811991678,0.9981981788178682,0.9982975111013103,0.9983904929727726,0.9984775806199109,0.9985591940757546,0.9986357204943714,0.9987075168761675,0.9987749124058233,0.9988382111786114,0.9989077418001518,0.9989633333021541,0.9990156226163418,0.9990648311986654,0.9991111640423954,0.9991548110643698,0.9991959483445401,0.9992347391024828,0.9992713349163941,0.999305876432837,0.9993457478331155,0.999376332564954,0.9994052373989315,0.9994325669659828,0.9994584187026231,0.9994828833070284,0.9995060453509016,0.9995279835796226,0.9995487716072515,0.9995739529153369,0.9995924737125407,0.9996100432395058,0.9996267172347262,0.9996425474976925,0.999657582845521,0.9996718687012186,0.9996854477585763,0.9996983598332713,0.9997148162249833,0.9997263807877258,0.9997373883921179,0.9997478696237959,0.999757853292765,0.9997673663862747,0.9997764342604019,0.9997850808208879,0.9997933284856071,0.9998044100342567,0.9998118301622838,0.9998189142551243,0.999825679746047,0.9998321430666324,0.9998383197022903,0.9998442242232982,0.9998498704556559,0.9998552712972588,0.9998629324740046,0.9998678101285092,0.999872479510469
0.00042970047043208395,3.375871095039704e-08,1.6109624478881617e-09,2.362167584658868e-09,4.123614758061246e-09,7.4165778254073966e-09,1.5013316726766926e-08,2.633834082090096e-08,4.570358828312021e-08,7.81839449501913e-08,1.3171098721266765e-07,2.3173959715093235e-07,3.747449474671952e-07,5.979046251479773e-07,9.412264110852752e-07,1.4622008528164778e-06,2.242406968639015e-06,3.396274845045525e-06,5.082444136500071e-06,7.677818025210146e-06,1.1202304296882377e-05,1.6180407883618426e-05,2.3143902781833663e-05,3.279456924807955e-05,4.605108056830309e-05,6.410626812835128e-05,8.849731581047128e-05,0.00012119073067302287,0.00016599293662957498,0.00022369844014425236,0.0002993559350961593,0.00039789678925459664,0.0005254267393750634,0.0006894616119687132,0.0008992001176776535,0.0011658379332268537,0.0015029263927062082,0.001926779395175434,0.002456930627827432,0.0031166427194904366,0.0039334676112106354,0.004951685207166631,0.006187297645856263,0.007694915461841281,0.00952573014522731,0.011738561381008353,0.014400508574810855,0.01758751847578211,0.021384812318935634,0.02588710264514928,0.031198514413784614,0.03743211230239535,0.04470892371086687,0.05315634116751624,0.0629057937312463,0.07408958937470783,0.08683686859604743,0.10134287499199261,0.11757232816927235,0.13568052204534933,0.15572728399752198,0.17773873855913477,0.20170122681130356,0.22755641808177418,0.2551982189091086,0.2844720140359969,0.31517661394553576,0.3470690478783403,0.37987204917730816,0.4132837817061551,0.44698909702774875,0.48067144090804376,0.5140244680110722,0.5467625025047808,0.578629144259498,0.6094035758017734,0.6389043901142775,0.666991017163723,0.6937131167966595,0.7187051980484008,0.7420909048125683,0.763871144616373,0.7840715456691014,0.8027376018854152,0.8199300602562083,0.8357207210046239,0.8501887662979525,0.8634176419886872,0.8754925044869739,0.8864981886524541,0.8966265771460823,0.9057357077487369,0.9140147559127553,0.9215354664475502,0.9283649359852418,0.934565493286358,0.9401947179441106,0.9453055535538273,0.9499464939013682,0.9541618121628693,0.9579918196389864,0.9615447607492881,0.9647077125851178,0.9675853967122209,0.970205004108787,0.9725911039866771,0.9747658803330506,0.9767493517075114,0.9785595782643751,0.9802128484405174,0.9817238522488103,0.9831058381280277,0.9844170909373844,0.9855738888558866,0.9866342196787943,0.9876068616155141,0.9884997412900506,0.9893200208250452,0.990074173659338,0.9907680546519569,0.9914069613347348,0.9919956902410657,0.9925385873910525,0.9930699195357842,0.9935314581884969,0.9939579748687714,0.9943524119822285,0.9947174439726049,0.995055502574483,0.9953688016998672,0.9956593566393187,0.9959290042357286,0.9961794197900572,0.9964331099878098,0.9966487559695167,0.9968494046834576,0.9970362206027582,0.997210269228346,0.9973725263708446,0.9975238857055491,0.9976651670332121,0.997797121775641,0.9979204407397745,0.9980504955924255,0.9981578849681806,0.998258414045521,0.9983525752760603,0.9984408220985165,0.9985235724761449,0.9986012117328092,0.998674095404339,0.9987425517872182,0.9988177562891283,0.99887788298485,0.9989344405779943,0.9989876681693106,0.9990377872333064,0.999085002929021,0.9991295054737871,0.9991714712007066,0.9992110638329443,0.9992484353179896,0.9992915786731873,0.9993246718871489,0.9993559485221774,0.9993855216920208,0.9994134967728014,0.9994399716768319,0.9994650378444568,0.9994887804396712,0.9995112789420767,0.9995385359939024,0.9995585821270964,0.9995775993253352,0.9995956476978519,0.9996127834871086,0.9996290592325673,0.9996445241862647,0.999659224375875,0.9996732030026942,0.9996910214482465,0.999703542089909,0.9997154600254627,0.9997268084282561,0.9997376184077854,0.9997479191448327,0.9997577381401115,0.999767101154025,0.9997760324108226,0.9997880347040496,0.9997960703722937,0.9998037423648123,0.9998110694927731,0.9998180695632829,0.9998247593166922,0.9998311545728925,0.9998372701511191,0.9998431201537552,0.999851420074742,0.9998567036630788,0.9998617618024472
0.00046059220411451035,3.137900422083818e-08,1.5058371849494884e-09,2.218243195686656e-09,3.875562844225861e-09,6.957381221415383e-09,1.4140222864320818e-08,2.4787544974945282e-08,4.293156523608995e-08,7.335509142318404e-08,1.2344376594896963e-07,2.044920444098544e-07,3.5160847422559476e-07,5.604107205448395e-07,8.814328648699988e-07,1.3683173685659986e-06,2.0971488643425986e-06,3.174582505047918e-06,4.748500265779076e-06,7.179571482031313e-06,1.0469653892439587e-05,1.5114970454473828e-05,2.1610824937184204e-05,3.061072415044814e-05,4.296993406909061e-05,5.9798800709004586e-05,8.252791151224301e-05,0.00011298700132545017,0.00015350012750575405,0.0002085589151564736,0.00027902392912110166,0.00037078387434555165,0.0004895167468623521,0.0006422110868666475,0.0008374197442881353,0.0010855519519800442,0.001399207298883929,0.001793554521475497,0.002286758204776737,0.0029004543202322897,0.0036602748088047483,0.004608225370467308,0.005757732810576305,0.007160366864973376,0.008863863475794894,0.010923129410941677,0.0134008832388662,0.01636823088264105,0.019905126537619246,0.024100656891993203,0.029053074970611936,0.03486949171739042,0.041665128734040734,0.04956202141939399,0.058687065889296126,0.0691693111735403,0.08113642445574763,0.0947850164640855,0.11008268637760728,0.12719226709475562,0.14618450791704984,0.1671004271451062,0.18994516618476576,0.21468271503432856,0.24123208468057622,0.2694654678882633,0.2992088247900322,0.3302451373477204,0.3623203259970888,0.3951515432336273,0.42843728965214717,0.4618685960009839,0.4951403953149204,0.5279622297600661,0.5600675300967788,0.5912209180564046,0.6212232229337925,0.6499141499596727,0.6773307950147711,0.7030717199459893,0.7272491284331497,0.7498464619003825,0.7708739573956834,0.7903639857509687,0.8083664620558031,0.8249445663259507,0.8401708873624679,0.8541240921979664,0.866886118228512,0.8785398968710021,0.8892841551461201,0.8989614182293941,0.9077694184588146,0.9157810981169157,0.9230651022569374,0.9296855542395903,0.9357019757557247,0.9411693294257613,0.9461381455224653,0.9506547109928686,0.9547612945831149,0.9585735125704601,0.9619690442662101,0.9650599957239818,0.9678751380702106,0.970440512026079,0.9727796663723878,0.9749138835716548,0.9768623862812983,0.9786425327507656,0.9802699942330741,0.9817589180147335,0.9831720882510163,0.984419040203724,0.9855622694766876,0.9866111791018405,0.987574265027079,0.988459208395952,0.9892729558560044,0.9900217926068087,0.9907114087783294,0.9913469582441528,0.9919331119991176,0.9925068833889147,0.9930053253820681,0.9934659998982497,0.9938920735279796,0.9942864256348771,0.9946516753230614,0.994990206767144,0.9953041915842984,0.9955956093198158,0.9958662653403839,0.9961404974767587,0.996373611976549,0.9965905310577697,0.9967925104632926,0.9969806997894081,0.9971561514499571,0.997319830111911,0.9974726201574569,0.9976153331766666,0.9977487142624195,0.9978893974482914,0.9980055631936181,0.9981143140612618,0.998216181866723,0.9983116562864118,0.9984011886910481,0.9984851954583266,0.9985640605265677,0.9986381385787126,0.998707757272175,0.9987845992615086,0.9988458102114173,0.998903419806713,0.998957667369507,0.9990087746106896,0.9990569471449333,0.9991023755424141,0.9991452368610313,0.9991856953174334,0.9992324084090641,0.9992682381819779,0.9993021025043834,0.9993341236987545,0.9993644155537706,0.9993930841596786,0.9994202282612915,0.9994459400429477,0.9994703054459384,0.9994998284596157,0.9995215396275019,0.9995421371138535,0.999561685928324,0.9995802469394192,0.9995978769483356,0.9996146292672111,0.999630553716512,0.9996456969582433,0.9996650031596915,0.9996785679021455,0.9996914801023675,0.9997037756485835,0.9997154882082432,0.9997266493660119,0.9997372888048147,0.9997474344638246,0.9997571126334666,0.9997701210797355,0.9997788293037594,0.9997871436323134,0.9997950845107864,0.9998026711008555,0.999809921621009,0.9998168531043553,0.9998234817003036,0.99982982260698,0.9998388208928327,0.9998445481726941,0.9998500312532399
0.0004937047852839004,2.911430103872043e-08,1.4028963663951878e-09,2.1034432809616004e-09,3.6443829342272803e-09,6.5416369407653e-09,1.3347587797953791e-08,2.3327764045297843e-08,4.0348992972683724e-08,6.884767548207695e-08,1.1573718635191679e-07,1.91563663572676e-07,3.300248463770974e-07,5.254293221713872e-07,8.256592477163987e-07,1.2807388782838364e-06,1.9616248362007217e-06,2.9677684779041582e-06,4.436943123268965e-06,6.714758873124423e-06,9.786145143063591e-06,1.412101298231673e-05,2.018062537818758e-05,2.857344103696921e-05,4.0095622577513904e-05,5.578051065497113e-05,7.69592751292839e-05,0.00010533413896804172,0.00014306685083235573,0.00019443612871470278,0.0002600574636576181,0.00034549200146153795,0.0004560185896779192,0.0005981337512454232,0.0007797876978869769,0.0010106554580507669,0.0013024478376215945,0.0016692640992771862,0.0021279893443890336,0.0026987383673083825,0.0034053466092924855,0.004275906424287917,0.005356777542658841,0.006661325950883272,0.00824581785804909,0.010161468444975398,0.012466850363784103,0.015228470196017427,0.0185212524250078,0.022428876868444605,0.02704390314994939,0.032467602801146536,0.038809408187925845,0.0461858790693302,0.05471908340858462,0.06453429581265036,0.0757569342140028,0.08850868965608591,0.1029842801795656,0.11912682244345307,0.13709124790406083,0.15693137455788783,0.1786690067206288,0.20228843852786355,0.22773207679293916,0.25489771765933433,0.28363794325546204,0.313761962799219,0.34504001445265164,0.37721019180070414,0.40998729691703484,0.44307309646999055,0.4761672091612785,0.5089777895279111,0.5412312355984259,0.5726802888162805,0.6031101014272292,0.6323420852176399,0.660401797053786,0.6868515609492506,0.7117920174252771,0.7351884106858708,0.7570345787218971,0.7773485874340347,0.7961682696651425,0.8135469303282382,0.8295493724444426,0.844248380929728,0.8577216952112592,0.8700494896244473,0.8814371305733871,0.8917099953263474,0.901074407846461,0.9096041194702335,0.9173690346397066,0.9244348522617014,0.9308628822373481,0.9367100025421335,0.9420287207849953,0.9468673097431781,0.951269994427734,0.9553602265591561,0.9590054223822532,0.9623255724551244,0.9653510782832149,0.9681095085998759,0.9706258371973305,0.9729226667751243,0.975020443508302,0.9769376521379624,0.9786910017383371,0.9802955911259498,0.9818190703640552,0.9831636384545158,0.9843966697922056,0.9855282346651565,0.9865674382312998,0.9875225173746663,0.9884009251958225,0.9892094092172263,0.9899540808472748,0.9906404785749835,0.9912736234900782,0.9918935144303566,0.9924320668741079,0.9929298756743944,0.9933903504698514,0.9938165917403475,0.9942114207108464,0.9945774059836253,0.9949168884595808,0.995232001152137,0.9955246911510376,0.9958212908173871,0.9960734280791524,0.9963080672332613,0.9965265637833004,0.9967301579976631,0.9969199859690384,0.9970970888795282,0.9972624215905134,0.9974168604453716,0.9975612099404751,0.9977134812061266,0.9978392160387912,0.9979569322564388,0.9980672043920649,0.998170561640708,0.9982674916771646,0.9983584443828502,0.9984438348285537,0.9985240463964434,0.998599433252793,0.9986826523755842,0.9987489417699836,0.9988113339831421,0.9988700878603852,0.9989254431743413,0.9989776221557085,0.9990268309946472,0.9990732611872467,0.9991170903867062,0.999167702198708,0.9992065205874999,0.9992432111171473,0.9992779060739004,0.9993107286785899,0.9993417935703705,0.9993712077922261,0.9993990709581506,0.9994254760707465,0.9994574755092613,0.9994810061577433,0.9995033306258093,0.9995245192335847,0.9995446378997402,0.9995637481355195,0.9995819077280713,0.9995991703466892,0.9996155867778128,0.9996365198237159,0.9996512261063366,0.9996652254251386,0.999678556623313,0.9996912561276465,0.9997033581739365,0.9997148949372915,0.9997258966091153,0.9997363916295551,0.9997505008852421,0.9997599448063874,0.999768961818923,0.9997775740720891,0.9997858023639904,0.9997936663681177,0.9998011845893531,0.9998083744808667,0.9998152525285914,0.9998250153043301,0.9998312281681699,0.9998371762914373
0.0005291978735958442,2.7041941570229726e-08,1.3408169792764863e-09,1.9836396424985313e-09,3.430021655800385e-09,6.152847207130779e-09,1.1049439909838082e-08,2.1976284036233775e-08,3.7933190999163897e-08,6.464292281246851e-08,1.0853805769316651e-07,1.7946783012248324e-07,3.098846293285611e-07,4.927924646085401e-07,7.736195457341272e-07,1.1990303095977357e-06,1.8351982952227865e-06,2.7748144929554584e-06,4.146284202964475e-06,6.1255893504809885e-06,9.148476339240422e-06,1.3193738475096924e-05,1.8846374913206514e-05,2.6672879755480045e-05,3.741423380111192e-05,5.2031990407750926e-05,7.17645722877974e-05,9.81952768448616e-05,0.00013333440846705993,0.00018126206732581578,0.0002423652414062741,0.0003218994593333047,0.0004247711825267527,0.0005570179424472111,0.0007260273510771468,0.0009407893980976333,0.0012121851243423862,0.0015533149404752054,0.001979868478406347,0.00251053865586872,0.0031674800928970727,0.0039768115722614815,0.00498256450238367,0.006195489008635829,0.007668770959664197,0.009450146015157456,0.011594267981057728,0.014163280280268493,0.017227314044569397,0.020864865418696088,0.025162993845748046,0.030217270550017567,0.036131395724221464,0.04301639329956779,0.05098928672684903,0.060171161936822516,0.0706845341618758,0.0826499619220214,0.09626387731285466,0.11147237147500107,0.12843801993095424,0.1472254417414975,0.1678710013811562,0.19037723256512573,0.214708085582815,0.24078550715788555,0.2684878301447986,0.29765034931131606,0.32806829886020705,0.3595022219111727,0.39168548710028744,0.424333465386343,0.45715371096225066,0.4898563730041034,0.5221640827168561,0.5538206251361594,0.5845978870521493,0.6143007858921583,0.6429447319596167,0.6700558998015723,0.6957235337346349,0.7198941939496009,0.7425444877581014,0.76367711201244,0.7833166219702318,0.8015051998781318,0.8182986437442032,0.8337627023589482,0.847969865051625,0.86099661846177,0.8730547109642135,0.8839505994562122,0.8938991809387415,0.9029745674210224,0.9112475654059734,0.9187851785730923,0.9256503049358406,0.9319015976259775,0.9375934494399791,0.9427760660717265,0.9474956076996546,0.9518838420272279,0.9557969747076841,0.9593634060618931,0.9626152141467906,0.965581547109455,0.9682888573733844,0.9707611283383437,0.9730200866305716,0.9750854028163948,0.9769748792683,0.9787046218669458,0.980347544959658,0.981797857270622,0.9831282191925841,0.9843494104529751,0.985471188213728,0.986502383537721,0.9874509924856636,0.9883242586078729,0.9891287457004723,0.9898704050324122,0.9905546354252165,0.9912246837873969,0.9918068653504859,0.9923450767735837,0.9928429892027805,0.9933039422755072,0.9937309756447116,0.9941268575128117,0.9944941110879153,0.9948350370233208,0.99515173479835,0.9954727124888061,0.9957455833779573,0.9959995397991978,0.996236044643648,0.9964564371519262,0.9966619438059977,0.9968536891109008,0.9970327044268887,0.9971999362826236,0.9973562541080628,0.9975211728680253,0.9976573514409176,0.9977848536444972,0.9979043003565644,0.9980162637434714,0.9981212710828806,0.9982198087207654,0.9983123255348331,0.9983992360933556,0.9984809234635429,0.9985711099397577,0.9986429474877349,0.9987105652096907,0.9987742430836489,0.9988342404780939,0.9988907980500196,0.9989441387996195,0.9989944699601226,0.9990419836922416,0.999096858400615,0.9991389442231943,0.999178724850177,0.9992163434702788,0.9992519335254979,0.9992856191023717,0.9993175160843296,0.9993477323267022,0.9993763685960498,0.999411077577494,0.9994365986746667,0.9994608125118171,0.9994837953239543,0.9995056183945521,0.9995263484166913,0.9995460478576295,0.9995647751308105,0.9995825850245637,0.9995995288233751,0.9996212549680981,0.9996364443466713,0.9996509092874049,0.9996646893079262,0.9996778215041797,0.9996903407135125,0.9997022797104708,0.9997136692741011,0.9997289843254953,0.9997392339375325,0.9997490205528832,0.9997583681697183,0.999767299331329,0.9997758353690116,0.9997839963165778,0.9997918011468678,0.9997992676786405,0.9998098683025688,0.9998166132007309,0.9998230708877375
0.0005672426068491978,2.623951558442693e-08,1.2555830615211228e-09,1.864009045874918e-09,3.2300058175635723e-09,5.781021423877694e-09,1.0366522741880703e-08,2.070818240084688e-08,3.568748786393088e-08,6.071692855376798e-08,1.0182546274108073e-07,1.6820408329715927e-07,2.7366187317733375e-07,4.623436068423667e-07,7.250664107765309e-07,1.1228055345778468e-06,1.7172392832663895e-06,2.594789965324976e-06,3.875124240828002e-06,5.722138481729648e-06,8.553604336383106e-06,1.2328672785062973e-05,1.7601684872299165e-05,2.4899913970106944e-05,3.491288484285168e-05,4.85352307126429e-05,6.691879921037828e-05,9.153598538213251e-05,0.0001242558939702443,0.00016743525456067008,0.00022586204731582415,0.0002998926678433416,0.0003956241932426907,0.000518665902305358,0.0006758805915224622,0.0008756188158613925,0.0011279871504569765,0.0014451532647920282,0.0018416901734252622,0.002334961897520657,0.002945551234929507,0.003697729696768193,0.004619967257417977,0.005760698706315281,0.007130077240192265,0.00878594092554122,0.010779243460166168,0.013167995207753481,0.016017767340303628,0.01940209839303777,0.023402750690410794,0.028109755028273762,0.03362116999066423,0.04004247381683597,0.04748549882358323,0.056066818805444875,0.06590550553266614,0.07712018984632214,0.08990790375462716,0.10421640968016725,0.12021424621767075,0.1379749474470833,0.15754739965550113,0.1789503048884244,0.20216720814728914,0.22714255843951792,0.2537792725122292,0.28193820996595337,0.3114398428313359,0.34206822293056416,0.37357713252656627,0.4056980731935609,0.4381495582173208,0.4706470256431579,0.5029126551198391,0.5346843749891924,0.5657235021403154,0.5958206055309803,0.624982701464338,0.652700302320916,0.6790517403658296,0.7039646901235351,0.7273979123800588,0.749337826643057,0.7697946029526194,0.7887981018538475,0.8063938843187531,0.8226394767758259,0.8376010073074769,0.8513502689232634,0.8641050864394599,0.8756510803132134,0.8862116550419517,0.8958607560069102,0.9046696715879794,0.912706378625836,0.9200351114360644,0.9267161143365853,0.9328055348443773,0.9383554300972975,0.9434138499663962,0.9481213802638082,0.952321968381905,0.9561529813942927,0.9596482100752559,0.9628384261796532,0.9657516139606299,0.9684131912876653,0.9708462227690872,0.9730716225496878,0.9751083438396124,0.9769735559218216,0.97874586908769,0.9803107850740027,0.9817466887377836,0.9830651197587303,0.9842765284238948,0.9853903815667402,0.98641525678233,0.9873589293364486,0.9882284489613414,0.9890302110916592,0.9897700195441673,0.99049465945836,0.9911243358745325,0.9917065415794741,0.9922452302547983,0.9927439999150357,0.9932061263003691,0.9936345936622192,0.9940321226147718,0.9944011948379322,0.9947440754266484,0.995091647350917,0.9953871385311942,0.9956621733761861,0.9959183317350075,0.9961570597800767,0.9963796827058709,0.9965874151419855,0.9967813717212733,0.9969625754879338,0.997131966015242,0.9973107026722319,0.9974582917009771,0.9975964868943549,0.9977259598341287,0.9978473292291609,0.9979611654960848,0.9980679947840833,0.9981683027304736,0.9982625379353411,0.9983511149223284,0.998448922025326,0.9985268276803767,0.998600161168644,0.9986692255330396,0.9987343015356208,0.9987956496530803,0.998853511537161,0.9989081113984757,0.9989596575748639,0.9990191986592637,0.9990648609006331,0.9991080241436887,0.9991488434210847,0.9991874633083602,0.9992240182915516,0.9992586338252583,0.9992914268698083,0.9993225064986548,0.9993601836542613,0.9993878848766558,0.9994141683154241,0.9994391165390071,0.9994628068304233,0.9994853114931259,0.9995066981822707,0.9995270302728353,0.9995463670746817,0.9995647643115045,0.9995883587886996,0.9996048524354927,0.9996205600907095,0.9996355245419711,0.999649785988706,0.9996633822668485,0.9996763488736412,0.9996887192164708,0.9997053567779426,0.9997164898813623,0.9997271204541024,0.9997372745016213,0.9997469765421334,0.9997562496344572,0.9997651156068172,0.9997735949178491,0.9997817069992664,0.9997932270444085,0.9998005556416809,0.999807572401794
0.000608022426164942,2.4010390267132155e-08,1.1776353214432446e-09,1.774912932445064e-09,3.0545023299100127e-09,5.433823995654495e-09,9.745504258178436e-09,1.9533923015994394e-08,3.3584551335771614e-08,5.705903343751598e-08,9.5566401494732e-08,1.576919406429024e-07,2.5632301602078835e-07,4.339316750652398e-07,6.79768760915859e-07,1.0516755107312297e-06,1.6071897658502327e-06,2.4268589202133003e-06,3.6221490940361107e-06,5.345764215478181e-06,7.998629899550763e-06,1.1521671487298306e-05,1.6440529538920097e-05,2.324595526218621e-05,3.2579501150149293e-05,4.527331287893698e-05,6.239856256272803e-05,8.532420034981928e-05,0.00011578756478891391,0.00015597888134484845,0.00021046840770773533,0.0002793656819823004,0.00036843737278300704,0.0004828932714556641,0.0006291065074092782,0.0008148310409811256,0.001049450546645434,0.0013442620026554275,0.001712795574596752,0.002171173654376637,0.0027385095480913085,0.0034373463414422304,0.0042941345610942525,0.005354935540869697,0.006627257810870751,0.008165831500274142,0.010018120581791598,0.012238225112876446,0.014887385957197737,0.01803441052410216,0.021755974211714574,0.026136743173093602,0.03126925322271203,0.037253469950100586,0.04419594864273341,0.052208508551548266,0.06140633957117912,0.07190547275896392,0.08381956902108811,0.09734589636833947,0.11240843115336342,0.12917086080723159,0.14769264265102572,0.1680066044055799,0.1901138858611546,0.21397964426359478,0.23952996968257742,0.26665042771365866,0.2951865637402084,0.3249465531646083,0.3557060016411145,0.3872146826731722,0.4192048017230325,0.4514002152773778,0.4835259352215789,0.5153172444588342,0.5465278060321337,0.5769362969355393,0.6065434382187064,0.6348049730686209,0.6617891501118665,0.6874048643872033,0.7115926823852906,0.7343220242092547,0.7555877050541925,0.7754061320501793,0.7938114272819979,0.8108516903170183,0.8265855312714836,0.8410789823219906,0.8545555904684983,0.8667780864999337,0.8779782607535924,0.8882292899973235,0.8976024489655515,0.9061662917203956,0.9139860796982561,0.9211234131211602,0.9276360250589857,0.9335777039157882,0.938998313069827,0.9439438841709636,0.9485566431036467,0.9526718183958047,0.9564288339537265,0.959860123073161,0.9629952476302858,0.9658611103736553,0.9684821689480454,0.9708806373755834,0.9730766769423207,0.975088576555466,0.9770011143940234,0.9786902919459067,0.9802407013136675,0.9816646885377981,0.9829734447661093,0.9841771155571031,0.985284901143852,0.9863051459682725,0.9872454215317658,0.9881125997796136,0.9889129214620505,0.9896970275797785,0.9903784494884985,0.9910086010129358,0.9915917409976603,0.9921317462615027,0.9926321481238068,0.9930961640696515,0.9935267291022751,0.9939265208792777,0.9942979837395204,0.9946745966289833,0.9949947908616107,0.9952928490991859,0.9955704781176967,0.9958292404342035,0.996070568215686,0.996295774429354,0.9965060641642481,0.9967025433984702,0.9968862284258599,0.9970800783366772,0.9972401476384711,0.997390039980269,0.9975304817992932,0.9976621428968295,0.9977856404949482,0.9979015442326566,0.9980103798388312,0.9981126329500581,0.9982087524033947,0.998314904313167,0.9983994546108779,0.9984790474226588,0.9985540110251806,0.9986246496588662,0.9986912454706026,0.9987540602783418,0.9988133370381418,0.9988693014683855,0.998933956874716,0.9989835384901694,0.9990304089640708,0.9990747364481587,0.9991166775193625,0.9991563780540138,0.999193974081062,0.9992295923182793,0.9992633511671932,0.999295361049286,0.999334375942286,0.999362929202512,0.9993900331485582,0.9994157716013713,0.9994402229974088,0.9994634606672858,0.9994855534228715,0.9995065656312146,0.9995265576531301,0.9995522028653282,0.9995701279249826,0.9995871994280427,0.9996034638319201,0.9996189648402014,0.9996337434017952,0.9996478380896137,0.999661285144774,0.9996793751865684,0.999691478330475,0.999703035603246,0.9997140752236154,0.9997246237984079,0.999734706383713,0.9997443466316676,0.9997535668276012,0.9997623879744919,0.9997749183724931,0.9997828881740436,0.9997905191359059
0.000651733960488242,2.433605768157117e-08,1.1331781650150977e-09,1.660099351191727e-09,2.8688856719528894e-09,5.1187583486363e-09,9.156384021218117e-09,1.8430375187236124e-08,3.1632261601107415e-08,5.365352515078984e-08,8.972197223222403e-08,1.4788284257350341e-07,2.401525191981117e-07,4.0742638405220667e-07,6.375085709409927e-07,9.853301988911369e-07,1.5045313028110084e-06,2.2701763585481077e-06,3.3861425814795865e-06,4.994638198222771e-06,7.2883914104436356e-06,1.0768824170065483e-05,1.5357317515587867e-05,2.1703049799134e-05,3.040281234546065e-05,4.223052708524812e-05,5.818208128975613e-05,7.952992653319334e-05,0.00010788860667658171,0.0001452929716423093,0.00019429140984305663,0.0002602196487812381,0.0003430798638247003,0.00044952797099373303,0.000585480345768702,0.0007581342418559223,0.0009761988958057681,0.001250158494273645,0.0015925695385957245,0.002018394624850898,0.002545373491844182,0.0031944329008385145,0.003990132781344258,0.004976309244680816,0.006157990746921206,0.007586984636056607,0.009307466615098467,0.01136984231539318,0.013831246716485482,0.01675598122074574,0.020215848790154606,0.024290339275731675,0.029066607151207322,0.03463917504992032,0.04110928805876366,0.04858384000339726,0.057173792986153056,0.06699201893084167,0.07815051035186961,0.09084739334062379,0.10500832806090825,0.12080298817332384,0.1382995587152811,0.15754300875999497,0.1785500619045246,0.20130469239620571,0.2257545585658568,0.25180878534387435,0.2793374547436943,0.30817305431795394,0.33811398053729147,0.36893000439281354,0.4003694135266189,0.43216737039594993,0.46405490211647143,0.49576788474082145,0.527055402894986,0.5576869588839826,0.5876593886637143,0.6163949731625216,0.6439530490900465,0.6702241864890637,0.6951306961719588,0.7186245232600547,0.7406843268835392,0.761312040019023,0.7805292020755938,0.7983732894550978,0.814894216505888,0.8301511304692726,0.8443729178259054,0.857297221423418,0.8691640451412856,0.8800451122844519,0.8900111126422431,0.899130711227136,0.9074698233638899,0.9150911144945433,0.9220536831363411,0.9284128891874628,0.9342203023894705,0.9395237268637516,0.9444750339179625,0.9488952895124239,0.9529337744386941,0.9566246101937814,0.9599989714783701,0.9630852931648638,0.9659094768698115,0.9684950898184481,0.9708635576732401,0.9730343451364132,0.9750989102548119,0.9769228824121424,0.9785975840935722,0.9801362186221447,0.981550766231649,0.9828520963311073,0.9840500748370345,0.9851536561588222,0.9861709711639357,0.9871094040665134,0.9879756646309734,0.9888246002567026,0.9895624467330053,0.9902448961822652,0.9908765366855316,0.9914615468101134,0.992003733573756,0.9925065683691586,0.9929732171044648,0.9934065699079764,0.9938092658852825,0.9942176236675793,0.9945648232095169,0.9948880558013293,0.995189165354134,0.9954698415053547,0.9957316324031609,0.995975958268966,0.9962041220965944,0.9964173207967775,0.99661665378032,0.9968270526540914,0.9970007878498001,0.9971634902848262,0.9973159464017073,0.997458881376241,0.9975929636629387,0.9977188102700512,0.9978369907305207,0.9979480312752114,0.9980524177889265,0.998167718717009,0.9982595536432128,0.9983460094001579,0.9984274418435682,0.9985041807516046,0.9985765320982155,0.9986447795768275,0.9987091867476998,0.9987699983791247,0.9988402660656537,0.9988941483657777,0.998945087142297,0.9989932647183811,0.9990388510154911,0.9990820042901959,0.9991228720771002,0.9991615919627095,0.9991982923568378,0.9992330931168258,0.9992755179436746,0.9993065638730699,0.9993360354319883,0.9993640234884154,0.9993906131961666,0.9994158842955588,0.9994399112543094,0.9994627641524347,0.9994845084450258,0.9995124076376196,0.9995319056641377,0.9995504760146562,0.9995681691909485,0.9995850325745681,0.9996011107264318,0.9996164454761982,0.9996310762207883,0.9996507636206994,0.9996639333172144,0.9996765095407458,0.9996885229692248,0.9997000024447362,0.999710975284812,0.9997214671009254,0.9997315021602109,0.9997411032795936,0.9997547454797858,0.9997634206957082,0.9997717273862161
0.0006985879746785249,2.2793851399286306e-08,1.0393205631834345e-09,1.552071400626372e-09,2.7088968841830236e-09,4.818662539534742e-09,8.605274705739535e-09,1.5232088137922807e-08,2.9799183953298183e-08,5.045885179858237e-08,8.427102198345675e-08,1.387341308232072e-07,2.2506392344305318e-07,3.826984206688431e-07,5.980793522676118e-07,9.23428200022497e-07,1.408746318283597e-06,2.124003340320333e-06,3.1659756228443183e-06,4.667068616832327e-06,6.806730569668588e-06,1.006648322944254e-05,1.4346826207404986e-05,2.02637588045431e-05,2.837236540604371e-05,3.939220571698013e-05,5.4249020355368495e-05,7.412528410912837e-05,0.00010052093455257142,0.00013532602416028175,0.00018090698101197821,0.00024236231276422238,0.0003194295847433608,0.0004184094587446412,0.0005447923237773318,0.0007052561612302674,0.0009078808827472965,0.0011623921855579034,0.0014804376913802493,0.0018758967709141463,0.002365226162399468,0.0029678411142616385,0.0037065326225144343,0.004607918126611461,0.005720101757210945,0.00704674463886221,0.008644060431983685,0.010558968096414783,0.012844715204093585,0.01556131975377913,0.01877592888129176,0.0225630534380798,0.02700462646473643,0.03218982751856367,0.038214603608628876,0.04518081555213968,0.05319493405929114,0.06236621569216007,0.0728043008893183,0.08461619958182386,0.09800109435657087,0.11286015255102382,0.12935955757147435,0.14755451790465082,0.16747535489155413,0.18912291557167063,0.21246467810632444,0.23743193969694354,0.2639184541307949,0.2917808113107155,0.32084072961110105,0.3508892705687732,0.3816928068056961,0.4130003973205695,0.44455208241449273,0.4760875217429896,0.5073543806523042,0.5381159068332919,0.5683677338863893,0.5975003766453341,0.6255657822150514,0.6524370140411233,0.6780183927352607,0.7022441872489862,0.7250763111128617,0.7465013605317494,0.766527238379405,0.7851796457648308,0.8024986177403992,0.818535265464186,0.8335234015298296,0.847173254523773,0.8597328163869565,0.8712715912514138,0.8818590323299772,0.8915633724835215,0.9004507383439375,0.9085845081716185,0.9160248711051054,0.9228285532149167,0.9290486763537434,0.9347347199645294,0.9400487853729658,0.9447964279214704,0.9491374438716482,0.9531076537789838,0.9567398724739485,0.9600641041207186,0.9631077390724436,0.9658957494583862,0.9684508782849865,0.9707938210667251,0.9730232738791652,0.9749935291127897,0.976803211621694,0.9784664345500443,0.9799960161663782,0.9814035994878411,0.9826997596073677,0.9838941041691656,0.984995362570238,0.9860114695945355,0.9869496392677196,0.9878693120254832,0.9886687386484181,0.9894082839635093,0.990092891943739,0.9907270667784116,0.9913149146108167,0.9918601800769027,0.9923662805333087,0.9928363360852068,0.9932731971672742,0.9937162926137794,0.9940930460579076,0.9944438342014535,0.9947706509388198,0.9950753232672915,0.9953595259648703,0.995624795734632,0.9958725426972409,0.9961040622392319,0.9963205449474349,0.9965490861393661,0.9967378035586314,0.9969145517282483,0.9970801828599996,0.9972354826191501,0.9973811754252,0.9975179299390055,0.9976463634325753,0.997767046248174,0.9978805057409139,0.998005850004704,0.9981056814558852,0.9981996716065195,0.9982882065442087,0.9983716440294362,0.9984503158930346,0.9985245300930881,0.9985945725162461,0.9986607087990869,0.9987371434609497,0.9987957510662867,0.9988511601559423,0.9989035687631278,0.9989531612745789,0.9990001095484403,0.9990445737439106,0.999086703298973,0.9991266376050997,0.9991645068521829,0.9992106822144045,0.9992444693464836,0.999276544652107,0.9993070069659955,0.999335948724965,0.9993634565281948,0.9993896114240346,0.9994144894239859,0.9994381616775067,0.9994685418024164,0.999489770776726,0.999509990657718,0.9995292563118301,0.9995476192492011,0.9995651279069961,0.9995818277650454,0.9995977616350481,0.9996129698157552,0.9996335523143123,0.9996472505531904,0.9996603363195757,0.9996728410333042,0.9996847942726614,0.9996962240820227,0.9997071566882175,0.99971761698259,0.9997324844220027,0.9997419367857878,0.999750987972167
0.0007488103857590023,1.986038657921057e-08,1.0053737298721945e-09,1.4884199758010782e-09,2.5524995256289462e-09,4.5381308414693014e-09,8.095079960084285e-09,1.431205098133849e-08,2.8097951363371465e-08,4.7493739365729776e-08,7.918930533906944e-08,1.301969717530194e-07,2.1098843554702404e-07,3.370136950354382e-07,5.612887565808171e-07,8.65661114476366e-07,1.3193896704950414e-06,1.987626488593401e-06,2.960554787306547e-06,4.361471412655506e-06,6.357405124459273e-06,9.411282356688855e-06,1.3404171375179419e-05,1.8921146746587877e-05,2.6478335392932952e-05,3.674466103660092e-05,5.058041768985341e-05,6.908415994089627e-05,9.36490291936151e-05,0.00012602998176460087,0.00016842380876270506,0.00022570765123688277,0.00029737259358000824,0.00038938794604375363,0.000506846753512644,0.0006559427016929738,0.0008441685989058513,0.0010805425466036663,0.0013758637971512451,0.0017430006058180793,0.0021972109994720383,0.002756497847344576,0.003441997674327479,0.004278402053597943,0.005311555368708702,0.006542623322598889,0.008024880605218375,0.009801959300299232,0.011923431691622237,0.014445250844256269,0.01743012507097112,0.02094778940885536,0.025075130012282183,0.029896108103207693,0.03550142357019428,0.041987851200147946,0.04945718038658337,0.05801468948624913,0.0677670955178491,0.07881993635152519,0.0913734348099046,0.10533036342884021,0.12086281866318462,0.13803444997087919,0.15688724416825042,0.17743696449854465,0.19966906452894606,0.22353543732636616,0.24895236182300046,0.2757999584422056,0.3039233810889315,0.33313583765557137,0.36322337331671867,0.3939511822447139,0.42507106505173636,0.4563295295905558,0.4874759841888589,0.5182704745792587,0.5487103322333735,0.5781563664632133,0.6066549953192792,0.6340629603390607,0.6602672144260772,0.6851844510405543,0.708759516539227,0.7309629938970548,0.7517882323855714,0.7712480815882581,0.7893715458820965,0.806200534634216,0.8219733599194796,0.8363703988349769,0.8496473546499178,0.8618706651481611,0.8731078133259663,0.8834259780571626,0.8928909791283411,0.9015664869218454,0.9095134457144239,0.9167896869164409,0.9234496902632818,0.9295444669560134,0.9352469599252067,0.9403457262204612,0.9450117690231802,0.949282602718263,0.9531926961590826,0.956773648873631,0.960054377931234,0.9630613048143324,0.9658185399751741,0.9683480639444597,0.9707564164866872,0.9728854867873177,0.9748418262475975,0.9766405113173983,0.9782952503971084,0.9798185082138875,0.9812216174693585,0.9825148834565094,0.9837076773870923,0.9848085236574641,0.9858251775842242,0.986822100492494,0.9876887929885465,0.988490729560337,0.9892332375305246,0.989921173561794,0.9905589666171863,0.9911506580360931,0.9916999372005117,0.9922101734465332,0.9926844467912396,0.9931655961926862,0.9935747284560777,0.9939557127348414,0.9943107059667841,0.9946416848569493,0.9949504622518204,0.9952387013955256,0.9955079293105145,0.995759548882526,0.9959948496247036,0.9962433046457823,0.9964484672933953,0.9966406353925694,0.9968207324460254,0.9969896105818878,0.9971480552224619,0.9972967914850311,0.9974364889655759,0.9975677664037079,0.9976911958165184,0.9978275798920214,0.9979362006531012,0.9980384732838571,0.9981348167878522,0.9982256195382637,0.9983112419215213,0.9983920181398768,0.9984682587188036,0.9985402521756951,0.9986234726250677,0.9986872791751824,0.9987476071944447,0.9988046717783193,0.9988586733879252,0.998909798638936,0.9989582216152098,0.9990041047320708,0.9990475994766378,0.9990888473043049,0.9991391535041446,0.9991759593801277,0.9992109023558742,0.9992440898843216,0.9992756224949013,0.9993055943466541,0.9993340935655781,0.9993612027643534,0.9993869994011144,0.9994201142241086,0.9994432507689901,0.9994652886570661,0.9994862875289362,0.9995063034528215,0.9995253890320316,0.9995435938741701,0.999560964513536,0.9995775447249301,0.9995999905347717,0.9996149261019565,0.9996291945088115,0.9996428299705201,0.9996558646713468,0.9996683290794841,0.9996802518402098,0.9996916599699903,0.9997078797606954,0.9997181896264735,0.9997280622789669
0.0008026433522257174,1.9132195903632878e-08,9.4314389015648e-10,1.4064612031039742e-09,2.413276760070864e-09,4.2827647799832306e-09,7.62308138246175e-09,1.3448990725125127e-08,2.6511743355694774e-08,4.4712187148579896e-08,7.444115540661112e-08,1.2222789253409285e-07,1.978499084579993e-07,3.157281805957874e-07,5.269638626696351e-07,8.117883218516385e-07,1.2360071300584486e-06,1.860399364604902e-06,2.7689206810618167e-06,4.07638567655994e-06,5.938234270110183e-06,8.56287773709297e-06,1.252481905956634e-05,1.7668713653082058e-05,2.471159715480771e-05,3.4275133393249374e-05,4.715858118365015e-05,6.438228191492014e-05,8.723975291533934e-05,0.00011736002936827116,0.00015678172109622615,0.0002080403210633235,0.0002768026679002607,0.0003623236854841799,0.00047146102960228406,0.00060995674017914,0.0007847560893131737,0.0010042170034934169,0.0012783473297678179,0.0016190713825128204,0.002040528051340822,0.0025594006075763797,0.0031952787798571842,0.003971052126697895,0.0049133320957690865,0.006072290052389867,0.0074470941675792,0.00909539594218003,0.01106329726164469,0.013402900154443178,0.016172689344026246,0.019437831347391243,0.023270350365974184,0.02774913478484409,0.03295972061814491,0.038993791229737916,0.04594832917049944,0.05392435558211586,0.06302519650712914,0.07335422892545485,0.08511173311238862,0.09820097558763602,0.11279847339602696,0.12897463536697276,0.14678126163540128,0.16624709754150443,0.187373675333043,0.21013176858627186,0.23445880170764713,0.2602575341343264,0.2873962803734399,0.3157108220649122,0.34500803289837584,0.37507109198996874,0.4056659939943875,0.43654895532952553,0.4674742193754524,0.4982017374445264,0.5287335863911504,0.5584032589172356,0.5872538110507357,0.615127213505036,0.6418940410574464,0.6674538591659687,0.6917344095559415,0.7146898288005923,0.7362981695714063,0.7565584711979102,0.7754876183911769,0.793117170476592,0.8094903191704456,0.8248526658622808,0.8388696893893071,0.8518030452023769,0.863717432095473,0.8746782674724507,0.8847504718223548,0.8939975100441588,0.9024806789506928,0.9102585941025136,0.9173868461120225,0.9239177901383095,0.9300358450722093,0.9355109272206741,0.9405259723829205,0.9451201626600888,0.9493296161512256,0.953187542376432,0.9567244118643261,0.9599681326138209,0.962944228067657,0.9656760114526364,0.9682785280989442,0.970580082689746,0.9726958359279281,0.9746418797964278,0.9764328662415864,0.9780821326324001,0.9796018189602761,0.9810029747947925,0.9822956575941696,0.9834890235647219,0.9845914096202281,0.9856727687909886,0.9866130049039014,0.987483182102148,0.9882890427650907,0.9890358238297567,0.9897283038712743,0.9903708451485888,0.9909674317365545,0.9915217040525759,0.9920369904399543,0.9925598742006043,0.9930045202338107,0.993418632318674,0.9938045448668995,0.9941643974811476,0.9945001532332031,0.9948136138069904,0.9951064333555438,0.9953801320762602,0.9956361075808035,0.9959064486477446,0.9961296855649773,0.9963388036100946,0.9965348049714954,0.9967186136756724,0.9968910821248818,0.9970529972737083,0.9972050858770252,0.9973480196289641,0.9974824195778577,0.997630955341012,0.9977492501686994,0.9978606401314956,0.9979655803663735,0.9980644928208747,0.9981577689074442,0.9982457720679274,0.9983288396039169,0.9984072849888344,0.9984979829173565,0.9985675177185447,0.9986332660082616,0.9986954617295597,0.9987543227612969,0.9988100520890092,0.998862839135782,0.9989128603702611,0.9989602807576979,0.9990052540088935,0.9990601167434731,0.9991002519426911,0.9991383579144686,0.9991745515709277,0.9992089423332696,0.9992416326542582,0.9992727184715783,0.9993022896956815,0.9993304306848846,0.9993665644615382,0.999391806517365,0.9994158511383441,0.9994387633190233,0.9994606040746445,0.9994814307273415,0.9995012972783329,0.9995202543971536,0.9995383498049503,0.999562854199916,0.9995791563671245,0.9995947311159371,0.9996096156351991,0.999623845060991,0.9996374525082573,0.9996504692153223,0.999662924677025,0.999680639507049,0.9996918969679083,0.9997026775452877
0.0008603464416684501,1.545493740224758e-08,8.98982935057629e-10,1.330099940157149e-09,2.282090234325714e-09,4.038091344933066e-09,7.172909836465484e-09,1.2645487243038761e-08,2.5025353316651658e-08,4.2125025705362815e-08,7.00149426000858e-08,1.1479693489946741e-07,1.85598344027297e-07,2.9586954440992896e-07,4.949439985816911e-07,7.61506525801762e-07,1.1582268850051184e-06,1.7416994246819812e-06,2.5901392066876494e-06,3.8104207858817277e-06,5.54719911113021e-06,7.994320908874566e-06,1.1704539873151633e-05,1.650043928450659e-05,2.3063624983420427e-05,3.197168448204853e-05,4.3967005895920336e-05,5.9996949021216734e-05,8.12621888880377e-05,0.00010927435504942553,0.0001459245752591063,0.00019356428940761326,0.0002576206502208692,0.0003370862981854491,0.0004384647811349282,0.0005670770548352395,0.0007293578028418398,0.0009330493050408394,0.0011874209855497024,0.0015035165849131811,0.0018944302210139941,0.0023756127495179547,0.0029652084555570734,0.0036844215888822652,0.004557910908943218,0.005633562401609698,0.00690804588867124,0.008436068824588408,0.010260460470539272,0.012429679749701767,0.01499820061608631,0.01802682971256142,0.021582922196692073,0.025740455250280663,0.030579911409989936,0.03618791743559515,0.04265658045223815,0.05008245995838936,0.05856511730803426,0.06820519257048661,0.07910197391621193,0.0914588364958772,0.10515477737901652,0.12036560730654654,0.13715118684598754,0.15555136246397241,0.1755818364660171,0.19723045460460345,0.22045422516895608,0.24517738279971263,0.2712907755095217,0.2986527760442898,0.3270918128586505,0.3564104793805372,0.3863910382156155,0.41680200624239516,0.44740539811902347,0.47796415636800077,0.5084882269815657,0.5382864406814452,0.5674009318383794,0.5956608028392891,0.6229216050554173,0.64906658491197,0.6740066717576648,0.6976794005299619,0.7200470032548849,0.7410939115362246,0.760823899227474,0.7792570792305716,0.7964269131388412,0.8125843046410717,0.8273614617559927,0.8410284992983661,0.8536464396490479,0.8652781540575433,0.8759869804507814,0.8858356070272408,0.8948852065022612,0.903194793920607,0.9108207608834745,0.9178165668704454,0.9243787631719839,0.9302568131505665,0.9356463458120841,0.9405881575671098,0.945119990229115,0.9492766602792256,0.9530902058689943,0.9565900494190677,0.9598031625419031,0.9627542361603134,0.9655675399822576,0.9680564871443719,0.9703455890012044,0.9724520084038412,0.974391393686502,0.9761780076314501,0.9778248478070108,0.9793437568422005,0.9807455255198166,0.9820399860087249,0.9832360989734727,0.9844098314999616,0.9854305467451059,0.9863754331676816,0.987250679850467,0.9880619352472513,0.9888143557818205,0.9895126513476108,0.9901611252774892,0.9907637117799276,0.9913240094167564,0.9918927166310795,0.9923763606359282,0.9928268600509349,0.9932467422969403,0.9936383251403115,0.9940037350803954,0.9943449244666944,0.9946636865575119,0.9949616695118959,0.9952403890094098,0.9955348154383278,0.9957779431601984,0.9960057182647762,0.9962192283570475,0.9964194766901203,0.9966073888776299,0.996783819552089,0.996949557993828,0.9971053340944633,0.9972518225685191,0.9974137527165545,0.9975427106164108,0.9976641512580302,0.9977785694945569,0.9978864240747655,0.9979881407157554,0.998084114520109,0.9981747124946837,0.9982602757266423,0.9983592252953752,0.9984350809131352,0.9985068108164203,0.9985746695870166,0.9986388945116383,0.99869970637662,0.9987573113520638,0.9988119017031336,0.9988636568834087,0.9989127444820639,0.9989726410691183,0.9990164537550965,0.9990580538171195,0.9990975685733812,0.9991351172825881,0.9991708114355543,0.9992047556427646,0.9992370478761265,0.9992677799623054,0.9993072518893058,0.9993348215000688,0.9993610846687376,0.9993861123063699,0.9994099708557322,0.9994327228580044,0.9994544271049235,0.9994751389000899,0.9994949102484648,0.9995216926763949,0.9995395067006869,0.9995565266744428,0.9995727931976948,0.999588344549498,0.999603216933151,0.9996174443482918,0.9996310589142612,0.9996504291862799,0.9996627356010934,0.9996745212648696
0.0009221978823334322,1.5465882681999063e-08,6.618729401487921e-10,9.950514789289039e-10,2.1577166268147416e-09,3.809532226905148e-09,6.761804719351499e-09,1.1897153251760335e-08,2.0662327575547388e-08,3.9708445802596805e-08,6.588673004269565e-08,1.0786337128210558e-07,1.7416483629439912e-07,2.773409344780181e-07,4.3560940400154634e-07,7.146026576808274e-07,1.0856544636996703e-06,1.630960622730251e-06,2.423355018383161e-06,3.562312045448e-06,5.182420341022568e-06,7.463947523611105e-06,1.093934901106729e-05,1.5410702502853327e-05,2.1526474374577573e-05,2.9823231208932475e-05,4.0990292737099134e-05,5.5907022826930686e-05,7.568750967445461e-05,0.00010173396484194382,0.00013580001301401586,0.00018006555717758985,0.00023722435830971143,0.00031355414849398356,0.00040769908908482277,0.0005270972343356371,0.0006777072876382487,0.0008666974920883517,0.0011026486830005501,0.001395783046586752,0.0017582198349125413,0.0022042593860224593,0.002750695761422826,0.003417157829791392,0.00422647736617206,0.005205081277425439,0.006405247852021125,0.007820967865405908,0.009511303997316917,0.011521274027810089,0.013901549926248218,0.016708786968779178,0.02000586942923395,0.02386203732772641,0.028352852281391516,0.033559953940536395,0.03957055421392637,0.04647661257327322,0.0543736366130857,0.06335905694729976,0.07353013672237306,0.08509042143555715,0.09791927266812489,0.1121967850746835,0.12798924162728875,0.14534578654771368,0.16429440715053173,0.1848381644458381,0.20695195569181946,0.23058010360686135,0.25563505367195577,0.2819974099685616,0.3095174573500212,0.3380182054907044,0.36729986054022695,0.3971455019432637,0.42732762777474886,0.4576151513098791,0.48802900499618085,0.5178562197087675,0.5471406614091399,0.5757007865574729,0.603378840123027,0.6300429257460626,0.6555878063238653,0.6799345737813984,0.7030293814492503,0.7248414548577953,0.7453606156296884,0.764594518475359,0.7825657944903452,0.7995303449636638,0.8150843841648154,0.8295062290679774,0.8428522553118134,0.8551819259569684,0.8665562358017128,0.8770364386784099,0.8866830303370049,0.8955549625456066,0.9037090557427155,0.9111995796824711,0.9182358897620585,0.9245449977697225,0.9303360204099763,0.9356512830711397,0.9405301011908825,0.9450088731356143,0.9491212020961887,0.9528980373828329,0.9563678275095144,0.9595566771733246,0.9624885081672583,0.965291452085753,0.9677691223681247,0.9700501586681012,0.9721512582611027,0.974087663159308,0.9758732798539865,0.977520794730311,0.9790417800599163,0.9804467910079637,0.9817454558434366,0.983020334107056,0.9841291986884325,0.9851559529882438,0.9861072685386372,0.9869892376748327,0.9878074258015197,0.9885669183868213,0.9892723656711102,0.9899280201098097,0.9905377733978573,0.9911568538053093,0.9916833731360237,0.992173888563441,0.9926311385396225,0.9930576342006252,0.993455680630839,0.9938273949238282,0.9941747218366144,0.9944994495697963,0.9948032230227076,0.9951241910818542,0.9953892387418506,0.9956375778030048,0.9958703898791547,0.996088764754531,0.9962937082708649,0.9964861491761762,0.9966669457863885,0.9968368912308032,0.9969967194401773,0.9971734356035049,0.9973141638141871,0.9974467003550197,0.9975715836858859,0.9976893130507053,0.9978003517179515,0.9979051298432701,0.9980040468905497,0.9980974742039407,0.9981857570477405,0.9982883849617438,0.9983667262178889,0.9984408449735073,0.9985109996220785,0.998577430932041,0.9986403634345143,0.9987000066066921,0.9987565560517987,0.9988101944208949,0.998875661129498,0.9989235423735534,0.9989690084549641,0.999012198275032,0.999053241687313,0.9990922603946445,0.9991293684852082,0.9991646727321811,0.9991982733581501,0.9992414424218858,0.9992715892547102,0.999300309244317,0.9993276796535148,0.9993537730533224,0.9993786576872111,0.9994023976270175,0.9994250533290118,0.9994466815065608,0.9994759890146577,0.9994954783625818,0.999514099966642,0.9995318981851269,0.9995489147817641,0.9995651892380852,0.9995807587341561,0.9995956583734417,0.9996168649140188,0.9996303344298748,0.9996432346153767
0.0009884959046625587,1.5526662568297786e-08,6.293813885891049e-10,9.369867377879082e-10,2.0409608967057013e-09,3.6011945403453554e-09,6.379450711972318e-09,1.1195132971498143e-08,1.940640907230484e-08,3.74626188648636e-08,6.202873347790142e-08,1.0139062425750189e-07,1.6349162869339885e-07,2.6005300791106907e-07,4.080458779554835e-07,6.708300499673951e-07,1.0179387396675776e-06,1.5276487758017391e-06,2.2677477244997243e-06,3.3308495954713933e-06,4.842124499260836e-06,6.969203977288373e-06,9.934556435926114e-06,1.4394197026635017e-05,2.0092732956986503e-05,2.7819390804019174e-05,3.8214065789563274e-05,5.209274786370205e-05,7.048880168276507e-05,9.470243056255768e-05,0.00012635917437967724,0.0001674789924943803,0.0002205572978182714,0.00029161376493499683,0.0003790156162919028,0.0004898246743966148,0.0006295559408151558,0.0008048425498444983,0.0010236233368872574,0.001295354370680118,0.0016312454794656169,0.0020445233534479327,0.00255072135805174,0.0031679964791743163,0.003917472097796949,0.0048236045014045555,0.005936369757861989,0.0072472707785274735,0.008812432200015784,0.010673625865444483,0.01287792581236391,0.015478042888349421,0.01853259151307601,0.02210625790606856,0.026269833266504207,0.031100068240109503,0.03667930200038624,0.043094813613445755,0.05043784327214086,0.05880223380853359,0.06828264924582521,0.07908195570863168,0.0910789382099609,0.10445664897378072,0.11928628075207373,0.1356245705827353,0.1535099585607239,0.17295885547809764,0.19396226658281496,0.2164830421598588,0.24045402808144165,0.2657773587968364,0.2923250786299705,0.31994118604676397,0.3484450850490923,0.3776363071381787,0.40730025199418923,0.437214601957001,0.46741430159037217,0.49716757528219024,0.5265228265723353,0.5552903596731215,0.5833011658625474,0.6104097498535718,0.6364957232024677,0.6614642379717679,0.6852454095006706,0.7077929119075594,0.7290819571000858,0.7491068639098026,0.7678784102233158,0.785657245039861,0.802000807387278,0.8171953388871331,0.8312915482456341,0.8443445469493148,0.8564121452220598,0.8675534240422282,0.8778275649237363,0.8872929201984713,0.8960062921783025,0.9040223972119563,0.9115640903496154,0.9183337287923349,0.9245547402044071,0.9302708591172917,0.9355228916563444,0.9403487672947219,0.9447836307131623,0.9488599554014544,0.9526076790605805,0.956054346484684,0.9592252600904801,0.9622590277489496,0.9649418817410204,0.9674131109158439,0.9696905153011536,0.9717903670904396,0.9737275344562444,0.9755155994154514,0.9771669655586964,0.978692959347388,0.9801039232912407,0.9814896502739521,0.9826951524864138,0.9838117045039543,0.9848464974337098,0.9858061026791362,0.9866965274933339,0.9875232648178937,0.9882913394489599,0.9890053500471403,0.9896695063262614,0.9903440287913154,0.990917743103934,0.9914523202645394,0.9919507273588605,0.9924156870853991,0.9928496994386846,0.9932550609170306,0.9936338822400423,0.99398810465089,0.9943195141943705,0.9946697715243729,0.9949590089167724,0.9952300460649717,0.9954841672553737,0.9957225574632828,0.9959463103994322,0.9961564363316927,0.9963538688557754,0.9965394710352425,0.9967140416636258,0.9969071048004676,0.9970608451447239,0.9972056503148872,0.9973421064055534,0.9974707572724505,0.9975921075807548,0.9977066259018468,0.9978147475880289,0.997916877287147,0.9980133912741642,0.9981256163651017,0.9982112765169037,0.9982923260888228,0.9983690467575367,0.9984417011164486,0.9985105340974163,0.9985757741898674,0.998637634669624,0.9986963148958672,0.9987679553253742,0.9988203451654136,0.9988700959339024,0.9989173590360703,0.9989622764212475,0.9990049807934838,0.999045596724978,0.9990842408038428,0.9991210224628193,0.9991682932060287,0.9992012985877398,0.9992327438444129,0.999262713248482,0.999291286127396,0.9993185369899751,0.9993445359375719,0.9993693488603269,0.9993930377657032,0.9994251491034012,0.9994464981588076,0.9994668978043024,0.9994863965320564,0.9995050400058525,0.9995228713844546,0.9995399312582921,0.9995562580625529,0.9995795050678584,0.9995942665191598,0.9996084047566929
0.001059560179277616,1.2714333460060576e-08,5.898966826473333e-10,8.816242383204848e-10,1.939520821790753e-09,3.403793302827544e-09,6.0136179819838945e-09,1.0542743210942974e-08,1.8254236807900818e-08,3.5352570752078834e-08,5.842909712929482e-08,9.53546533170041e-08,1.5354278323665798e-07,2.4392263187492314e-07,3.823310970159674e-07,6.299966996040075e-07,9.547657550297587e-07,1.4312504870683206e-06,2.1225827486571785e-06,3.1149159954848503e-06,4.524679863346335e-06,6.5077086286255795e-06,9.270693911927795e-06,1.3446066958753908e-05,1.8755470517162842e-05,2.5950511388565436e-05,3.562496959291558e-05,4.8535730546902915e-05,6.564098698002016e-05,8.814585997239367e-05,0.00011755645798894055,0.00015574383789162107,0.0002050184973100953,0.00027115927835536473,0.00035227603084816376,0.0004550796785738401,0.000584671788108029,0.0007471867503862377,0.0009499650509916087,0.001201748499723174,0.0015128989392150848,0.0018956414841508134,0.0023643329598398103,0.0029357558445808926,0.003629436957218104,0.004467989178541213,0.005499229394915476,0.006712332219903066,0.00816065872099225,0.00988292301285362,0.011922799878597196,0.01432925970251788,0.017156849090826515,0.020465890566039122,0.02432256923175211,0.02879886869060951,0.0339723137121943,0.039925472917103744,0.04674517273665226,0.0545213746501002,0.06334567261532117,0.0733093777566795,0.08462032820620967,0.09713290493619899,0.1110319769428323,0.12638028255869208,0.1432249612100994,0.161593933787114,0.1814924897476671,0.2029003228935616,0.225769270532214,0.2500220003648402,0.27555185185528436,0.3022239703019547,0.3298777821968461,0.3583307527007263,0.38738325524701217,0.4168242834870345,0.4464376626199773,0.4762798085946285,0.5056025904201814,0.5344788530909189,0.5627306838089282,0.5902008813822636,0.61675528884645,0.6422839884103175,0.6667014355572582,0.6899456953190719,0.7119769499777312,0.7327754794814874,0.7523393009142224,0.7709336602917605,0.788074411131359,0.8040554481562865,0.8189207453565284,0.8327200606879626,0.8455071027678928,0.8573379583245887,0.8682697747987996,0.8783596849732825,0.8876639491654836,0.8962372948323306,0.9043167887289422,0.9115777080864276,0.918258647265229,0.9244045837312181,0.9300576937636729,0.9352573579476989,0.9400402105403568,0.9444402259619753,0.9484888272320297,0.9522150115736242,0.9556454864750638,0.9589302477172551,0.9618364117648112,0.9645148627360106,0.966984552968518,0.9692628356390588,0.9713655938665676,0.9733073558816434,0.9751014091251684,0.9767599001369137,0.9782939340384783,0.9798012485007962,0.9811127888191058,0.9823279285978265,0.9834544185377688,0.9844993469358712,0.9854691982591347,0.9863699057815629,0.9872069009006714,0.987985156699409,0.9887092291016607,0.9894448470062566,0.9900705765216875,0.9906537310850482,0.9911975276519721,0.9917049195465792,0.9921786193805788,0.992621119924646,0.9930347133218266,0.9934215080377002,0.9937834447943755,0.9941660701034434,0.9944820404808238,0.9947781675059072,0.9950558483018549,0.9953163721355365,0.9955609292725565,0.9957906194023771,0.9960064589515528,0.996209388030428,0.9964002763267723,0.99661144033216,0.9967795884107912,0.9969379799035751,0.9970872538837592,0.9972280031388124,0.9973607779439639,0.9974860892696886,0.9976044119393276,0.9977161872980693,0.9978218258620285,0.997944694085563,0.9980384698051297,0.9981272056066561,0.9982112088719841,0.998290766323922,0.9983661452833867,0.9984375953103661,0.9985053493126496,0.9985696249210524,0.998648119781827,0.998705514493073,0.9987600219394718,0.9988118076913121,0.9988610266987775,0.9989078241476763,0.9989523360239158,0.9989946898657185,0.9990350051870377,0.9990868345010516,0.9991230160804545,0.9991574896143087,0.9991903473430778,0.9992216759638679,0.9992515569645898,0.9992800669711288,0.9993072781567769,0.9993332583035703,0.9993684886339147,0.9993919057360662,0.9994142828219037,0.9994356728951724,0.9994561259877125,0.9994756892988325,0.9994944072671492,0.9995123219193667,0.9995378404422378,0.999554039547912,0.9995695556336146
0.001135733358343105,1.2325295893073723e-08,5.578274096738082e-10,8.322963217575977e-10,1.4467466192763082e-09,3.2179810171121384e-09,5.67505863340572e-09,9.927811420419189e-09,1.717223879354916e-08,3.338944677770821e-08,5.507811901857037e-08,8.971928601008862e-08,1.4425561302713792e-07,2.2887313374132005e-07,3.583379999360331e-07,5.918950910605399e-07,8.958221806241974e-07,1.3413214497483652e-06,1.9871545708135963e-06,2.913479077978692e-06,4.228558432977647e-06,6.077221925873417e-06,8.651482266373384e-06,1.2561719655032322e-05,1.7508244382745955e-05,2.4207557069915618e-05,3.321046580090427e-05,4.5218796503138516e-05,6.11206509173779e-05,8.203257545668102e-05,0.00010934945583443906,0.00014480343569607993,0.00019053289162998264,0.0002491629567435672,0.00032735125560216593,0.00042269460607075374,0.0005428383689560139,0.0006934522834520945,0.00088131926825899,0.0011145155199341053,0.0014026124066250309,0.0017569011256465018,0.0021906409817755456,0.002719331578895084,0.0033610085867443384,0.004136561648200505,0.0050700722081988185,0.0062136734895776,0.0075529947656824414,0.009145585057227592,0.011031912557707035,0.01325740730285595,0.015872749535974038,0.018934092170679626,0.022503189449909953,0.026647399138475684,0.031439520082160194,0.036957423925645105,0.04328343570253494,0.05050341843701503,0.058705519146391334,0.06797854068128305,0.07852969767311221,0.09021263742369326,0.10321499710378856,0.11760404912445871,0.13343397714178587,0.15074242847793248,0.16954715001021814,0.18984291733239195,0.21159898930256416,0.2347573221675716,0.2592317588509511,0.28490835980826507,0.31164697438839145,0.3392840577360877,0.36763663901763194,0.396507248350348,0.42568952370138274,0.45525608960424707,0.48444015389710465,0.5133216214013943,0.5417162653539095,0.5694573874515279,0.5963988090098384,0.6224167802356795,0.6474108374977586,0.6713037058565343,0.6940403975755866,0.7155866717703091,0.7359270458762938,0.755331336809093,0.7732710276631299,0.7900474210190543,0.805696669180277,0.8202621266447585,0.8337924188049283,0.8463397396594516,0.8579583992883708,0.8687036075748441,0.8786304765924429,0.8877932317741906,0.8964438781624674,0.9042279497809933,0.9114000893069621,0.9180063003258973,0.9240899657135345,0.9296917971358847,0.934849838201671,0.939599512474123,0.943973702445864,0.9480028531429596,0.9517150895821085,0.9552727863226842,0.958422015197286,0.9613262909001767,0.9640057612409686,0.9664789113534793,0.9687626881384792,0.9708726190244347,0.9728229244371777,0.9746266238297522,0.9762956336116317,0.9779364267242664,0.9793644211935166,0.9806878987958949,0.9819152123147566,0.9830540069196869,0.984111281853208,0.9850934467997987,0.9860063730072353,0.9868554399794994,0.9876455789768513,0.9884486060967546,0.9891317349267149,0.9897685142044977,0.9903624333250581,0.9909166970273056,0.9914342503834399,0.9919178007859432,0.9923698385464347,0.9927926555703082,0.9931883614346633,0.9936068093021534,0.993952366783345,0.9942762689584645,0.994580036693629,0.9948650738218309,0.9951326766617596,0.9953840433530518,0.9956202814578079,0.9958424155395988,0.9960513937887853,0.9962826330884759,0.9964667595441669,0.9966402211930023,0.9968037152314658,0.9969578885214951,0.9971033416109822,0.9972406322841109,0.9973702788925832,0.9974927633816476,0.9976085339144821,0.9977432253421059,0.9978460153545188,0.9979432896741578,0.9980353841849385,0.9981226121755526,0.9982052658380375,0.9982836179295579,0.9983579231042327,0.9984284193225146,0.9985145378949118,0.9985774979908909,0.9986372956285938,0.9986941117376743,0.998748115880846,0.9987994668994936,0.9988483135245473,0.9988947953659921,0.9989390432049423,0.9989959481024505,0.9990356651301726,0.9990735098622541,0.9991095832511886,0.9991439802607484,0.9991767900562282,0.9992080966190824,0.9992379788712574,0.9992665111628489,0.9993052175387154,0.9993309386636035,0.9993555189845473,0.9993790166305175,0.9994014863725746,0.999422979893692,0.9994435459474184,0.9994632305723509,0.9994820772599803,0.9995090846109083,0.999526136983903
0.001217382727739662,1.2028623349283777e-08,5.216421639532953e-10,7.864500999847984e-10,1.3590233614609157e-09,3.0508887596479617e-09,5.36313438331374e-09,9.365089820243502e-09,1.6157641020751936e-08,2.74905850072805e-08,5.194324023572828e-08,8.446273483183413e-08,1.3558778855988863e-07,2.148274966524612e-07,3.3596059535998184e-07,5.186171094696924e-07,8.408297434735571e-07,1.257415280575935e-06,1.860806144048401e-06,2.7255588355699986e-06,3.952326746237435e-06,5.675676523867589e-06,8.073932213344677e-06,1.1381364250182032e-05,1.634504128792063e-05,2.2582115770657887e-05,3.095891083116438e-05,4.212592086576999e-05,5.6905961447603496e-05,7.633304158839655e-05,0.00010169841417995256,0.0001346049081797137,0.0001770305110577076,0.0002314025660939091,0.000304120892729043,0.0003925130526776217,0.0005038537307940853,0.0006433799036778795,0.0008173551053077612,0.0010332354533396104,0.0012998557494467097,0.001627636763019166,0.0020288144631919235,0.0025176917793386508,0.0031109124778063335,0.0038277564420775385,0.004690454351630855,0.005748972563660061,0.006986637716886194,0.00845825065036255,0.01020125914608967,0.012257748377445157,0.014674731752409638,0.017504388761923437,0.020804225748822767,0.02463713109033876,0.02907129146093377,0.03417993203436901,0.040040840264018315,0.04673563103876648,0.05434871270633026,0.06296591729935029,0.07279311575677852,0.08368245077114023,0.09582316902401655,0.10928574098726374,0.12412985307726852,0.1404011764140091,0.15812811947507888,0.1773187443092817,0.197958049236159,0.22000583716708133,0.24339538155381935,0.26803307247414804,0.29379917575187914,0.32054976275031083,0.3481197838057573,0.3763271612452148,0.4049776963805701,0.43416290344670583,0.463100335050884,0.4918797963663082,0.5203135128755919,0.5482277641416256,0.5754664247282247,0.6018935225920969,0.6273947860437158,0.6518782279968973,0.6752738666543312,0.6975327308782089,0.7186253072413432,0.7388261313474593,0.7575596067496427,0.775134255246061,0.7915773281640623,0.8069247043153289,0.8212188911639875,0.8345072264099128,0.8468403022361749,0.8582706161274889,0.8688514419388061,0.8786359072900667,0.8878916984497419,0.8962316848917907,0.9039274644552536,0.9110257914616875,0.9175710406591928,0.9236050906297637,0.9291672746434884,0.9342943822780785,0.9390207036279701,0.9433781046864683,0.9473961202562352,0.9512505863006359,0.9546643820737906,0.9578147814613815,0.9607231683175592,0.9634092025726467,0.9658909436564517,0.9681849667845945,0.9703064778309716,0.9722694181514315,0.9740865669648593,0.9758740102650721,0.9774300046222152,0.9788726409565853,0.9802109177726132,0.9814530792611175,0.9826066803104295,0.9836786447154613,0.9846753195819857,0.985602525263955,0.9864655996056911,0.9873430956078575,0.9880896451396576,0.9887856972771568,0.9894350384274275,0.9900411480438214,0.9906072248047147,0.9911362110583789,0.9916308136933588,0.9920935253237015,0.9925266415198237,0.9929847948191969,0.9933631473902924,0.9937178439329802,0.9940505413322546,0.9943627692497425,0.9946559409675836,0.9949313626829835,0.9951902423284578,0.9954336975529356,0.9956627629734495,0.9959163040722967,0.9961181800704565,0.9963083853975554,0.9964876814313638,0.9966567747292118,0.9968163213557275,0.9969669307749927,0.9971091694465889,0.997243564119534,0.9973706049348628,0.9975184533489239,0.9976312733445805,0.9977380496399514,0.9978391496801117,0.9979349161321245,0.9980256687141678,0.9981117059068203,0.998193306429741,0.9982707307226709,0.9983653439388678,0.9984345041576808,0.9985001958668456,0.9985626172963552,0.9986219541578585,0.9986783803628998,0.9987320589324649,0.9987831427241304,0.9988317750316772,0.9988943416937898,0.9989380014711096,0.9989796061401373,0.9990192664286278,0.9990570863512791,0.9990931637183489,0.9991275905725379,0.9991604534734768,0.9991918339190176,0.9992344217503534,0.9992627146408796,0.9992897546046762,0.9993156051933407,0.9993403266104567,0.999363975521177,0.999386605442764,0.9994082668643267,0.9994290075176518,0.9994587427783952,0.9994775114272048
0.0013049019780144017,1.0753795354547073e-08,4.89342338600857e-10,7.393376772035014e-10,1.2848106263476359e-09,2.8901645238856116e-09,5.0686822967608e-09,8.833393139268317e-09,1.521764798560106e-08,2.5844813937889348e-08,4.901948874225733e-08,7.955655862787004e-08,1.2750243377679203e-07,2.017246235848477e-07,3.150635481142463e-07,4.858503670918095e-07,7.895165045628079e-07,1.179137443000484e-06,1.7429330208111279e-06,2.5502577460141626e-06,3.6946493446499237e-06,5.3011317127578436e-06,7.5352532152093144e-06,1.0614408906359805e-05,1.526022546393557e-05,2.106634608327952e-05,2.885943640368972e-05,3.924216610508002e-05,5.297655470391625e-05,7.101971612667512e-05,9.456638707997096e-05,0.00012509895300555002,0.00016444604635854475,0.00021485086941622157,0.000279050272511179,0.00036438907603588637,0.00046752944908039494,0.0005967276998087458,0.0007577637710852646,0.0009575163122566552,0.001204134107945526,0.0015072269834210319,0.001878077301746356,0.002329872284487809,0.002877957256921262,0.0035401094372796383,0.004336830233150517,0.005291653984807657,0.006458960297919589,0.00781776515360101,0.009427076232769406,0.011325823936729828,0.013557551236480678,0.016170660792660135,0.01921859922199831,0.022759953971753552,0.026858433581601823,0.03158269870406347,0.03700600731925747,0.043205636228058286,0.05026203970518362,0.05825770992965999,0.06727570910317636,0.07752859746314539,0.08884363658901089,0.10141415049903817,0.11530391146881701,0.13056501205288054,0.14723478788441838,0.16533279676375315,0.1848580289995398,0.2057865460008232,0.22806974772747288,0.25163345667403686,0.2763779713195385,0.30217918693571105,0.3288908092247473,0.3563476032806021,0.3843695374672688,0.41306940005995446,0.44165202832775907,0.4702199073311746,0.4985845781729549,0.5265679754961148,0.5540063905731726,0.5807535814525159,0.6066829549186229,0.631688809879303,0.6556867012179598,0.6786130269284917,0.7004239751353022,0.7213991577645861,0.7409133274041241,0.7592821292400771,0.7765228780204033,0.7926629065087398,0.8077375444749624,0.8217882561507096,0.8348609652864418,0.8470045911422074,0.8582697930881378,0.868707920472172,0.8786030978705727,0.8875323394625602,0.8957851241782222,0.9034086168411593,0.9104479092370039,0.9169458316824844,0.9229428412982594,0.928476972416531,0.933583839600785,0.9382966733117597,0.9426463894523356,0.9468234619137271,0.9505251862579172,0.9539438284820261,0.9571020381149266,0.9600206880116594,0.9627189918724923,0.9652146204539931,0.9675238126318908,0.9696614831761978,0.9716413236513558,0.973590009453709,0.9752868056197107,0.9768606134517652,0.9783211236587412,0.9796772242169196,0.9809370677699124,0.9821081329846604,0.9831972816737252,0.9842108105609865,0.985154499857844,0.986033656161121,0.9869310771935341,0.9876927301434553,0.9884034346011238,0.9890669697486367,0.9896868115590758,0.9902661588845848,0.9908079563000526,0.9913149161713678,0.9917895374700052,0.9922341242285109,0.9927065259290597,0.993095417011953,0.9934602467364025,0.9938026833414524,0.9941242685591709,0.9944264277800663,0.9947104795696983,0.9949776441473591,0.9952290515072285,0.995507409644514,0.9957290359509356,0.9959378759924348,0.9961347620077503,0.9963204665723587,0.9964957070888639,0.9966611502457615,0.9968174156817191,0.9969650798205658,0.9971046790792764,0.9972671952012289,0.9973911955401655,0.9975085650938136,0.9976197063768918,0.9977249946905978,0.9978247802978465,0.9979193901523093,0.9980091296698312,0.9980942842478495,0.9981983804203465,0.9982744606298428,0.9983467316248947,0.9984154108141745,0.9984807017803317,0.9985427953646265,0.9986018702005992,0.9986580940644115,0.9987116241820929,0.9987805187083266,0.9988285838729717,0.9988743901925737,0.9989180591290673,0.9989597048815999,0.9989994348547082,0.9990373500373585,0.9990735455190676,0.9991081107299133,0.9991550412085193,0.9991862105576138,0.9992160015926307,0.9992444844039047,0.9992717249069993,0.9992977854484669,0.9993227247586425,0.9993465983965005,0.9993694587531569,0.9994022490402752,0.9994229389115048
0.0013987131026472386,1.1077003531448214e-08,4.69144366427223e-10,6.977818950172732e-10,1.2097459606206312e-09,2.7418034402172327e-09,4.793339151348978e-09,8.336838609091885e-09,1.4336708112837209e-08,2.43102722217752e-08,4.6293129333297665e-08,7.497802578358014e-08,1.1995552844897312e-07,1.8949811667548277e-07,2.955744835558823e-07,4.552605509174598e-07,7.416422164101714e-07,1.1061007303992333e-06,1.6329635935435758e-06,2.386719398862042e-06,3.4542963555351335e-06,4.9517864474992194e-06,7.0328545115183375e-06,9.899152050229857e-06,1.4248571976347697e-05,1.9652911843466796e-05,2.690186805998163e-05,3.6553597072905746e-05,4.931342503513883e-05,6.606689330526959e-05,8.79188585697551e-05,0.0001162395708592037,0.00015271860695210946,0.00019942772375073245,0.00025889363625591807,0.0003381865692637477,0.0004336897040677913,0.0005532699488542669,0.0007022570852846086,0.0008869922266733677,0.0011149854773543928,0.0013950915569322267,0.001737704584537391,0.002154972191434433,0.0026610293494341787,0.003272251450996703,0.0040075254700103445,0.004888537252554419,0.005967500154866187,0.007221168891605996,0.008705828513901311,0.010457438896092141,0.012516265011815589,0.014927128131991025,0.017739606407847504,0.02100816353017623,0.02479218050531189,0.029155861356921237,0.034167980916843095,0.03990143968084484,0.04643259043944422,0.05384030150642551,0.06220472658249028,0.07173709390935856,0.08226300322922343,0.0939771598469906,0.10694613644067719,0.12122696012597345,0.13686424420915927,0.1538872908322316,0.17230731236327687,0.19211494332787718,0.21327822671807428,0.23574125723046918,0.25942364404569523,0.284220917155733,0.3100059442365334,0.3366313558987761,0.3639328998485907,0.39204665696354085,0.42016754384553173,0.44841335657211606,0.4765978240320897,0.5045413411280094,0.5320752051258959,0.5590451625777141,0.5853141386835587,0.6107640967452949,0.6352970297459654,0.6588351521521264,0.6813203907586607,0.703038046172437,0.7233108536754186,0.742461614427591,0.7604967584320924,0.7774340417136245,0.7933005569266154,0.8081308459714246,0.8219651611486208,0.8348479065736493,0.846826271614454,0.8579490608090181,0.868517612888327,0.8780696090733864,0.886913355942197,0.8950960131059443,0.9026630487047167,0.9096579691801707,0.9161221379605182,0.9220946677576116,0.9276123703343714,0.9327097552464532,0.9374190609492538,0.9419466789327398,0.9459616570379519,0.9496725974545731,0.9531034336432355,0.9562762785427145,0.9592115369196613,0.9619280152814349,0.9644430314326042,0.9667725209775713,0.9689311368539901,0.9710572314565353,0.972909023936211,0.9746273419020947,0.976222616157735,0.9777044247294941,0.9790815626884026,0.9803621063057498,0.981553472756445,0.9826624743461403,0.983695369712893,0.9846579097563025,0.9856408873481765,0.9864752383355465,0.9872539742974812,0.9879812014023557,0.9886606987051322,0.9892959456122277,0.9898901468963429,0.9904462557179358,0.9909669942947205,0.9914548735251986,0.9919734638551855,0.9924003847038787,0.9928009606756385,0.9931770126133,0.99353022377628,0.9938621509689989,0.9941742348462685,0.9944678086509249,0.9947441078073475,0.9950501296252898,0.9952937703212145,0.9955233856474682,0.9957398861657258,0.9959441175337741,0.9961368650824227,0.9963188587920463,0.9964907772807798,0.9966532520096254,0.9968068705454884,0.9969857689209238,0.9971222544634601,0.9972514557109994,0.9973738139453764,0.9974897406610971,0.9975996199875534,0.997703810609774,0.9978026475360668,0.9978964439579844,0.9980111466432628,0.998094965129735,0.9981745944867717,0.9982502732552229,0.9983222251065887,0.9983906595124078,0.9984557727141714,0.9985177489437467,0.9985767609517906,0.9986527419822969,0.9987057392105432,0.9987562500250303,0.998804407914558,0.9988503384090992,0.9988941595318439,0.9989359823209673,0.9989759113030307,0.9990140448473814,0.9990658439947561,0.9991002369489779,0.999133111547965,0.9991645447864997,0.9991946093484259,0.9992233736745546,0.9992509024932973,0.999277256853716,0.9993024944337102,0.9993387132351013,0.9993615582512002
0.0014992684327860455,1.0460720060570574e-08,4.384185595892351e-10,6.586492398855483e-10,1.141817964392859e-09,2.041534020737433e-09,4.537117106824319e-09,7.874757035337308e-09,1.3512617960177218e-08,2.2876100460160755e-08,3.8153895878994096e-08,7.070692581062002e-08,1.1291246238433114e-07,1.7808804903420747e-07,2.7738751059258387e-07,4.26716130042521e-07,6.484853185926663e-07,1.0379584399107435e-06,1.5303736403113933e-06,2.2341637217851484e-06,3.230090723346495e-06,4.625946268931821e-06,6.564298625372018e-06,9.232147171835285e-06,1.2872748939762503e-05,1.8335000974536918e-05,2.5076773462894205e-05,3.404719894993586e-05,4.589885214690714e-05,6.145060568690204e-05,8.172364618080911e-05,0.00010798383827876225,0.0001417913449566096,0.000185058381904966,0.00024011609920318843,0.000313778469530295,0.00040217046610591226,0.0005127960118004376,0.0006505661233507004,0.0008213217216977103,0.0010319785781598692,0.001290688678137991,0.0016070192548900812,0.0019921499083709205,0.002459087968058843,0.003022902184136574,0.003700973526127273,0.004513261883383449,0.005482585753336039,0.006665685718026939,0.008034195979782296,0.009648648081158393,0.011546216679807165,0.013768334781828425,0.016360904437284295,0.019374449036472473,0.02286418534343889,0.02688999020585668,0.031516233521728027,0.03681144655832326,0.04284779274760778,0.04970030879434391,0.057445885311445184,0.06629382379025005,0.07606746263469526,0.08696189824651983,0.09904535241534537,0.11237842606881195,0.12701146495799714,0.14298183205403348,0.1603112078941092,0.17900306426347595,0.19904047544636003,0.220384436825806,0.24297285409094987,0.26672034082317064,0.2915189216964013,0.31723968221821097,0.3437353392985891,0.3711668661448573,0.3987218352638173,0.4265357501328508,0.4544273197714203,0.4822182433413421,0.5097375677970799,0.5368255334242692,0.563336745221256,0.5891425712252554,0.614132726106162,0.6382160606258039,0.661320620820864,0.6837382987191961,0.7047377231198729,0.7246490544553342,0.7434670230693045,0.7611988606667733,0.777862398843179,0.7934842075087228,0.8080978314780332,0.8217421675390695,0.83446000831542,0.846296768178404,0.8575717935120011,0.8677796658348453,0.877248477174423,0.8860248886512595,0.8941543288788205,0.9016806369721548,0.9086458049181038,0.9150898014954911,0.921050465813955,0.9265634557935029,0.9316622415518591,0.9365705210605595,0.9409261278229698,0.9449554634243741,0.9486837467478333,0.9521343464461702,0.9553288830860948,0.9582873323932974,0.9610281312486922,0.963568278762403,0.9659234367428483,0.9681080264014909,0.9702673681947309,0.9721450063109391,0.973888977732692,0.9755095983539162,0.9770163519414397,0.9784179572702627,0.9797224297011241,0.9809371385736008,0.9820688601731116,0.9831238266021952,0.9842017200412841,0.9851167366797817,0.9859709958510948,0.9867689604773919,0.9875147406487104,0.9882121226252157,0.9888645961225723,0.9894753779816192,0.9900474355778908,0.9905835068218081,0.9911535457082612,0.9916228285238752,0.9920632347745288,0.9924767535905902,0.9928652244110171,0.9932303487090778,0.9935737018741878,0.9938967425056762,0.9942008220584941,0.9944871932554361,0.9948059565218663,0.9950587744884298,0.9952971860816879,0.9955221177503799,0.9957344302575669,0.99593492360002,0.9961243420704813,0.996303377940152,0.9964726758276261,0.9966699056204066,0.996820360067553,0.9969628012774736,0.9970977135559208,0.9972255487864448,0.9973467287983997,0.997461647462059,0.997570672746106,0.9976741488498467,0.9978007382133782,0.9978932270324762,0.9979811021390887,0.998064625891927,0.9981440440491789,0.9982195869626914,0.9982914705426259,0.9983598973399883,0.9984250573565242,0.9984871289765164,0.9985675207154389,0.9986233097898783,0.9986765047457564,0.9987272437043365,0.9987756566469603,0.9988218656773924,0.9988659860410327,0.9989081259687465,0.9989653948927322,0.999003408069878,0.999039745975998,0.9990744934647795,0.9991077305226796,0.9991395326522622,0.9991699710736376,0.9991991131704083,0.9992270224674489,0.9992670971299986,0.9992923647725626
0.0016070528182616384,9.129880281189029e-09,4.1749142294818295e-10,6.218377147976882e-10,1.0777589944004243e-09,1.926121775017888e-09,4.300627898418767e-09,7.4441168547466316e-09,1.2748995951993396e-08,2.1538625471106148e-08,3.586627369262968e-08,6.672053792502817e-08,1.0633942892721011e-07,1.6744042746645557e-07,2.604169043042047e-07,4.000836593052799e-07,6.072966607536003e-07,9.743812637026694e-07,1.4346583578587407e-06,2.091848629262784e-06,3.0209600448694974e-06,4.322040440477532e-06,6.127329954470172e-06,8.610161610323811e-06,1.1995892405620971e-05,1.7106223661414576e-05,2.3375311445247917e-05,3.171085006438245e-05,4.2716305381115146e-05,5.714849164115458e-05,7.595072246280566e-05,0.00010029173787556427,0.00013161127338169067,0.0001716731149651247,0.00022262649153969547,0.0002870768221238129,0.0003728186340359914,0.0004751093460643714,0.0006024398557628295,0.0007601860083254937,0.0009547107544127917,0.001193512411769217,0.0014853889409391855,0.001840619036677456,0.002271160300285069,0.002790864393419663,0.0034157086944426353,0.0041640430602778835,0.0050568497969620575,0.006148712086247003,0.007409061587019003,0.008895742545823336,0.010643021696703066,0.012689133477755254,0.015076495914920064,0.017851879283811007,0.021066509146073695,0.024776081752409737,0.02904066724208046,0.03392447297539194,0.03949543768059184,0.04582462619690911,0.05298539590672946,0.06105230895506807,0.07024291722232713,0.08035488745227239,0.09158939388642094,0.10400938269220479,0.1176695055320176,0.13261359437982506,0.1488720930350188,0.16645956678338591,0.1853724306422425,0.20558705101884006,0.22705837475903723,0.24971922924976833,0.27348040880666796,0.29823161932440206,0.32384330130311223,0.35050246168174215,0.3773916266705945,0.40466609007667426,0.432152163796651,0.4596756433187921,0.48706613508111063,0.514161054716316,0.5408091138846718,0.5668731585482649,0.5922322800074752,0.6167831687156419,0.6404407427878449,0.6635047076905379,0.6851878472843304,0.7058280950336602,0.725407853881687,0.7439230130813604,0.7613811995941334,0.7777999961599493,0.7932052005501015,0.8076291769809392,0.8211093404412375,0.8336867953346992,0.8456997195479975,0.8565955300023115,0.8667230776191347,0.8761279444622414,0.884855023450025,0.8929480679097369,0.9004493507851214,0.9073994138325031,0.9138368961407489,0.9197984280471763,0.9253185766863233,0.9306398530420013,0.9353655724129669,0.9397415266679486,0.9437942007261344,0.9475482162964727,0.9510264214330294,0.954249984445145,0.9572384908480657,0.9600100416025779,0.9625813491198445,0.9649678316765167,0.9673285763778352,0.9693819727030369,0.9712901313958365,0.9730641542745896,0.9747142616614604,0.9762498607936632,0.9776796105135639,0.9790114803318614,0.9802528058400334,0.9814103403016042,0.9825936621918252,0.9835982967969794,0.9845365039572347,0.985413135520307,0.9862326629738809,0.986999208221073,0.9877165723292269,0.9883882618850066,0.989017512721379,0.9896073123498905,0.9902347495201567,0.9907512947619878,0.9912361536164067,0.9916915006666147,0.9921193472481122,0.9925215551602322,0.9928998483119019,0.9932558237239184,0.9935909614221438,0.9939066339477041,0.9942581476745485,0.9945369257985408,0.9947998581842453,0.9950479608989109,0.9952821783871235,0.9955033885376048,0.9957124082259817,0.9959099975960938,0.9960968645188992,0.9963146464688725,0.9964807596569986,0.9966380452608582,0.9967870354577605,0.9969282270254198,0.9970620837554199,0.997189038851686,0.9973094970067571,0.9974238367127523,0.997532411897309,0.9976659972705448,0.9977631313226967,0.9978554652187592,0.9979432695421796,0.9980267979102279,0.9981062881504111,0.9981819633151596,0.9982540325545857,0.9983226926744675,0.9984116581480562,0.9984733815845759,0.998532240478937,0.9985883870110357,0.9986419644647917,0.9986931075665403,0.9987419432029824,0.9987885908583644,0.9988331631070863,0.9988941056048214,0.9989343417442921,0.9989728199779743,0.9990096286901934,0.999044851185658,0.9990785660936607,0.9991108476942465,0.9991417661662687,0.9991861869120678,0.9992141838159098
0.0017225859653987874,9.508134316352957e-09,3.925974862136819e-10,5.899184032114557e-10,1.0193278033830636e-09,1.815028201249945e-09,4.081507210848389e-09,7.042945912195691e-09,1.2032835570309817e-08,2.029152845667294e-08,3.3732656101261834e-08,6.299873099538502e-08,1.0020752205786072e-07,1.5750569214176312e-07,2.445795137210166e-07,3.7523588729071206e-07,5.68866921573002e-07,9.150576728388766e-07,1.345363329675064e-06,1.9590903548361896e-06,2.8258947747473645e-06,4.038603158583666e-06,5.719835207590336e-06,8.030199525316768e-06,1.117837087920758e-05,1.543339921268309e-05,2.1789247468251993e-05,2.9533232289589805e-05,3.975035268631645e-05,5.313968501148334e-05,7.057208427349582e-05,9.312592527012847e-05,0.00012212892761055192,0.00015920685994846756,0.000206339792361839,0.00026592694767036226,0.000345491382375844,0.0004400264686357719,0.0005576440355515164,0.0007032875229706132,0.0008828060759890568,0.0011030903077834386,0.0013722229295754426,0.0016996448366328235,0.002096337068370498,0.0025750185923512515,0.0031503597099151403,0.0038392098824526827,0.004660838650175005,0.005667806647954282,0.006827499298711876,0.008195236280193372,0.009802552894385237,0.011684670550456225,0.013880713466595852,0.016433887989516144,0.019391608282750866,0.022805550216691894,0.02673161126728547,0.031229752880697112,0.03636369866348457,0.04220046121832707,0.04880967013891109,0.0562626757072215,0.06477508380682305,0.07414217508383304,0.08456526467404647,0.09610855035528139,0.10882969175013234,0.12277750755852083,0.13798957737709888,0.15448984550040687,0.172286345126661,0.1913691773015409,0.21170888754384765,0.23325537875255964,0.2559374848464105,0.2796632983494334,0.30432130444561944,0.3301252061442576,0.35625445482301454,0.3828858376593982,0.40985563774885825,0.4369963942708972,0.46414105585439275,0.4911269847126798,0.5177996213394453,0.544015645296696,0.5696455209280369,0.5945753604289716,0.61870809166766,0.6423527953890885,0.6646650900674275,0.6859913460001856,0.7063012501410558,0.7255787169032082,0.7438203527484823,0.761033817573941,0.7772361561208585,0.7924521720455463,0.8067128860998647,0.8200541209614063,0.8328337445762494,0.8444476564542372,0.8552664506030817,0.865333962695577,0.8746939670559069,0.8833896311325742,0.8914630840838155,0.8989550867900901,0.9059047889669395,0.9123495590322441,0.9183248769666981,0.9240936985179476,0.9292211427554924,0.9339741191068877,0.9383803313083603,0.9424656300628117,0.946254083985638,0.9497680610933537,0.9530283153017363,0.9560540769401674,0.9588631436618836,0.9614719711142954,0.964054880793584,0.9663022682700829,0.9683918268693829,0.9703354922320149,0.972144268892467,0.9738283002986756,0.9753969347168683,0.9768587869588308,0.9782217957236475,0.9794932767885041,0.9807938433377928,0.98189816165219,0.9829297982418943,0.9838940286133845,0.9847957182781862,0.9856393560831411,0.9864290839238181,0.9871687253896857,0.9878618111935983,0.9885116027163585,0.9892031774987866,0.989772536205506,0.9903070865213379,0.9908092072093497,0.9912810997507809,0.9917248026252864,0.9921422041621294,0.9925350543732491,0.9929049756766947,0.9932534731158321,0.9936416988909561,0.993949575139034,0.994239999117828,0.9945140865377516,0.9947728746246979,0.9950173279966629,0.9952483442004636,0.9954667588277474,0.9956733501307109,0.9959142190347682,0.9960979196011505,0.9962718810410873,0.996436689218093,0.9965928907065156,0.9967409962721555,0.9968814827613606,0.9970147961083325,0.9971413530763749,0.9972615436465722,0.9974094848626295,0.9975170369212976,0.997619285386707,0.9977165286469769,0.9978090463204273,0.997897100642699,0.9979809376427555,0.9980607882851898,0.9981368693532349,0.9982354979350596,0.9983039077295176,0.9983691490355247,0.9984313899536371,0.9984907886132985,0.9985474938457322,0.9986016457330571,0.9986533762565796,0.9987028097341375,0.9987704352295661,0.9988150685907353,0.9988577558204518,0.9988985944655614,0.9989376765969682,0.9989750892004836,0.9990109143195324,0.9990452295925196,0.9990945599471678,0.9991256384747668
0.0018464249428955426,9.051928617919947e-09,3.715029416356208e-10,5.586805976731287e-10,9.623479769908575e-10,1.7133792568390912e-09,3.0498147442744495e-09,6.669707320336366e-09,1.1365231546952577e-08,1.912664183302356e-08,3.1740850036355155e-08,5.952526622652879e-08,9.448365606547698e-08,1.4823240016561344e-07,2.2980455024970952e-07,3.52047468563295e-07,5.33012274405127e-07,7.977668565858264e-07,1.2620562713669265e-06,1.8352483570088246e-06,2.643948275372083e-06,3.774263464303944e-06,5.33984463193928e-06,7.489449625527253e-06,1.0416224703730766e-05,1.4369024417074539e-05,2.0310892535538323e-05,2.7503793139082447e-05,3.698661826372728e-05,4.94047281086794e-05,6.556159404538716e-05,8.645154133193885e-05,0.00011329817288851711,0.0001475989123450087,0.00019117661090159636,0.00024623887699198286,0.0003154460478795736,0.0004073761787156506,0.0005159599501239684,0.0006503484689168816,0.0008159135149777483,0.0010189811181486946,0.0012669694141853505,0.001568540734830345,0.0019337683025533509,0.002374317833692465,0.002903643536805304,0.003537198071494735,0.0042926550067836034,0.005190141934149106,0.006286762799080274,0.0075438534296250305,0.009020926387304423,0.010750370684728094,0.012768204170535764,0.015114258461345953,0.017832320745831735,0.02097021679419509,0.024579816355196626,0.028716940094712057,0.03344114479966324,0.03881536232865703,0.044905366928619773,0.051779046921123235,0.05964958724412284,0.06830945554130746,0.07795928588473446,0.08866356874978994,0.10048180771812487,0.11346644925827738,0.12766068077805176,0.14309617300251168,0.15979086357234618,0.17774689553502562,0.19694883731656723,0.21736231464434344,0.23893317731726468,0.26158730698452304,0.2852311406107172,0.31010525712209325,0.3353876477068361,0.36127786372247056,0.3876242000378699,0.41426835248642724,0.4410492708834543,0.46780703122279116,0.49438653439186236,0.5206408602781639,0.546434137940661,0.5716438338802053,0.59616240771772,0.6203102155627064,0.6431848734269707,0.6651421319885779,0.6861388666376342,0.7061466234614425,0.7251503586873811,0.7431470004011443,0.7601439150188941,0.77615735108305,0.7912109188877274,0.8053341516352746,0.8185611778986894,0.8312647808059495,0.8428052669567687,0.8535683135325068,0.8635959060806052,0.8729300378802296,0.8816121871511665,0.8896829021502779,0.8971814803846437,0.9041457293376469,0.9106117998738485,0.9168648548596149,0.9224277292088059,0.927590317903824,0.9323814646555809,0.9368281954710455,0.9409557691360606,0.9447877410582297,0.9483460364573146,0.9516510301300402,0.9547216294056782,0.9575753595368248,0.960403412448872,0.9628649939214058,0.9651550633188591,0.9672864363873289,0.9692709489346852,0.9711195276652996,0.9728422578608077,0.9744484454177549,0.9759466772408466,0.9773448756657309,0.9787759746949328,0.9799912999043368,0.981127042820414,0.9821889398021204,0.9831822859195531,0.9841119701995085,0.9849825073003332,0.9857980680436962,0.9865625062087974,0.987279384137164,0.9880427396514387,0.9886712077267947,0.9892613948006856,0.9898159048629293,0.9903371493242595,0.9908273617150951,0.9912886124359594,0.9917228206430337,0.9921317665885143,0.9925171021784556,0.9929465559026203,0.993287107112852,0.9936084104419499,0.9939116922850215,0.994198093029107,0.9944686736246547,0.9947244216459334,0.9949662566214186,0.9951950352241704,0.995461890169253,0.9956653832749308,0.9958581154588122,0.9960407321319483,0.9962138360388387,0.9963779899957744,0.9965337197882045,0.9966815172438046,0.9968218421371238,0.9969551247238407,0.9971192568080396,0.997238555578502,0.9973519850747593,0.9974598746441181,0.9975625331103758,0.9976602501191514,0.9977532974491696,0.99784193025849,0.9979263880712131,0.9980359315869082,0.9981118912941425,0.9981843403939777,0.9982534647615997,0.9983194392741,0.9983824285175947,0.9984425874664347,0.9985000620760648,0.9985549899485114,0.9986301742031961,0.9986797789569575,0.9987272252758659,0.9987726211192073,0.9988160684651746,0.9988576635667856,0.9988974973274338,0.9989356556891399,0.9989905450767058,0.9990251110182121
0.0019791668678535573,7.551059424427092e-09,3.496382902656424e-10,5.268380514846906e-10,9.107365158988655e-10,1.61758763196596e-09,2.8762256473760577e-09,6.317535279892267e-09,1.0742051606454723e-08,1.803953954646622e-08,2.988244423755251e-08,4.878351472464186e-08,8.91414483784357e-08,1.3957855722194232e-07,2.1601343231948055e-07,3.3041050375461353e-07,4.995531761421672e-07,7.467501729599218e-07,1.1843344252238222e-06,1.7197240178108227e-06,2.47424555725148e-06,3.5277440795408445e-06,4.985520250576774e-06,6.985299084955969e-06,9.705764407595615e-06,1.337697932569517e-05,1.8933082851318572e-05,2.56126746250821e-05,3.441166618153457e-05,4.5925467244639116e-05,6.089486602660526e-05,8.023609003992098e-05,0.00010507595057115383,0.00013679262524896794,0.00017706289234902735,0.00022791637584555552,0.00029179768653535645,0.00037699864431244885,0.0004771834449281145,0.0006011094517670199,0.000753705258995416,0.0009407726814568515,0.0011691128301132333,0.0014466650210234462,0.0017826593606409496,0.0021877829442314544,0.002674359653352938,0.003256543037223893,0.003950521307232708,0.004774732827305252,0.005784274396052911,0.0069385157828779475,0.008294487793716923,0.009881922132452712,0.011733913908582536,0.013887108014764716,0.016381851363008113,0.019262297357046543,0.022576446806049533,0.026376106988700382,0.030716748739132996,0.035657239557497125,0.04125943002497523,0.04758757063664467,0.054707537998137275,0.0628421787662237,0.07175723231745261,0.08166115911761924,0.09261427883256898,0.10467143853045481,0.1178800220384599,0.13227786238128184,0.1478911336401675,0.16473231675355912,0.18279834719507776,0.20206906202409858,0.22250606354619462,0.24405210848700978,0.2666311107281895,0.2905102372914498,0.31486726324261916,0.33992530947824673,0.36554633506570805,0.39158329136053766,0.41788357280668376,0.4442926305227839,0.4706575714857536,0.496830568947623,0.5226719333046762,0.5480527226911062,0.572856809171993,0.5974180465278454,0.6207757437804121,0.6432962757220435,0.6649239518190816,0.6856178498639074,0.7053508850964345,0.724108633064262,0.7418879862718978,0.7586957259355558,0.7745470708794864,0.7894642599198881,0.8034752049909232,0.8169750799761714,0.8292645428756698,0.8407537358026526,0.8514820976290992,0.8614897705488134,0.8708169868415174,0.8795035653047336,0.8875885086578063,0.8951096918061208,0.90210362459068,0.9088795797139981,0.9149135691634024,0.9205204916407533,0.9257302091143843,0.9305708346827757,0.9350687565263388,0.9392486796417429,0.943133681944323,0.946745280106332,0.95010350158107,0.9532269612463511,0.9563255485045953,0.9590236751370281,0.961535446913767,0.9638746020249968,0.9660538523795633,0.9680849542199242,0.9699787757940043,0.9717453611344153,0.9733939911839168,0.9749332402597437,0.9765098176193618,0.9778488909979023,0.979100768172065,0.9802716858972821,0.9813674064251703,0.9823932550568252,0.9833541535690254,0.9842546525553809,0.9850989599685375,0.9858909679150228,0.9867347825166558,0.9874295088373252,0.9880820877748431,0.9886953720602953,0.989272004475994,0.9898144347265446,0.9903249339066119,0.9908056089190841,0.9912584146773645,0.9916851660154699,0.992161004428087,0.9925383144341053,0.9928943666639869,0.9932305105690623,0.9935480014155329,0.9938480075196992,0.9941316165718819,0.9943998417959412,0.9946536273293861,0.9948938533326762,0.9951756020678297,0.995389505617247,0.9955922129221086,0.995784389009403,0.9959666553074547,0.9961395924154145,0.9963037434145009,0.9964596161989281,0.9966076861672335,0.996790117856785,0.9969226898294553,0.9970487555135427,0.9971686790875586,0.9972828021226958,0.9973914450344173,0.9974949084772743,0.9975934747590601,0.9976874090427458,0.9978093089116334,0.9978938125252401,0.9979744196643112,0.9980513361639249,0.9981247556526555,0.9981948604929543,0.9982618223849637,0.9983258030561596,0.9983869549853459,0.9984707082583196,0.9985259463124126,0.9985787860663643,0.9986293472703082,0.998677743001667,0.998724079957382,0.9987684590477957,0.9988109755187827,0.9988517195381885,0.9989106959196753
0.00212145178491063,7.350162810476147e-09,3.3068298947650745e-10,4.991549247166035e-10,8.604231106808656e-10,1.5284279249879217e-09,2.712559243459618e-09,5.9901457126539264e-09,1.0159401314341537e-08,1.7026351821862406e-08,2.8145442167622464e-08,4.587090864940302e-08,8.415451557085416e-08,1.3149996794971382e-07,2.0314383173148784e-07,3.1021940180733943e-07,4.683441371853129e-07,6.991592042394994e-07,1.1118187887597486e-06,1.6119574921353378e-06,2.3159627280415934e-06,3.2978531780071896e-06,4.655152239914358e-06,6.515303809044563e-06,9.043548024555618e-06,1.2452456401973439e-05,1.7013538079652044e-05,2.3850692873828804e-05,3.201297633341835e-05,4.2684945828878095e-05,5.6549150058031414e-05,7.444923872991388e-05,9.742208522290843e-05,0.00012673514411985965,0.000163929526242343,0.00021086961442927499,0.0002697997824862007,0.00034340894944827625,0.00044112388397781133,0.0005553282367452036,0.0006958750820336963,0.0008680799512324961,0.0010781714094995718,0.0013334179550079297,0.001642267238182113,0.0020144979788832623,0.00246138445991911,0.0029958733271094164,0.0036327719206739177,0.0043889469163684615,0.005283531134608785,0.006376331037659361,0.0076197989662607915,0.009075262152535953,0.010773071999395107,0.012746872221104419,0.01503375666072084,0.017674388911104608,0.02071307017656955,0.024197739653652833,0.028179890177202467,0.03271437957528504,0.03785911758580884,0.043674607323011316,0.05022332113888942,0.057725646947568966,0.06594445675593101,0.07508727594597475,0.08521434725324477,0.09638182764706375,0.10864001464384199,0.12203144838273461,0.1365889479115689,0.15233365729420378,0.1692731916577262,0.18739998481830927,0.20668994586331915,0.22710152950644594,0.24857531473755254,0.2710341652310757,0.2947670162765244,0.3189103850236096,0.34371128369911474,0.36903563864098005,0.3947414296634978,0.4206819437725961,0.44670915031410136,0.4726770368720391,0.4984447517082723,0.5238794173909114,0.5488585115787236,0.5732717420665567,0.5974808173224632,0.6204838402115767,0.6426733241246397,0.663996121340248,0.6844130131496743,0.703897844448041,0.7224364284061843,0.7400253015994384,0.7566703960667017,0.772385690057373,0.7871918872048553,0.8015077022346607,0.8145689658251234,0.8268114547691077,0.8382712226547494,0.8489857981609037,0.8589934822620274,0.8683327585050741,0.8770418077633596,0.8851581160576562,0.892718167549256,0.8997572087963996,0.9065999480098003,0.9126879123268778,0.9183519937303577,0.9236212607957843,0.9285231316251275,0.9330833913633475,0.937326224896807,0.9412742646976233,0.9449486490136942,0.9483690875333586,0.9517662026241125,0.9547255513740357,0.9574824819314208,0.9600516920822161,0.9624468101182763,0.9646804644962826,0.9667643513854548,0.9687092987383055,0.9705253272669998,0.9722217087444143,0.973960575286079,0.975437733705423,0.976819296765996,0.9781120429286073,0.9793222419907952,0.9804556934604779,0.9815177635155828,0.9825134171632678,0.9834472498894128,0.9843235159866353,0.9852576529661897,0.9860267629605478,0.9867494177188161,0.9874287437969533,0.9880676394993775,0.9886687931927591,0.9892346984523005,0.9897676697146579,0.9902698556765992,0.9907432520088995,0.9912713724980412,0.9916901113089496,0.9920853393672926,0.9924585431732429,0.992811106057806,0.9931443158084092,0.9934593719893708,0.9937573922105958,0.9940394183719271,0.9943064219991298,0.9946197328555599,0.9948575639279346,0.9950829826450739,0.9952967238468868,0.9954994745297944,0.9956918765877698,0.9958745307446978,0.9960479988076741,0.996212806764693,0.9964159663499185,0.9965635687248657,0.9967039461808818,0.9968375020923138,0.9969646147468195,0.9970856390874613,0.9972009083745929,0.9973107354357003,0.9974154142065411,0.9975513339180997,0.9976455282476651,0.997735389842735,0.9978211470521967,0.9979030147732048,0.9979811952808918,0.9980558791470565,0.9981272459501679,0.998195464877566,0.9982889552196442,0.9983505915209543,0.9984095579799158,0.9984659875720953,0.9985200058765346,0.9985717315420283,0.998621276614111,0.9986687470467991,0.9987142429817096,0.9987801432157649
0.0022739657523579274,6.708350557158872e-09,3.094020025730404e-10,4.73384865176803e-10,8.151852099842115e-10,1.4448796956033353e-09,2.5602361757814643e-09,5.682734557213251e-09,9.616242576416696e-09,1.6079506400147864e-08,2.6524881975616337e-08,4.3152612481126954e-08,7.949834431570546e-08,1.2396085934524615e-07,1.9113234214981211e-07,2.913779977322551e-07,4.3921868360173763e-07,6.547582178352312e-07,9.655370126865417e-07,1.5114327380147922e-06,2.1683417757179965e-06,3.083477499885481e-06,4.347130243966895e-06,6.077189938381697e-06,8.426362784993875e-06,1.1590962584334846e-05,1.5821527391816877e-05,2.2209277725752596e-05,2.9778855308286058e-05,3.966736182040435e-05,5.250321659063244e-05,6.906266583702459e-05,9.029909077430288e-05,0.00011737711751612048,0.00015171198237873425,0.00019501473679707927,0.0002493439793760311,0.0003171646975022445,0.00040760323264793063,0.0005127785558581698,0.0006421369582388152,0.0008005431073365183,0.000993694843142808,0.0012282387450805368,0.0015118969937411005,0.0018536059217364948,0.0022636661936312123,0.00275390444796179,0.0033378458544125805,0.004030896606195106,0.004850534734118218,0.0058545812534190125,0.00699362514565527,0.00832656289018445,0.009881176026317835,0.0116882890795885,0.013781929124483483,0.016199455128708504,0.01898164548222601,0.022172730656113054,0.02582035552503108,0.02997545509395091,0.03469202525543687,0.04002676992272522,0.046038605810970336,0.05294510015656774,0.06050600265278402,0.06892724765224632,0.07826823899065427,0.08858549021920019,0.09993106562450266,0.11235088177515218,0.12588291209905078,0.14055535318076107,0.15638482544400406,0.17337469420911497,0.19151360469220277,0.2107743282458291,0.2311130132007541,0.25246892114410585,0.27515722264045617,0.29831313858737957,0.3222076867060504,0.3467210600562508,0.37172359263986005,0.39707857520321255,0.42264530577695014,0.44828223091672514,0.4738500317939201,0.4992145178284812,0.5242492084473659,0.5488375114136268,0.5733590048389517,0.5967507274884178,0.6194192925317339,0.6412999502534162,0.6623416009829675,0.6825062826429136,0.7017683725790473,0.7201135800193429,0.7375377959061862,0.75404586478084,0.7696503328122037,0.7847947160875178,0.7986446353984696,0.8116627024975787,0.8238806833191467,0.8353326507739899,0.8460542036907499,0.8560817955561146,0.8654521665680882,0.8742018725767685,0.8823669019020328,0.8899823712770976,0.897401038273678,0.9040084808129771,0.9101646935887179,0.9158995157506183,0.9212412517780386,0.9262166559253622,0.930850939178553,0.9351677947972851,0.9391894376128389,0.9429366549717534,0.9466630716454799,0.9499108106389035,0.9529388006624568,0.9557627257806057,0.9583971645327294,0.9608556548426552,0.9631507621906424,0.965294140498667,0.9672965953514215,0.9691681406526224,0.9710881978689123,0.9727195682878919,0.9742460828106622,0.9756751046666418,0.9770134528221665,0.9782674421063781,0.9794429212260458,0.9805453075704411,0.9815796200131077,0.982550508632761,0.9834622831288274,0.9844389250941543,0.9852404034013817,0.9859940514900863,0.9867030499210578,0.9873703501687812,0.9879986919946838,0.9885906198015652,0.9891484969574827,0.9896745197255801,0.9902616770672307,0.9907271924633175,0.9911666685899877,0.9915817444806864,0.9919739460856939,0.9923446946509628,0.9926953143800723,0.9930270396312654,0.993341021457227,0.9936383336422712,0.9939873954103714,0.9942523242237342,0.9945034698843802,0.9947416456320125,0.9949676117706276,0.9951820792436022,0.9953857131684314,0.9955791360501897,0.9957629306730266,0.9959896203163991,0.9961542801314779,0.9963109027994125,0.9964599356708561,0.9966017985000424,0.9967368851478001,0.996865565423206,0.9969881866574395,0.9971050752249384,0.9972569389630891,0.9973621497466555,0.9974625337244807,0.9975583445856134,0.9976498211461317,0.9977371882925518,0.9978206578189835,0.9979004294319949,0.9979766912610227,0.9980812724385727,0.9981501930461576,0.9982161356332059,0.9982792482168432,0.9983396705507224,0.9983975346784864,0.9984529653683079,0.9985060805519616,0.9985569917800674,0.9986307895080775
0.002437444150122222,5.99080825460902e-09,2.992955156695275e-10,4.4914758024311936e-10,7.744027570637769e-10,1.3671497903407381e-09,2.4172659507973324e-09,4.228782009936796e-09,9.109539658748937e-09,1.51946219544401e-08,2.5013443240737255e-08,4.061612165897908e-08,6.503279636302955e-08,1.1692280642253511e-07,1.7992047595347245e-07,2.7379466880209887e-07,4.120425419873494e-07,6.133341156433046e-07,9.032222606554698e-07,1.4176612301686468e-06,2.0306632040575383e-06,2.883582317909138e-06,4.0599710520410825e-06,5.668827805015804e-06,7.851209001136247e-06,1.0788306064697787e-05,1.4711161884583604e-05,1.991236467495098e-05,2.769840339254472e-05,3.6857952995893906e-05,4.8737254278837337e-05,6.404995130971743e-05,8.367195109044995e-05,0.0001086724914497785,0.00014035002764438878,0.00018027343624465165,0.00023032908183502848,0.00029277439734822923,0.0003702985153950543,0.0004732490107807759,0.000592223546301615,0.0007378258325285983,0.0009152621251594219,0.0011306029360733233,0.0013908984738454722,0.0017043046786055136,0.0020802200558604545,0.002529433054465749,0.00306427977606855,0.0036988111664069574,0.004448968355581284,0.00533276453977922,0.006412922628397197,0.007632217651431377,0.009053976928296558,0.010706383431474318,0.012620581438618658,0.014830811161770256,0.01737451005968513,0.02029236954427373,0.023628334337130383,0.027429530014773346,0.03174610297655073,0.03663095624945545,0.042139363864879466,0.048328447541870954,0.05542670535378586,0.06316590598323922,0.0717613215399081,0.08126900357057254,0.09174177521486371,0.10322773339292977,0.1157686350434454,0.12939821090466544,0.14414046436584202,0.16000802423119534,0.17700063223815576,0.19510385035917024,0.2142880760911026,0.23450794719837867,0.2561037908919683,0.27821023233609277,0.30112217974471184,0.32473493069650883,0.34893251553197274,0.3735900294268518,0.3985762807710321,0.42375663725666135,0.4489959398138542,0.47416135316903246,0.49912503045120227,0.5237664866722126,0.5484859079851842,0.5721600251055772,0.5952114131428483,0.6175647448202388,0.6391576774729476,0.659940716952018,0.6798767564818641,0.6989403519791021,0.7171168015467417,0.7344010904695918,0.7507967592980549,0.7667735207744312,0.781421272804834,0.795230708140877,0.8082283572100479,0.820443932921116,0.8319094847443913,0.8426586564501408,0.8527260401114036,0.8621466280653348,0.8709553551714797,0.8791867208064924,0.8872239489596574,0.8943906269817569,0.9010783976806724,0.9073176247323057,0.9131372983882939,0.9185649831578764,0.9236267924289027,0.9283473871667139,0.932749992580829,0.936856428997364,0.9409458490571453,0.9445117817001287,0.9478393388549337,0.9509452054589632,0.9538449318564202,0.9565529958518121,0.9590828652578832,0.9614470595015481,0.9636572086001082,0.9657241121491875,0.9676577935125966,0.9696503057929303,0.9713389585494581,0.9729205463355279,0.9744024802651109,0.9757916324327193,0.9770943752510839,0.9783166176962932,0.9794638400653498,0.9805411251362609,0.9815531878894337,0.9826380034430473,0.9835282716756857,0.9843656837463578,0.985153730987393,0.9858956557128307,0.9865944697106992,0.9872529717044369,0.9878737630764082,0.9884592626570828,0.9890117203399906,0.9896316284093405,0.990121172233725,0.9905836444293551,0.9910207300938593,0.9914339991790843,0.99182491519838,0.9921948429069868,0.9925450555865206,0.9928767412877981,0.9932663819606572,0.9935620614145659,0.9938424100416506,0.9941083290737551,0.994360661199247,0.9946001947272101,0.9948276673696246,0.9950437696883653,0.9952491485114302,0.995502608323318,0.9956866684821193,0.9958617716915753,0.9960284149598597,0.9961870647236669,0.9963381586254535,0.9964821078543498,0.9966192986232738,0.9967500938560996,0.9968748348218965,0.9970378956043972,0.9971502713849734,0.9972575419230167,0.9973599730605875,0.9974578151912966,0.9975513042642091,0.997640662628605,0.9977260999674281,0.9978433445041659,0.9979205780746344,0.9979944832168756,0.9980652248993941,0.9981329589781236,0.998197832716777,0.9982599852616537,0.9983195481608992,0.9983766458636019,0.9984594741160964
0.0026126752255633263,6.11994166241843e-09,2.841227779460418e-10,4.2845367529071023e-10,7.358671856870449e-10,1.2948192730568978e-09,2.2843709501102693e-09,3.990210744532952e-09,8.637249339327846e-09,1.4369693625174571e-08,2.3602773667430708e-08,3.824761587253589e-08,6.113146047427727e-08,1.1035246315497216e-07,1.6945580892435204e-07,2.5738469706203175e-07,3.866852903680827e-07,5.746908416383179e-07,8.450957919226903e-07,1.2299681680371342e-06,1.902260825483778e-06,2.697196579794538e-06,3.7922808974425067e-06,5.288236879015777e-06,7.315295830991033e-06,1.0040581359754867e-05,1.3677035813878326e-05,1.849407326110015e-05,2.576143331992411e-05,3.424295169261313e-05,4.523275956623768e-05,5.9386430997777016e-05,7.750799947874827e-05,0.00010057825743583282,0.00012978741450415444,0.0001665725809611224,0.00021266056918313166,0.00027011658111478464,0.0003413992227481243,0.00043654201984974316,0.0005458849616962263,0.0006796136762119126,0.0008424794979897633,0.0010400198792072338,0.0012786632460141244,0.0015658433242614887,0.0019101236093518588,0.002321331376693536,0.0028107014863357994,0.0033910289571723097,0.004076829662371634,0.0048845075822087,0.0058748269463542915,0.006988827766415732,0.008287464654828413,0.009796451573240678,0.011544230631263043,0.013562108317018245,0.015884365530414765,0.01854833183178141,0.02159441316068063,0.025066060614312068,0.029009666717398658,0.033474374575902265,0.038511784609310894,0.04417554369978891,0.050691282520483334,0.05778770476286319,0.0656782514190806,0.07441782394598032,0.08405913462843466,0.09465140452523393,0.10623893573212212,0.11885958970514075,0.1325432139939358,0.14731007302191493,0.16316934792169738,0.18011777932536477,0.19813853112663973,0.21720035325670173,0.23766729127499853,0.2586737619502723,0.28053798327823015,0.30317073557393787,0.3264706309807413,0.35032594403503686,0.37461680988965484,0.399217699314799,0.4240000622329996,0.44883502299055067,0.4735960098304498,0.49816120972139977,0.52295427186684,0.5467929716766816,0.5701179466363999,0.5928447169956841,0.614900739818511,0.6362256548532903,0.656771180491092,0.6765007094370095,0.6953886605543216,0.7134196476350978,0.7305875162805032,0.7473897396913437,0.7628349461724677,0.7774432138469588,0.7912348802043567,0.8042343554952539,0.8164692353329354,0.8279694996281705,0.8387668023727674,0.8488938515530744,0.8583838782571575,0.867270188581579,0.8759690657785918,0.8837354631725054,0.8909953936393555,0.8977794273482911,0.904116976037222,0.9100361958184235,0.9155639267389756,0.9207256582358725,0.9255455183838819,0.930046282176616,0.9342493943812394,0.9384521050596688,0.9421104766069208,0.9455282330029128,0.9487219041713951,0.9517069234652082,0.9544976866185185,0.9571076076026023,0.9595491770077751,0.9618340172053892,0.9639729373611405,0.9661791572850098,0.9680492786063295,0.9698017856867449,0.9714447251380585,0.9729855691760945,0.9744312559202298,0.9757882274244589,0.9770624649680308,0.9782595226687485,0.9793845581752891,0.9805913849224128,0.9815818029204688,0.9825137514473156,0.9833910636231316,0.9842173027088732,0.9849957806580811,0.9857295775447426,0.9864215583068601,0.9870743885474427,0.9876905491810262,0.9883823839642091,0.9889286810688497,0.9894448997335398,0.9899329022047119,0.9903944246706267,0.9908310862204338,0.9912443974677071,0.9916357682610489,0.9920065147547122,0.9924423085404517,0.9927729547056843,0.9930865200918265,0.9933840044635743,0.9936663433403686,0.9939344119067932,0.9941890295036645,0.9944309634189135,0.9946609324715351,0.9948796103324904,0.9951510903823592,0.9953472638900414,0.9955339899518707,0.9957117875199322,0.9958811440432448,0.9960425172648447,0.9961963373163011,0.9963430085336061,0.9964829111794178,0.9966659126377848,0.9967919869814149,0.9969123506582674,0.9970273001923777,0.9971371148574303,0.9972420578968979,0.9973423774832537,0.9974383075913466,0.9975300690337899,0.9976567900887369,0.9977398058689951,0.9978192780912851,0.9978953808821194,0.9979682787633982,0.9980381272250378,0.9981050733340581,0.9981692561724654,0.9982624367393182
0.002800503894183631,5.493427279786526e-09,1.834729363335276e-10,2.741223993633236e-10,6.987431934086354e-10,1.2277737070834885e-09,2.1612446791932078e-09,3.766455254499361e-09,8.194037588103294e-09,1.3597496722658013e-08,2.228420714380879e-08,3.603674770797998e-08,5.7489310394520225e-08,1.0421749112133687e-07,1.596883673002977e-07,2.420697994714768e-07,3.630211893636891e-07,5.386355310314995e-07,7.908788083894782e-07,1.1494461975680624e-06,1.782515594644625e-06,2.5234179769146086e-06,3.5427585082302367e-06,4.933565524707046e-06,6.8160024236209375e-06,9.34413742896676e-06,1.2714079411842013e-05,1.7173744310016222e-05,2.3034490087978568e-05,3.180949740982912e-05,4.1972459209616104e-05,5.5049061349986114e-05,7.177671478742891e-05,9.305424402453506e-05,0.00011997159412305919,0.00015384385105986264,0.00019625014057394254,0.0002490777120694971,0.00031457193924472565,0.0004024728644770781,0.0005028875199889996,0.0006256124858454598,0.0007749785271456221,0.000956030376481993,0.0011746216426708972,0.0014375184979953815,0.0017525124917804297,0.00212854216387735,0.002575823754825724,0.003105990144040658,0.003732237519964585,0.004469478611640303,0.005376641662032438,0.006393189916970897,0.007577854147532506,0.008954046292011715,0.010547682529018804,0.012387318366084593,0.014504263197444882,0.01693266663935282,0.01970956732133522,0.022874893787907868,0.026471405767162327,0.03054456346365974,0.0351423108870282,0.040314759912070196,0.04628441449903911,0.05277682750735067,0.06000311176577027,0.06801645380601734,0.07686871998819743,0.08660934024308169,0.09728406410814969,0.108933610376523,0.12159224161268431,0.13528630545782439,0.15003279415593018,0.16583798410058767,0.18269622175121616,0.20058892677106746,0.21990212942976992,0.23977015784031028,0.26053353335869933,0.2821184548115791,0.30443853620862743,0.32739614608516376,0.350884136379999,0.37478789772097887,0.3989876585521094,0.42336093026875066,0.4477849935962736,0.4721393213518733,0.49687388085876544,0.5207494079702262,0.5442268701555454,0.5672144349613975,0.5896308050139218,0.6114058281313254,0.6324807529671554,0.6528081658498153,0.6723516469751136,0.6910852017942899,0.7089925160856924,0.7266005920732449,0.7428313234500314,0.758235558419256,0.7728265168183073,0.7866223626302608,0.7996453015600113,0.8119207447033063,0.8234765479520386,0.8343423335763415,0.8445488925806938,0.8541276700082078,0.8635307852730602,0.8719372892983336,0.879810461505158,0.8871806808951761,0.8940774401064185,0.9005292012617161,0.906563292704818,0.912205837380652,0.9174817098061371,0.9224145161443222,0.9270265930720976,0.931645918495192,0.9356691732200835,0.9394316054532464,0.9429507111036844,0.9462428795521094,0.9493234435084562,0.952206730420324,0.9549061161534962,0.9574340772865979,0.9598022432674234,0.9622476608491229,0.9643209582658613,0.9662650350465406,0.9680886158981713,0.9697998155457012,0.9714061801004807,0.972914726624534,0.9743319788399887,0.9756640022069101,0.9769164361349274,0.9782610501239593,0.9793645683178372,0.9804033467679099,0.981381595134758,0.9823032288722793,0.9831718914191813,0.983990973438934,0.9847636313764976,0.9854928042300951,0.9861812292216412,0.986954746931036,0.9875654860732055,0.9881427587939444,0.9886886251467588,0.9892050066747572,0.9896936963505413,0.9901563677935006,0.9905945837663643,0.9910098040465553,0.9914981971197272,0.991868683881053,0.9922201079627215,0.9925535802097326,0.9928701402055309,0.993170761065932,0.993456354070559,0.9937277728743957,0.9939858174934805,0.9942312379659526,0.994536119809347,0.9947563695244546,0.9949660489953206,0.9951657368050268,0.9953559763406944,0.9955372781773998,0.9957101221945212,0.9958749595947765,0.9960322147669338,0.9962380588862395,0.996379818378087,0.9965151770382958,0.9966444661431337,0.9967679977877161,0.9968860662196096,0.996998948866965,0.9971069073858517,0.9972101886849443,0.9973529274546407,0.997446393166401,0.997535881122256,0.9976215862018308,0.9977036925286343,0.9977823742534829,0.9978577960588461,0.9979301137034164,0.9980351923663027
0.003001835813575589,4.6979214392014176e-09,1.6988116125899747e-10,2.587138817666623e-10,6.636883218975529e-10,1.1655165642926893e-09,2.045005110305672e-09,3.5578866810176585e-09,7.781724723948096e-09,1.2878237501649301e-08,2.1053543200391598e-08,3.397300987699216e-08,5.4088722181036523e-08,8.496936514542166e-08,1.5056860668851193e-07,2.2777202726980506e-07,3.4093992169802276e-07,5.049969168224481e-07,7.403052254157025e-07,1.074359341075247e-06,1.6708442698075768e-06,2.3614007319730128e-06,3.310189338668126e-06,4.603086424916027e-06,6.350904154296223e-06,8.695572298143422e-06,1.1817582356314253e-05,1.5944897519013915e-05,2.1363546997580388e-05,2.9545580734851947e-05,3.8940228778601705e-05,5.1016334142537215e-05,6.644958564582609e-05,8.606292378539088e-05,0.0001108534714223287,0.00014202341746172647,0.00018101523540093716,0.00022955167465494973,0.0002896809622056782,0.00036382766513849533,0.00046301260949966114,0.0005755470362690304,0.0007124144080910075,0.0008782044564231021,0.001078240080520472,0.0013186711407922203,0.0016065763870926715,0.0019500737166000697,0.002358438521216758,0.002842229854650286,0.0034134239344421344,0.004085553926185501,0.004873854924550327,0.005842284055543701,0.006921572036586897,0.008174962331508573,0.00962601640997232,0.011300718020778647,0.013227589115503821,0.015437783597144527,0.017965151148861862,0.020846262548477885,0.024120386394602556,0.02782940656330716,0.032017668566884316,0.03673174272962103,0.04202009184302002,0.048117285313729045,0.05471953979202159,0.06204860039757876,0.07015488102196792,0.0790872437874549,0.08889193099818521,0.09961138615014992,0.11128298574987469,0.12393771247721744,0.13759880963894533,0.1522804650718164,0.16798658107604664,0.18470969047740732,0.20285584880889448,0.22155920238630114,0.24118119979190225,0.26166298764070367,0.2829331515046048,0.3049085977266704,0.3274958206540499,0.3505925185568407,0.3740895005294752,0.39787281006995323,0.42182597710129005,0.4458323058657238,0.47037080667944864,0.49414758907877576,0.5176462931847339,0.5407698525173872,0.5634300331102741,0.5855483681483611,0.6070567559348846,0.6278977337286737,0.6480244584969024,0.667400428960953,0.6859989961847434,0.7038027059097528,0.7213694379971455,0.7375543369942816,0.7529386548812126,0.7675334109667342,0.7813544945465662,0.7944218213582477,0.806758545211063,0.8183903371806476,0.8293447357954433,0.8396505722078383,0.8497987675504265,0.8588845697436919,0.8674115919917154,0.8754095365585699,0.8829075542206049,0.8899340489899079,0.8965165270843606,0.9026814842957201,0.908454324970437,0.9138593097870411,0.9189195259069428,0.9239971077712976,0.9284221394526717,0.9325649217330718,0.9364438762231427,0.9400763236794988,0.9434785241322,0.9466657205969166,0.9496521853240378,0.9524512683124856,0.9550754451201301,0.9577886089535426,0.9600894054934037,0.9622482419955606,0.9642745604460295,0.9661771586598209,0.967964232652771,0.9696434155475689,0.9712218150560286,0.9727060490868336,0.9741022789702064,0.975602662934024,0.9768340415898497,0.9779936796553281,0.979086198087746,0.9801158994738731,0.9810867919161443,0.9820026084058172,0.9828668272458955,0.983682689773695,0.9844532172024699,0.9853196513676533,0.9860036823309137,0.9866504268086769,0.9872621650196072,0.987841025206553,0.98838899466763,0.9889079292494619,0.9893995628979632,0.9898655161239738,0.9903073039282848,0.9908299438975784,0.9912246034231195,0.991599188489542,0.9919548558431015,0.9922926888341277,0.9926137023093983,0.9929188473154633,0.9932090155444068,0.9934850432257042,0.9938281906382808,0.9940760121763059,0.9943119846293248,0.994536753955741,0.9947509270984903,0.9949550742806185,0.9951497318873913,0.9953354041704185,0.9955125657011951,0.9957446393679988,0.9959044012622819,0.9960569738778037,0.9962027280477167,0.9963420131857118,0.9964751587327351,0.9966024754560584,0.9967242564829406,0.9968407784884784,0.9970019459708825,0.9971074277293899,0.9972084344858115,0.9973051848488199,0.997397885378317,0.997486731436694,0.9975719077707006,0.9976535892654944,0.9977319414024081
0.0032176417502507355,4.724440643201093e-09,1.6139130994898022e-10,2.4612791051315695e-10,4.259260492577856e-10,1.1052592702945191e-09,1.9388943461521595e-09,3.3616848109627874e-09,5.754772058308606e-09,1.2206160204115075e-08,1.9904906158028146e-08,3.204494743861189e-08,5.09153089385821e-08,7.983231822359641e-08,1.420546027731229e-07,2.1442980865394383e-07,3.203323127202928e-07,4.736135568006561e-07,6.931369831495091e-07,1.0043409520812095e-06,1.4411921048361005e-06,2.210361525486893e-06,3.0934436533791834e-06,4.29518742594448e-06,5.917717742645343e-06,8.091701884274816e-06,1.0983139851723651e-05,1.4801477004013927e-05,1.9809269336957596e-05,2.7439990604516306e-05,3.612100111564127e-05,4.7268145194969805e-05,6.149998219871371e-05,7.956922709048403e-05,0.00010238715978696036,0.00013105157426589358,0.00016687867548621264,0.0002114392113471589,0.00026659934622601304,0.0003345665791969848,0.00042605561752401505,0.000529159635454848,0.0006544641793974261,0.000806139323738346,0.0009890185549049644,0.0012086833562715928,0.0014715552837198656,0.0017849954275091706,0.00215741143820232,0.0025983717202069734,0.0031187264838211572,0.003730734930107892,0.004448197476771689,0.00533326195924462,0.006315243835033988,0.007455222481745861,0.008774570178727164,0.010296873726282265,0.012048049147426361,0.014056439152306992,0.01635288705872611,0.01897077993829346,0.021946052591473437,0.025317143211450854,0.029124890593467182,0.03341236242568043,0.038224603478694316,0.04379300517494281,0.04981084439571755,0.05649732537819469,0.06390092319486082,0.07206928869087142,0.08104834437890257,0.09088127090162464,0.10160739804508558,0.1132610215430012,0.12587017520219348,0.13945539561973108,0.1540285241810317,0.16959159740596647,0.1861358800255923,0.20409319588186972,0.22254613643007215,0.24188267336423785,0.2620459193505545,0.2829673056211918,0.3045674185157236,0.32675718251960695,0.34943935588403746,0.37251028647093926,0.3958618616854719,0.419383574658836,0.4435859343152823,0.4671232488986574,0.4905041329396553,0.5136286403569421,0.5364037304390014,0.5587444677504508,0.5805749197349495,0.6018287492260124,0.6224495133016767,0.6423906907024782,0.6616154721796152,0.6800963502332565,0.6984258971933605,0.7153616032362196,0.7315199211276775,0.7469039309045269,0.7615223396147527,0.7753886635182337,0.7885204403894046,0.8009384895517696,0.8126662280235061,0.8237290498635166,0.8341537720303991,0.8444615187080688,0.8536812664192803,0.86234753125718,0.8704886100818839,0.8781323984123709,0.8853061896423081,0.8920365154032814,0.8983490239345321,0.9042683898260948,0.9098182516625392,0.9153986969525941,0.9202651153651699,0.9248267639004176,0.9291029138445739,0.9331117624598522,0.9368704606256724,0.9403951455113775,0.9437009784115296,0.9468021854579246,0.9497121003887145,0.9527248877482523,0.9552803538984785,0.9576799213343647,0.9599337824191136,0.9620514549516854,0.9640418226916526,0.9659131746549062,0.9676732429409921,0.9693292383253116,0.9708878844595229,0.9725645247218245,0.9739405767833075,0.975237076299031,0.9764590932811851,0.9776113545107302,0.9786982671011947,0.9797239405643526,0.9806922076199363,0.9816066434484281,0.9824705833338595,0.9834428766063945,0.9842103923858152,0.9849363116241526,0.9856231597431369,0.9862732955818293,0.9868889229929356,0.9874721015556502,0.9880247567345941,0.9885486890643466,0.9890455827407837,0.9896338632863524,0.9900779942969073,0.9904996394505222,0.9909000874468463,0.9912805457112828,0.9916421458980391,0.9919859489811401,0.9923129500881515,0.9926240828068498,0.9930111649107427,0.993290630416354,0.9935567877319662,0.9938103592723213,0.9940520237818729,0.9942824194704658,0.9945021465387243,0.9947117696449126,0.9949118202332077,0.9951740847136525,0.9953545573172508,0.9955269382556249,0.9956916432761734,0.9958490643407777,0.9959995709839263,0.9961435119199565,0.9962812161334992,0.9964129942464058,0.9965954180168641,0.9967147509774875,0.9968290384738655,0.9969385260546959,0.9970434459121821,0.9971440176472827,0.9972404490283919,0.9973329367037332,0.997421666811003
0.0034489622604057598,4.387583229557817e-09,1.534546400992409e-10,2.332429491705951e-10,4.0214677700739623e-10,1.053230690773543e-09,1.8362580856622237e-09,3.18080687606719e-09,5.431139262483251e-09,1.1577241084903387e-08,1.8831560496139978e-08,3.0245402984386916e-08,4.795080592271984e-08,7.503509937694463e-08,1.3410383330669078e-07,2.0197297839572504e-07,3.011011042151788e-07,4.4433170992609893e-07,6.491401310695385e-07,9.390517867665738e-07,1.3454485410838381e-06,2.0695631907537362e-06,2.8914638207358275e-06,4.008363096419017e-06,5.5143227827371505e-06,7.529559934451486e-06,1.0206632369533252e-05,1.373782604042927e-05,1.836394641192365e-05,2.4384657066043277e-05,3.350069652832043e-05,4.3785709637978644e-05,5.690300503308423e-05,7.354037018534173e-05,9.452974563655635e-05,0.00012087250723833512,0.00015376825484626988,0.00019464745286351142,0.00024520829010553,0.0003074580609341417,0.0003837595413369249,0.0004862089042966293,0.0006008252482711581,0.0007394574276601498,0.0009064881463080958,0.0011069755191851405,0.0013467358844841308,0.0016324334726011665,0.0019716767988024945,0.002373121797979727,0.0028465812218028555,0.0034031398500049687,0.004055274744708244,0.004816979365547856,0.005755681831650599,0.006791064277175942,0.007988926119877797,0.00937062679466225,0.010959654170675234,0.012781722826237534,0.014864854000407681,0.017239431193153718,0.019938224459489052,0.022996375656038775,0.02645133623807692,0.030342748130930228,0.03471225846753434,0.03978790970316329,0.04526011467896601,0.05134518546079415,0.05808928276297514,0.06553832795546596,0.07373724866750914,0.08272912039033589,0.09255421241530422,0.10324895188355883,0.1148448268148059,0.1273672557122379,0.1408344583387448,0.15525636846340776,0.17063363438473436,0.18741629558801742,0.20468530243631164,0.22284796379409297,0.24186111440181893,0.2616702771967091,0.28221011810734176,0.3034052256427388,0.3251712009846023,0.34741602859087284,0.370041680873536,0.3929458983489671,0.41602407646285555,0.4398278442901951,0.4629469336266025,0.4859296627311066,0.5086805370965876,0.5311102997553702,0.5531370688124877,0.5746872053474854,0.5956959067018863,0.6161075325918447,0.6358756837863763,0.6549630594398294,0.673999396506501,0.691639513453623,0.7085368575344632,0.724685946405451,0.7400875615883876,0.754747993344389,0.7686782881165809,0.7818935173564024,0.7944120837347568,0.8062550739441862,0.8174456671479333,0.8285504487405243,0.8384984555833654,0.8478712466132973,0.856695661642621,0.8649985473311146,0.872806504697167,0.8801456806040528,0.8870416015226987,0.8935190419357542,0.8996019244154753,0.9057324814140347,0.9110823454587873,0.9161040339887198,0.9208175466343913,0.9252418630502305,0.929394953571224,0.9332937984694494,0.936954413882101,0.9403918826653591,0.9436203896121376,0.9466532585519931,0.9498086168430122,0.9524778946835214,0.9549870531577199,0.9573463586358164,0.9595654156000705,0.9616532040296344,0.9636181173660179,0.9654679977987066,0.967210170515642,0.9688514765535692,0.9706262335781694,0.9720778287080716,0.9734467231784981,0.9747381051333294,0.975956817942479,0.9771073833651599,0.9781940233313466,0.9792206800055587,0.9801910351496512,0.9811085276065502,0.9821468489335832,0.9829631321527739,0.983735752816324,0.9844673263033724,0.9851602978973908,0.9858169546382359,0.9864394358845598,0.9870297436316745,0.9875897519095184,0.9882533063986643,0.9887541497837921,0.9892297649471771,0.9896815889811456,0.9901109691758215,0.9905191688250807,0.9909073729431369,0.9912766934714019,0.991628174117568,0.9919627949236284,0.992381670749229,0.9926825560766078,0.9929692749854941,0.9932425876693292,0.9935032094121703,0.9937518129902537,0.9939890316976491,0.9942154616526823,0.9944316643150931,0.9947169141439111,0.9949121426415907,0.9950987116281621,0.9952770614266433,0.9954476074044176,0.9956107415364968,0.9957668337846362,0.9959162335089629,0.9960592706816228,0.9962585765925637,0.9963882146235985,0.9965124275591208,0.9966314769270098,0.996745610068958,0.9968550610674032,0.9969600514986963,0.9970607912731537
0.0036969127071950244,4.116967053007027e-09,1.4462321203849588e-10,2.1867434115891323e-10,3.800983712621816e-10,9.995651896771524e-10,1.7425274264415603e-09,3.0087759570525067e-09,5.12806261404608e-09,1.0992029299826935e-08,1.7828594821909573e-08,2.8563948535670505e-08,4.5183870460983356e-08,7.055961066558326e-08,1.0879096006580551e-07,1.9034277542559181e-07,2.8315058602345424e-07,4.170112927923644e-07,6.081028432792763e-07,8.781763511820344e-07,1.2562079261474143e-06,1.780448574739188e-06,2.7032625982257826e-06,3.7412076412716993e-06,5.138737889758062e-06,7.006376176433049e-06,9.484220388110286e-06,1.2748663078532019e-05,1.7020361937449378e-05,2.2573644633580445e-05,3.1066154799970806e-05,4.055146531589625e-05,5.2635372830708424e-05,6.794568255442294e-05,8.724109116891279e-05,0.00011143398033021951,0.00014161639833782904,0.00017908946320093432,0.00022539653341537206,0.0002823604994482484,0.0003521254050157712,0.00044646861336347334,0.0005512139063443695,0.0006778046625543386,0.000830208966477649,0.0010130035903424452,0.001231448404915617,0.0014915668823563685,0.0018002328044368148,0.0021652630139133897,0.002595516013565748,0.003100995994142375,0.0036929617067652156,0.004384039228765088,0.005239873638807162,0.006178927340965833,0.007264897285176163,0.008517079155627248,0.00995670568782607,0.011607043444738164,0.013493475520438985,0.015643565200688297,0.01808709485494894,0.0208560735860015,0.023984706503292305,0.02750931781974841,0.031468219428246555,0.03590151649654911,0.04105031957006179,0.04657436416599107,0.052701693764990315,0.05947609795608912,0.0669409643542307,0.07513856234222492,0.08410923507331348,0.09389050794009546,0.10451612747594932,0.11601505005260535,0.1284104063610726,0.14171847284393657,0.15594768749773863,0.17156404711468795,0.18764668754170846,0.20462029561218956,0.22245432966527745,0.2411076065295001,0.2605284353622524,0.28065504033001326,0.3014162739247772,0.3227326088929769,0.34451738169358803,0.36667824757775713,0.3891187956246162,0.41242595441895347,0.43513775331385535,0.4578314724632616,0.48041162462171466,0.5027869837135073,0.5248718868332205,0.5465873163373142,0.5678617431835102,0.5886317246124275,0.6088422600553451,0.6284469208512085,0.6481153235997553,0.6663952366347793,0.6839790245508917,0.700852262737815,0.7170072568599044,0.7324423898497561,0.7471614397699655,0.7611728909576986,0.7744892599355815,0.7871264465526205,0.7991031248643405,0.8110350386117329,0.8217415055649072,0.8318548138611589,0.8413996563379773,0.8504012004036873,0.8588847841543515,0.8668756597470154,0.8743987795567701,0.881478620970823,0.8881390452786944,0.8944031889905348,0.9007463801661233,0.9062715651601533,0.9114651478483782,0.9163467465520251,0.920935036128002,0.9252477495443027,0.929301689320737,0.9331127459490903,0.9366959220707003,0.9400653611460289,0.9435767963828938,0.9465479664074279,0.949343341553266,0.9519739549587518,0.9544501547550124,0.9567816402060062,0.9589774968920386,0.9610462323088436,0.962995808987697,0.9648336769648622,0.9668234478055707,0.9684508829325796,0.9699864594779737,0.9714358651286303,0.9728044171580771,0.9740970864881643,0.9753185201886505,0.9764730628107914,0.977564776533255,0.9785974596881177,0.979767317420494,0.9806868677363805,0.9815575694169475,0.9823823225612851,0.983163841002471,0.9839046650544883,0.9846071729597939,0.9852735918009093,0.9859060077905552,0.9866560392533998,0.9872220103349636,0.9877596315419881,0.9882705070936242,0.9887561415828308,0.9892179468084401,0.9896572476796476,0.9900752880963459,0.990473236207025,0.9908521894118075,0.9913269739829856,0.9916678988019287,0.991992847258258,0.9923026724192875,0.9925981768427408,0.9928801159621435,0.9931492009760903,0.9934061017511927,0.993651449251486,0.9939754414970039,0.9941970846686167,0.9944089378911635,0.9946114967194373,0.9948052288208904,0.9949905756394481,0.9951679538861249,0.9953377573059666,0.9955003578218891,0.995727138428437,0.9958745637104989,0.996015843327863,0.9961512723143211,0.9962811298910903,0.9964056803007337,0.9965251737463996,0.9966398472818453
0.003962688638701479,3.6949340136568754e-09,1.3817763459777112e-10,2.065673648767702e-10,3.5940674389992783e-10,6.406477360012136e-10,1.654911659693635e-09,2.850112808116213e-09,4.845328317924359e-09,8.117664131758869e-09,1.6891994299190167e-08,2.69932142829033e-08,4.2596960756112935e-08,6.637808936839785e-08,1.0214035021703079e-07,1.794841756993997e-07,2.663958138828158e-07,3.9151985541017714e-07,5.698266786154949e-07,8.214180770179683e-07,1.1730347442459304e-06,1.6599315959430593e-06,2.5279169243404572e-06,3.4924082087495373e-06,4.789107876972214e-06,6.51955647486158e-06,8.812311665053721e-06,1.1829048047699201e-05,1.57717906463409e-05,2.089142309101599e-05,2.7497669217515714e-05,3.7548990566199616e-05,4.8675308200721045e-05,6.275647649009186e-05,8.048362417228438e-05,0.00010268709648330778,0.00013035982784587175,0.0001646837942960964,0.00020705986100983087,0.00025914118017288215,0.00032287064131525156,0.0004005224461221811,0.0005053639987390433,0.0006208487216141446,0.0007597679974764309,0.0009262565955039392,0.0011250634609104352,0.0013616238743099371,0.001642137144553221,0.0019736498480674635,0.0023641443733207843,0.002822632533525804,0.003359253712708553,0.003985376962613236,0.00471370594058047,0.005615441548066142,0.006598514597955855,0.007731579740294204,0.00903378197806248,0.010526115740995792,0.012231507776589746,0.014174885332826464,0.016383224950371398,0.01888557647209089,0.02171305636839129,0.024898803833543915,0.028477892465053143,0.032487190318938416,0.03716439943630131,0.04216679490617986,0.04771934700830815,0.05386341627332472,0.06064042563787358,0.06809127164601096,0.0762556505593438,0.0851713037306816,0.094873190629672,0.10539260264265711,0.11675623593463845,0.12898524695108649,0.1420943188821769,0.15656311880319848,0.17146876455669233,0.18725120313659502,0.20389119929679916,0.22135977066470042,0.23961806709437725,0.2586174945737884,0.27830009697499547,0.29859919735446944,0.3194402884984641,0.34074214963707455,0.3624181548236843,0.3850918724903273,0.4072531068052319,0.42950975505854055,0.4517687756457488,0.4739394099796159,0.49593456474429026,0.5176720341228171,0.5390755314152688,0.5600755110623123,0.5806097723298788,0.6006238454465531,0.6208301515515903,0.6396658581566136,0.6578642964053155,0.6754020329353867,0.6922626148643688,0.708436053334454,0.7239182491674356,0.7387103834267561,0.752818293356171,0.7662518534522293,0.779024373320964,0.7918046678128259,0.8032920781393836,0.8141734459630268,0.8244705544272741,0.8342061786712716,0.8434037364362942,0.8520869848609408,0.860279759385827,0.8680057545199265,0.8752883401870889,0.882150412827213,0.8891183691602291,0.8951921633108725,0.9009105546548518,0.9062935965823173,0.9113604988413574,0.9161296083986809,0.9206184023417433,0.9248434904446423,0.9288206259648988,0.9325647228365858,0.9364740119361447,0.939782587723421,0.9428984275738518,0.9458333324944669,0.9485984039593296,0.9512040760832012,0.9536601486992525,0.955975820144166,0.958159719394607,0.9602199379957166,0.9624535454736814,0.9642803644001872,0.9660051440939874,0.9676341088652104,0.9691730869491423,0.9706275354568873,0.9720025632840398,0.9733029534636848,0.9745331838489221,0.9756974469844839,0.9770178362615345,0.9780555273688708,0.9790385144388118,0.9799700126895626,0.9808530339414904,0.9816903998931841,0.9824847546102442,0.9832385762802601,0.9839541880913674,0.9846337684456427,0.9854446191326718,0.9860535986264138,0.9866324647822569,0.9871828993650561,0.9877064812260216,0.9882046931504797,0.9886789279084627,0.9891304943153207,0.989560622465275,0.9901000322992987,0.9904872142366222,0.9908563450270341,0.9912083829110453,0.991544229805209,0.9918647349836367,0.9921706983800566,0.992462873748682,0.9927419713655004,0.9931108856074384,0.9933631373829964,0.9936042977362091,0.9938349253752123,0.9940555477532578,0.9942666627724042,0.9944687409286579,0.9946622264900937,0.9948475395136428,0.9951062585692552,0.9952743457370934,0.9954354549236261,0.9955899197058689,0.9957380557938512,0.9958801621744381,0.996016521928801,0.9961474032847007
0.0042475715525368985,3.715253646903335e-09,1.2923297434263475e-10,1.9699414012070984e-10,3.4039592927415377e-10,6.055057736767732e-10,1.572264129478621e-09,2.70031329314866e-09,4.580958377895437e-09,7.656835901919733e-09,1.601614195621767e-08,2.552585515235831e-08,4.0182500703095774e-08,6.247416931019297e-08,9.593126504028922e-08,1.6934337326434208e-07,2.50756493739735e-07,3.677336680138385e-07,5.341258696363293e-07,7.685001524056506e-07,1.0955228600950662e-06,1.5476653387201399e-06,2.3645677681409287e-06,3.26074002877446e-06,4.463702715160531e-06,6.066681945406457e-06,8.18754913800003e-06,1.0974368520889428e-05,1.4611931212110212e-05,1.9329465367766055e-05,2.5409646766114186e-05,3.476291046097784e-05,4.500241927659735e-05,5.794588315933683e-05,7.42221655329896e-05,9.458605129259599e-05,0.00011993925355357739,0.00015135415295620662,0.00019010054952704354,0.00023767564813697702,0.0002958375390168141,0.00036664243148458675,0.0004630256748919759,0.0005682775334341556,0.0006947772507857083,0.0008462543013801253,0.0010269892955522633,0.0012418784203303945,0.001496502923541007,0.0017972035351194555,0.0021511597556123545,0.002566473797931317,0.003052258765732288,0.0036187305913380845,0.004277302964678847,0.005097415904538908,0.0059860147835860255,0.00700971166984072,0.008185724920881512,0.009532947438665545,0.0110720277781204,0.012825440047840876,0.014817538793672895,0.017074594455602454,0.019624804500787865,0.02249827476237593,0.025726965084053185,0.029344592922679578,0.03358535016499015,0.038104275856451916,0.04312304060928854,0.048680372198813895,0.054815413768629535,0.0615672469329136,0.06897433839486262,0.07707391126059478,0.08590124575828234,0.0954889172902395,0.1058659843594211,0.11705714292521059,0.1290818685108989,0.14243124142892405,0.15618018262650768,0.1707816995368034,0.18622640465424015,0.20249620569336693,0.2195639968860342,0.2373935476346916,0.2559396085015505,0.2751482461564068,0.29495740934700665,0.3152977174202918,0.3360934521100279,0.3580054940797226,0.3794790228417469,0.4011537252369839,0.42294128477875526,0.4447537947281001,0.4665051365848458,0.488112260869821,0.509496334378645,0.5305837239203541,0.5513067984828056,0.5716045385299757,0.5914229517082898,0.6115229130140695,0.6302440164694111,0.6483664124346636,0.6658649413691943,0.6827210699088704,0.6989224580488482,0.7144624615414923,0.7293395949260569,0.7435569724923357,0.7571217446421494,0.7707599219623941,0.7830402865035327,0.7947081687305818,0.8057816315811733,0.8162802815378329,0.8262248836362317,0.8356370159524732,0.8445387673620997,0.8529524739483355,0.8609004941832995,0.8684050182067874,0.8760490625117265,0.882717283329187,0.8890064449469838,0.894936761967659,0.9005277449277055,0.9057981560942935,0.9107659812116283,0.9154484125006775,0.9198618430161642,0.924021868824447,0.9283747393573428,0.9320595946850072,0.9355335528259372,0.9388091614140177,0.9418982645139127,0.9448120301338007,0.9475609790948721,0.9501550143618519,0.9526034507601087,0.9549150444092351,0.9574251134125642,0.9594779486493801,0.9614174646372055,0.9632504559224561,0.9649832967799794,0.9666219659075008,0.9681720699332522,0.9696388661629651,0.9710272839591855,0.9723419448559145,0.9738347586709802,0.975007718449143,0.976119369650821,0.9771732748128199,0.9781727747703818,0.9791210028145773,0.9800208979426395,0.9808752174630733,0.9816865485715285,0.9824573194482804,0.9833779694239945,0.9840691946421996,0.9847264667514273,0.9853516665009643,0.9859465606307679,0.986512809625192,0.9870519741975505,0.9875655218192241,0.9880548328214925,0.9886690924914604,0.9891098178664595,0.9895301110888896,0.9899310496180416,0.9903136483333956,0.9906788631935697,0.991027595130825,0.991360693302378,0.9916789584754363,0.9919831458919689,0.9923878778979901,0.9926630848024922,0.9929263305140997,0.9931782108003865,0.9934192883761451,0.9936500949289573,0.9938711330171579,0.9940828777404643,0.9942857784437021,0.9945709636544185,0.9947551692260076,0.9949318114469602,0.9951012480814303,0.9952638179396477,0.9954198420124794,0.9955696244475247
0.004552935074866948,3.523669104968773e-09,1.2534942557477186e-10,1.8716705159225066e-10,3.2349723900915646e-10,5.729688737805583e-10,1.4953889809680227e-09,2.5622279640033273e-09,4.333989792106254e-09,7.226800403034209e-09,1.519905889158604e-08,2.4154405366645655e-08,3.792781527325947e-08,5.8828258757010615e-08,9.013546872973863e-08,1.3644895167802172e-07,2.3615534480077094e-07,3.455380022234259e-07,5.008262348378598e-07,7.191657609600947e-07,1.0232936266572304e-06,1.4431011455071991e-06,2.01755087036716e-06,3.0450543830435147e-06,4.160907238595622e-06,5.645490499166541e-06,7.606798211346402e-06,1.0180308220659252e-05,1.3534893074246933e-05,1.7879792601583686e-05,2.3472720867600392e-05,3.062933873909411e-05,4.159762604582564e-05,5.348874371580329e-05,6.842374925706734e-05,8.708791953163267e-05,0.00011029909542287069,0.00013902895122456865,0.00017442694373658138,0.00021784711746856424,0.0002708780572666754,0.0003353760813545342,0.0004135020932051804,0.0005197978532856766,0.0006348719801862222,0.00077254508316299,0.0009366691514730247,0.0011316471420566544,0.0013624949041609526,0.0016349075587488474,0.0019553302478919955,0.002331033134458815,0.002770190333204309,0.003281962385261844,0.0038765816759313643,0.004565440068008676,0.005423829103733698,0.006347280226780442,0.007407627582278871,0.008621827005757726,0.01000842208170964,0.011587613632035847,0.013381317616804913,0.01541320808487023,0.017708740978987038,0.020295154327228546,0.023201439999385346,0.026458281593678846,0.030097952959020742,0.03436857675088795,0.03889332199021423,0.04390650928367393,0.04944478440153923,0.055545085400080185,0.06224419511167743,0.06957822568281138,0.07758203697753767,0.08628859332096477,0.09572826614503127,0.1059280942188113,0.1169110161259268,0.12869509419189426,0.1417997039351278,0.15524194237291525,0.16950299757741857,0.18457421880767386,0.2004389351225507,0.21707217206193793,0.23444054239645593,0.2525023288278208,0.2712077686655801,0.2904995433420625,0.31031346619108013,0.3305793528653362,0.35200635674072345,0.3729615687576569,0.39413171265644725,0.41543392722381894,0.4367853870919395,0.45810456301017605,0.4793124061563682,0.5003334221412716,0.5210966088607973,0.5415362375323871,0.5615924666258815,0.5820760939186995,0.6012075693035378,0.6198138812138972,0.6378616063918343,0.6553238517382884,0.6721799887562594,0.6884152989523233,0.7040205550124712,0.7189915546798654,0.7333286272242794,0.7470361264248468,0.7608911080995882,0.7733518759797721,0.7852151285114691,0.7964964962120136,0.8072133071813891,0.8173842123075551,0.8270288472722188,0.8361675318764882,0.8448210055037607,0.853010197196031,0.8613807775997326,0.868688593400587,0.8755945237784294,0.8821185914936521,0.8882802981220105,0.8940985533511411,0.8995916206660802,0.9047770785013411,0.9096717944985604,0.91429190996535,0.9186528343207262,0.923241144656558,0.9271142223563987,0.9307703773133702,0.9342221585840025,0.9374814432963143,0.9405594593938589,0.9434668102411892,0.9462135001900227,0.9488089606545722,0.9512620768064053,0.9539411052203167,0.9561241859420395,0.9581888974711121,0.9601421900126477,0.9619905955818253,0.9637402516506854,0.9653969236438815,0.96696602671759,0.9684526460812467,0.9698615570469091,0.9714709994992206,0.9727301729449597,0.9739245435908911,0.9750578137136077,0.9761334598402486,0.9771547467288643,0.9781247406303066,0.9790463216991764,0.9799221957687106,0.9809696393979422,0.9817557836291814,0.9825035971936322,0.9832151834531313,0.9838925202766186,0.9845374677615065,0.9851517755766799,0.9857370901925698,0.9862949610990825,0.986826846914037,0.9874988892611161,0.9879785365036332,0.9884362296581097,0.9888731117208871,0.98929025989259,0.9896886900320793,0.9900693600078515,0.9904331735700475,0.9907809834833252,0.9912442689325547,0.9915591137806788,0.9918603471910428,0.9921486431324158,0.9924246384527673,0.9926889351811443,0.9929421024678793,0.9931846786949394,0.9934171731519206,0.9937443286500836,0.9939555001863117,0.9941580426730923,0.9943523621744346,0.9945388434256102,0.9947178510214084,0.9948897305505906
0.004880251583654433,3.1715811564370574e-09,1.1712548262017425e-10,1.7753195530894971e-10,3.068379953716259e-10,5.41961496534827e-10,9.572859794659314e-10,2.43179743055971e-09,4.103346565447862e-09,6.824639626249707e-09,1.1182994838518444e-08,2.2872867999898978e-08,3.5820044485277616e-08,5.54222846059343e-08,8.472356527727602e-08,1.2798364450045806e-07,2.2252422531699203e-07,3.2482440216799453e-07,4.6976684054684206e-07,6.731731336081772e-07,9.559927332636384e-07,1.3457235123681587e-06,1.8781562130806479e-06,2.8442804195757874e-06,3.879206175173734e-06,5.253866881924539e-06,7.067122847691203e-06,9.442827051207905e-06,1.253516601962435e-05,1.6534932771234548e-05,2.1676847597996984e-05,2.8248056857356352e-05,3.844303593780956e-05,4.936147999239034e-05,6.30574784698218e-05,8.015244842826533e-05,0.00010138721532575223,0.00012764104116986497,0.0001599530049259043,0.00019954594847856143,0.0002478531486179511,0.0003065479445304478,0.0003775764899013366,0.0004751339354589823,0.0005797091051775129,0.000704703956343489,0.000853578898918334,0.0010302863891300125,0.0012393260346144361,0.001485803549868245,0.0017754937233595597,0.002114907185916027,0.002511360795269923,0.0029730513166748747,0.003509131959950491,0.004129791133694442,0.004908572940726037,0.005740301733004115,0.006694822658919735,0.00778731213981167,0.009034376069793367,0.010454117224798701,0.012066193952319134,0.013891867343794363,0.01595403357289247,0.018277237726544587,0.02088766511322253,0.023813105638309396,0.027082886501494936,0.030941538083539902,0.03501062137624877,0.03952099905727434,0.04450668720781602,0.05000225272309222,0.056042457067437636,0.06266184033707936,0.06989424536714575,0.07777228394329735,0.08632674933712611,0.09558598241067937,0.10557520133113478,0.11631580848335456,0.12833637600981473,0.14065118555231415,0.15375205752901228,0.16763827325333974,0.18230215624636784,0.197728675603403,0.21389518166085153,0.23077129397754553,0.24831895716014915,0.26649267423700745,0.28523992060330444,0.3045017339534068,0.3250255748300661,0.34513511415713566,0.36555062876308336,0.3861961787500638,0.40699432401245306,0.42786729332757956,0.4487381312825976,0.4695317883686599,0.490176123972754,0.510602796856742,0.5307480238869395,0.5514756257647452,0.5708858420676556,0.5898547131500247,0.6083414134788213,0.6263112792767733,0.643735723425789,0.6605920463054374,0.6768631604869747,0.692537247245477,0.7076073622388455,0.722071007082167,0.7367720533065876,0.7500167477195141,0.7626693429025421,0.7747406989413944,0.7862439111215042,0.7971939199564838,0.8076071500114221,0.8175011809550572,0.8268944501150901,0.8358059886435453,0.8442551882080612,0.85294072847901,0.8605078156112843,0.867671287633195,0.8744502454175161,0.8808633981446327,0.8869289818618666,0.8926646951722542,0.898087650076644,0.9032143362211575,0.9080605965486654,0.9131730363068636,0.9174893246160608,0.9215691248282696,0.9254256170641,0.9290713307147122,0.9325181587931329,0.9357773758883117,0.9388596576375868,0.9417751024462432,0.9445332537931472,0.9475512699039418,0.9500102852878765,0.9523379029809509,0.9545416707689354,0.9566286989197471,0.9586056830625698,0.960478926176416,0.9622543598982474,0.9639375652850973,0.9655337923674865,0.9673600097960745,0.9687883685724501,0.9701439837712053,0.9714309519689075,0.9726531252966004,0.9738141260423366,0.974917360499622,0.975966032196111,0.9769631540875551,0.9779115603560558,0.9790529923984937,0.9799054796464018,0.9807170004669831,0.9814897686158194,0.9822258678418142,0.9829272601145079,0.9835957928950984,0.9842332063897207,0.9848411399447028,0.985610206120494,0.986158825469412,0.9866825016946876,0.9871825229853658,0.9876601042952626,0.9881163919167516,0.9885524674779649,0.9889693519258185,0.9893680093866855,0.9898996618699206,0.9902607487276559,0.9906063154851681,0.9909371255606971,0.9912539007359634,0.9915573235612298,0.9918480396574214,0.9921266599511198,0.9923937626458552,0.992770080501853,0.9930128090630127,0.9932456705182182,0.9934691266702624,0.9936836151162184,0.9938895507273324,0.9940873268884434
0.005231099308056258,3.069407998502098e-09,1.1027322778599047e-10,0.0,2.910228904321814e-10,5.139654415315361e-10,9.045942541274036e-10,2.3104137768466167e-09,3.887459184936684e-09,6.447287304061467e-09,1.0540782447887196e-08,2.167461811430378e-08,3.3849552137531454e-08,5.2241599147965214e-08,7.966919590216806e-08,1.2008167510104e-07,1.7892421160381818e-07,3.054931669465085e-07,4.4079579898016215e-07,6.302975586181149e-07,8.932900437803528e-07,1.2550506570483458e-06,1.7484343081397854e-06,2.4157990791230446e-06,3.617187629479262e-06,4.889831135847995e-06,6.565777329195161e-06,8.758149588027654e-06,1.1607588891684603e-05,1.5287895390052383e-05,2.0012615796954543e-05,2.6042661365135548e-05,3.369512622281353e-05,4.554197127587823e-05,5.8094361950431313e-05,7.374186548989393e-05,9.315467702870111e-05,0.00011712736342260507,0.0001465979259651008,0.00018266910540189025,0.00022663213528443212,0.000279993062686575,0.0003445018430958329,0.00042218437261999734,0.0005289656935712937,0.0006423307653496503,0.0007772248130961271,0.000937189627955169,0.0011262543035642676,0.0013489875329177137,0.0016105534203126378,0.0019167707297611013,0.0022741754159902286,0.002690086184137999,0.0031726727349680097,0.00373102624572126,0.004437036241668376,0.005184993308520693,0.006042871817611975,0.007024219096744042,0.008143863846718044,0.009417980287365981,0.010864145886087874,0.01250139028718882,0.014350232877080685,0.016432705988532182,0.018772360454530696,0.02139424990120743,0.024324889866960138,0.02759218765825444,0.0314553766873121,0.03550280540573196,0.039978776229114964,0.04491534542139147,0.050345019531370286,0.05630042507069374,0.06281392545361716,0.06991718546878191,0.07764068518879064,0.0860131873173417,0.09506116456749164,0.10480819589835941,0.11578992230799039,0.12701800645815758,0.1389926827189902,0.15171966318275362,0.16519877319985296,0.17942349241657732,0.19438059032218727,0.21004987633464672,0.22640408178845486,0.24340888768496896,0.2610231072722484,0.27919902691889514,0.29872129184124074,0.3178740053072917,0.33741058432040677,0.3572634666586923,0.3773623395438398,0.39763516244738173,0.4180092131045501,0.4384121245203571,0.45877288331488913,0.47902276129790394,0.4990961570481683,0.5199127891693252,0.5394530059113328,0.5586439841936417,0.5774387701703968,0.5957959381398259,0.6136796863092822,0.6310598213826686,0.6479116434648902,0.6642157462923826,0.6799577480727426,0.695127968122065,0.7106419102393765,0.7246429346718711,0.7380671387029236,0.7509198934082091,0.7632093070571345,0.7749458384158765,0.7861419296294619,0.7968116616393296,0.8069704358351628,0.8166346835191601,0.8258216034183296,0.8353055706188681,0.8435744062428742,0.8514201275669849,0.8588609557666197,0.8659149672375245,0.8725999828307597,0.8789334762226155,0.8849324991215071,0.8906136224178852,0.8959928903328405,0.9016846633800311,0.9064908068430549,0.9110401798751515,0.915346474129618,0.9194227726585413,0.9232815541382422,0.9269347017700933,0.9303935148481063,0.9336687238601766,0.9367705071741622,0.9401720445146976,0.9429430767317171,0.9455684826605032,0.9480564159835627,0.9504145790309819,0.952650243345011,0.9547702709772293,0.9567811344441999,0.9586889370674067,0.9604994319573243,0.9625743859684145,0.9641967329048695,0.9657374295537711,0.9672009983979967,0.9685916989174033,0.9699135426012151,0.9711703071353601,0.9723655504137027,0.9735026230061955,0.9745846806987545,0.9758888727774496,0.9768624723183418,0.9777897056436905,0.9786730491958577,0.9795148363561231,0.9803172662144607,0.9810824115852752,0.9818122265630604,0.9825085537284798,0.9831731308151218,0.9840195146423356,0.9846200187890585,0.9851935948782617,0.9857416138567034,0.9862653700235872,0.986766085514661,0.9872449147113919,0.9877029482606839,0.988141216763152,0.9887297214631384,0.9891271272749521,0.9895076692325028,0.9898721662314706,0.990221393105074,0.990556083132296,0.9908769304914712,0.9911845924773383,0.991479691713516,0.9918983706356842,0.9921668033813581,0.9924244546936793,0.9926718231818035,0.9929093817280122,0.9931375788776134
0.005607169938205458,2.7005317976609125e-09,0.0,0.0,2.766127865304598e-10,4.866137047698886e-10,8.558694232920415e-10,2.197556317352728e-09,3.685977500796216e-09,6.097928517568004e-09,9.940933926679084e-09,1.5968503798063894e-08,3.2008554546764614e-08,4.926804713168758e-08,7.49496532379606e-08,1.1270559593508891e-07,1.675671913036115e-07,2.874504095028355e-07,4.1377276818482964e-07,5.90329287364964e-07,8.348741109518983e-07,1.1706332888292413e-06,1.6277415558105897e-06,2.2449890653768303e-06,3.3735282174372225e-06,4.55153470568899e-06,6.100192221814262e-06,8.122736786834754e-06,1.0747329665855977e-05,1.413213114903938e-05,1.847120465101404e-05,2.400136016701686e-05,3.1010030983823745e-05,3.9844313341709804e-05,5.350719660859202e-05,6.782070667459624e-05,8.555551696008183e-05,0.00010742868309079164,0.00013428576270785994,0.0001671197413748457,0.00020709211757072134,0.00025555625448071774,0.00031408314913726335,0.00038448978498266916,0.00046887018066323283,0.0005850485339029822,0.0007071416251740981,0.0008517850213258768,0.001022579858553628,0.0012236065021158636,0.0014594739009442033,0.0017353719597997543,0.0020571268885231316,0.0024312593071850095,0.002865044839510016,0.003366576863381349,0.003944830898654145,0.004677763492204228,0.005447555928708304,0.0063276129309967205,0.007331139033359929,0.00847254266138573,0.00976749151417474,0.011232961419895153,0.012887276554812987,0.014750138609478651,0.016842642300056117,0.019187274238170574,0.02180789196617925,0.02472967982379727,0.028208149762474113,0.031830839059227685,0.03583840972081371,0.04026034317803687,0.04512674791897313,0.05046810152181992,0.056314947353963175,0.0626975450830857,0.06964547541702086,0.07718720082279511,0.08534958608138923,0.09415738426314711,0.10363269603767723,0.1143407854673782,0.12523229909054742,0.13683657443435168,0.1491594636848194,0.16220148331717332,0.17595739680964417,0.19041587813617597,0.20555927315659195,0.22136347416907265,0.23779791981159412,0.25482572909187207,0.27240397317182996,0.29136971202443956,0.30991965035708585,0.328858484027035,0.3481243258657991,0.3676524559841053,0.38737621912428183,0.40722795241643217,0.42713991608748086,0.447045200913318,0.4668785877886871,0.4865773378685539,0.5071260691894661,0.5263824984206248,0.5453359828013497,0.5639397392924864,0.5821519096589276,0.5999357117844217,0.6172594877898361,0.6340966589006108,0.6504255974669478,0.666229430045877,0.6814957837859154,0.6972082024473543,0.7113656589360702,0.7249718596292689,0.7380292811587981,0.7505432032603448,0.7625213547256221,0.7739735718069243,0.7849114735319087,0.7953481572272209,0.805297916831727,0.8156183932339935,0.8246229966327965,0.8331884267635389,0.8413314635787812,0.8490690334690117,0.8564180693394945,0.8633953907567453,0.8700176030143407,0.8763010123991818,0.8822615573542009,0.8879147529457854,0.8939342230852817,0.8990011512993764,0.9038047510057015,0.9083585087342531,0.9126753619034002,0.9167676964090694,0.9206473486005772,0.924325611042224,0.92781324228894,0.9311204782591072,0.934770467109612,0.9377323322172552,0.9405419249558717,0.9432075365692243,0.9457370178067812,0.9481377987682545,0.9504169062415739,0.9525809832523734,0.9546363067919363,0.9565888060580677,0.9588411044917239,0.9605941113286834,0.9622604986682766,0.963844962571063,0.9653519334421311,0.9667855907004609,0.9681498766061463,0.969448509747144,0.9706849974507834,0.9721777797273267,0.9732915754867748,0.9743528639450979,0.9753644121067889,0.9763288303373435,0.9772485814831134,0.9781259894067448,0.9789632472319827,0.9797624249226016,0.9805254765477395,0.9814987095756911,0.9821887808826578,0.982848158099297,0.9834783883520641,0.9840809333715059,0.9846571745426069,0.9852084175352014,0.9857358968276575,0.986240779747273,0.9869196997741595,0.9873778270074366,0.9878166481686692,0.9882370932109535,0.9886400425395347,0.9890263298206652,0.9893967446777285,0.9897520352316962,0.9900929103899556,0.9905772287433383,0.9908874828833936,0.991185352077302,0.9914714052025807,0.9917461820313453,0.9920101947915514
0.006010276782070382,2.7347956678316793e-09,0.0,0.0,0.0,4.617026577505686e-10,8.100099942370926e-10,1.4019244430023e-09,3.4975022018364487e-09,5.769324531556418e-09,9.380254474076552e-09,1.503040398189855e-08,3.0287541868166335e-08,4.6489497646876755e-08,7.054107129701123e-08,1.05819512611771e-07,1.5697147916545452e-07,2.303180948380956e-07,3.8856498446086693e-07,5.530706148523977e-07,7.804583330859499e-07,1.0920506574961978e-06,1.5154691311802089e-06,2.086209649399155e-06,2.8495454563483174e-06,4.237240508333008e-06,5.667960493273521e-06,7.533274553010837e-06,9.949858572139283e-06,1.3061491440405623e-05,1.7044342803115824e-05,2.2113092443918243e-05,2.852797083465593e-05,3.660282216618775e-05,4.92704337275647e-05,6.235565798338134e-05,7.854654498400899e-05,9.848931600389364e-05,0.00012294510636535482,0.000152806756583649,0.00018911746842948315,0.0002330914724123246,0.0002861368053253201,0.000349880338410917,0.0004261951962470106,0.0005325019713137444,0.0006428906695290961,0.0007735332608470137,0.0009276423905340749,0.0011088553224135405,0.0013212773988016714,0.001569528208422595,0.0018587903847395607,0.0021948608912497787,0.0025842046186424703,0.003034009953963415,0.0035522460226965987,0.004147721072706838,0.004904866199918407,0.0056927985039475675,0.006590726252189014,0.007611447252022137,0.008768883792841835,0.010078130052347483,0.011555492950015366,0.013218524705955078,0.01508604481815169,0.017178149227471424,0.019516203987603797,0.022122820730580365,0.02524973389105306,0.028484101657229744,0.032062838268305124,0.036012848829759816,0.040361777533744314,0.045137809738925595,0.050369435831269745,0.05608517546530848,0.0623132615862496,0.06908128461848329,0.07641579866788005,0.08434189292880603,0.09288273329014698,0.10260840516072359,0.11246725671749336,0.12299450763481987,0.13420063753572978,0.1460917552599766,0.1586691666971072,0.17192899510881796,0.18586186943586513,0.20045269524708642,0.21568052170993665,0.23151851542278234,0.24793404918306836,0.2657997501074775,0.2832749193771837,0.30119660189878994,0.31951213740365964,0.3381652505890758,0.3570967724224008,0.37624541879529994,0.3955486049705696,0.4149432728124635,0.4343667086453024,0.4537573293967941,0.4741617666532229,0.4933150739321472,0.5122630141646835,0.5309551791209948,0.5493451824902085,0.5673909572562587,0.5850549552388985,0.6023042523540467,0.6191105673459198,0.6354502017246436,0.6513039116878122,0.6677379825296497,0.682566782700735,0.6968758529791079,0.7106615825539505,0.7239235225178018,0.7366640678569694,0.748888138869737,0.7606028691582287,0.7718173032605636,0.7825421097455686,0.7927893117292146,0.80349060814629,0.8128046228015496,0.8216829198687278,0.8301406832236319,0.8381934050833071,0.8458567395730303,0.8531463752627861,0.8600779255992028,0.8666668351507678,0.8729283012771568,0.8796205661354128,0.8852538563701423,0.8906036072251902,0.8956834953744485,0.9005067321354076,0.9050860468836276,0.9094336767287915,0.9135613617320534,0.9174803444364861,0.9212013735692193,0.9253195603895567,0.9286602597451571,0.9318327888579496,0.9348460007685665,0.9377083083302199,0.9404276994164121,0.9430117528337854,0.9454676543092808,0.9478022129509361,0.950021877752372,0.9525879855716104,0.954584226669625,0.9564832842288423,0.9582903148969816,0.9600101934016597,0.9616475274869183,0.9632066715416064,0.9646917401201192,0.9661066206433455,0.9674549858371829,0.969094044750354,0.9703106540539203,0.9714708773827748,0.9725776299906845,0.9736336657694835,0.9746415866019573,0.9756038508854484,0.9765227815001536,0.9774005739171707,0.9785220031042047,0.97931658973169,0.980076153303089,0.9808024390914613,0.9814970975124849,0.9821616896239292,0.9827976922014319,0.983406502570524,0.9839894431465159,0.9845477656632102,0.9853039218685745,0.9858111451449326,0.986297288161762,0.9867633518736028,0.9872102847552372,0.9876389856774689,0.9880503067448756,0.9884450559759599,0.9888239996792654,0.9893663158845625,0.9897115795750077,0.9900432380120061,0.9903619080502307,0.9906681753955835
0.00644236350872137,2.2278380554576176e-09,0.0,0.0,0.0,4.3923968851153356e-10,7.673525772284892e-10,1.3247805526990868e-09,3.3209526293706956e-09,5.462059852005543e-09,8.856705297461477e-09,1.4153107122306737e-08,2.8676679114704367e-08,4.3892481314023983e-08,6.642246920110824e-08,9.939025191989194e-08,1.4708573883923813e-07,2.1533059987401104e-07,3.6504813439684156e-07,5.183388761700371e-07,7.297714447000746e-07,1.0189107624530404e-06,1.4110515584379577e-06,1.9386518694739246e-06,2.6430374099880055e-06,3.9453273546817455e-06,5.266827788997746e-06,6.986656134371805e-06,9.210930179690207e-06,1.207021971486321e-05,1.572427162726073e-05,2.036747725833225e-05,2.6235150377207765e-05,3.3610699904033844e-05,4.283381053687597e-05,5.7315406856766535e-05,7.208715245253081e-05,9.025688495912495e-05,0.00011250877487664535,0.00013964442018621082,0.0001725993334446444,0.00021246118302946485,0.0002604898720604311,0.0003181395882137663,0.0003870829197037289,0.0004692371140300633,0.0005840582639758,0.0007019255800651154,0.0008408187910722053,0.0010039739352643298,0.00119504052846047,0.0014181221037590692,0.0016778190888165597,0.001979273900710523,0.0023282181218657106,0.002731021521569523,0.0031947426605082973,0.0037271806836457217,0.004410996156724311,0.005115312465204605,0.005917413412395918,0.006828633296821872,0.00786130573532691,0.009028808600753405,0.010345604158538026,0.01182727290039551,0.013490539402196449,0.015353288327556924,0.01743456846588991,0.019754582606904793,0.02233466080946505,0.02544181901410857,0.02862938018470204,0.03214831422134392,0.036023798570249566,0.04028166097341733,0.044948198864737006,0.05004996549643259,0.055613521581601495,0.06166515214545038,0.06823054889446295,0.07533445992340893,0.08300030931297325,0.09180112937647301,0.10068367184926323,0.11018702341149103,0.12032501141259266,0.1311079787379343,0.14254236492691025,0.1546303175769753,0.16736934704528655,0.18075203741871165,0.19476582644039284,0.2093928658327862,0.22460997173266223,0.24132248029465364,0.2576563947827721,0.2744789100598269,0.29174688761506495,0.3094131158790675,0.3274268469766694,0.3457344061675381,0.3642798585061799,0.3830057150719383,0.4018536602518734,0.4207652805421779,0.43968277624270813,0.4597258030906688,0.4784941709813294,0.49710357084823364,0.5155048974273283,0.5336524369634207,0.5515041914125594,0.5690221171272061,0.5861722803001609,0.6029249322529017,0.6192545119529683,0.636314983829487,0.6517275640300255,0.6666636889187972,0.6811134735833907,0.6950704203157158,0.7085311588939883,0.7214951731201104,0.7339645212103502,0.7459435557190858,0.7574386481297681,0.7684579223544454,0.7800326788379975,0.7901117841022075,0.7997474730579744,0.8089525415124035,0.8177404247001996,0.826125028738038,0.8341205795379506,0.8417414894162272,0.8490022398930901,0.8559172798319802,0.8625009387551699,0.8695873638957043,0.8755318385010135,0.8811868907059867,0.8865657526477886,0.8916812738377361,0.8965458965227331,0.901171637761784,0.9055700771841143,0.9097523500299458,0.913729144319419,0.9181611904138031,0.9217414537149433,0.9251460758489517,0.928383984889282,0.9314636912257367,0.9343932993783324,0.9371805205701974,0.9398326860842614,0.94235676110345,0.9447593589636096,0.9475564682350178,0.949721940310974,0.9517841902126466,0.9537485549328032,0.9556200905156863,0.9574035854824233,0.9591035739343309,0.9607243482550789,0.962269971297375,0.9641527267633,0.9655492145100708,0.9668817956919931,0.9681537173974543,0.9693680518783757,0.9705277058234134,0.9716354294152572,0.9726938249418673,0.9737053546848549,0.9746723488052684,0.9759166556936443,0.9767932737280062,0.9776318681920753,0.9784343010365588,0.9792023350362747,0.9799376394934964,0.9806417953310179,0.9813163000630728,0.9819625724169672,0.9828393554842517,0.9834269638923818,0.9839903563451315,0.9845306710925577,0.9850489874380188,0.9855463290017163,0.9860236668423069,0.9864819222859725,0.9869219697780877,0.9875528069264542,0.9879540200083952,0.9883395389353804,0.9887100692662758,0.9890662813716415
0.006905513520162331,2.5838829763376363e-09,0.0,0.0,0.0,0.0,7.277763216315411e-10,1.2523596275964177e-09,2.1235469093929816e-09,5.174706974595966e-09,8.366363217006283e-09,1.3334164222408455e-08,2.0951113695425924e-08,4.146369951004976e-08,6.257328867187254e-08,9.338731975107793e-08,1.378615434105939e-07,2.013560276539598e-07,2.91060633205237e-07,4.859640818011256e-07,6.825610215959412e-07,9.508416991134081e-07,1.3139581541728719e-06,1.80156084653518e-06,2.4513354216698372e-06,3.3108563780794338e-06,4.89468009683403e-06,6.479970718076774e-06,8.5265639788365e-06,1.1152909950542397e-05,1.4503706786704934e-05,1.875476767993568e-05,2.411861502288254e-05,3.085083143049731e-05,3.9257361422685556e-05,5.2670507854527457e-05,6.613913941912109e-05,8.268211493902084e-05,0.00010291353746083023,0.0001275520188684414,0.00015743521097341846,0.00019353585006208333,0.00023697942683497417,0.00028906355605376374,0.0003512791321307616,0.00042533337742513895,0.0005302542292741797,0.0006364819898387115,0.0007615210246477979,0.0009082448527053937,0.0010798913311317437,0.0012800981176235384,0.0015129402198770776,0.0017829694759805446,0.0020952559120669656,0.002455430803100056,0.002869731154848565,0.0033450454288585997,0.00388896003524176,0.004590915920768983,0.005306244753913718,0.006118330318767348,0.007038065982818199,0.008077270931015365,0.009248728510870536,0.010566219906791257,0.012044551815335026,0.013699576616841371,0.015548203431394417,0.017608398233955734,0.019899171114696624,0.022683563144769957,0.025515583279657354,0.028642250173935825,0.032086323458317974,0.035871272095968784,0.040021138800921306,0.04456037710394107,0.04951365953813203,0.054905656122489,0.06076078281475206,0.06710292042482861,0.0739551053255514,0.08133919436914709,0.08985846493828545,0.0983967566572216,0.10752253813055866,0.11724915614366833,0.12758687284978865,0.13854249315679681,0.15011901626184335,0.16231532214008756,0.17512590395678593,0.18854065710211068,0.20254473465325615,0.21711847797121128,0.23322167106790045,0.24888586923738826,0.2650316126217989,0.28162087464109165,0.29861175695292463,0.31595892773940865,0.33361412785989997,0.35152673271938417,0.36964435622210545,0.38791348130813613,0.4062801013121427,0.4259301787124147,0.44434143124953496,0.4626897804781719,0.4809253607692836,0.49900067263689923,0.5168709942248182,0.5344947229819625,0.5518336445020204,0.5688531286252739,0.5855222542393796,0.6018138673166225,0.6189695802132061,0.6344302118415507,0.6494531332404361,0.6640257835370861,0.6781388657310027,0.6917861379253551,0.7049641870533855,0.7176721901013523,0.7299116698059087,0.7416862491738045,0.7530014097191857,0.7649796815875094,0.7753798049638247,0.7853457078335336,0.7948881204404165,0.8040185722039537,0.8127492230531735,0.8210927106750023,0.8290620121543111,0.8366703224193976,0.8439309446503891,0.8517832816055311,0.8583685004281578,0.8646460396531775,0.8706288243127654,0.8763295286956834,0.8817605355592742,0.8869339031547618,0.8918613398019797,0.8965541839145984,0.9010233900081258,0.9060221688708023,0.9100578735069051,0.9139008734086408,0.9175605268264618,0.9210457962771001,0.9243652545403277,0.927527092364751,0.930539127494164,0.9334088149354717,0.9361432578176015,0.9393357007035097,0.9418053661137911,0.9441595183578763,0.9464039617289656,0.948544209744452,0.9505854975321075,0.9525327941868554,0.9543908147375387,0.9561640321001456,0.9578566882438375,0.9599337486444872,0.9614659457596039,0.9629293731258888,0.96432744626796,0.9656634021371896,0.9669403083054616,0.968161071796115,0.9693284474208795,0.9704450458429276,0.9718848413048857,0.9728982382280981,0.9738681734281622,0.9747967439894036,0.9756859376768126,0.9765376388753116,0.9773536342058882,0.9781356177373954,0.9788851960744535,0.9796038930202341,0.9805862619210254,0.9812405745968451,0.9818683329419695,0.982470764820624,0.9830490357676326,0.983604252244265,0.9841374649259383,0.9846496716677939,0.9851418203286412,0.9858526968781722,0.9863019224233833,0.9867338224752675,0.9871491646878918
0.007401959996915637,2.0581992194778294e-09,0.0,0.0,0.0,0.0,6.901837452287343e-10,1.1853864457650407e-09,2.00365865446281e-09,4.905742517678679e-09,7.90763987705889e-09,1.2567673484592663e-08,1.9694402860607613e-08,3.919232758585812e-08,5.89762182080742e-08,8.778097657152139e-08,1.2925369818659854e-07,1.8832663619847974e-07,2.715998092183396e-07,4.557826787749007e-07,6.385911744017836e-07,8.875034783708813e-07,1.2236934410279881e-06,1.6742246294322452e-06,2.273437567480713e-06,3.0646007733156913e-06,4.10186640315074e-06,6.010484520011133e-06,7.893020459607101e-06,1.0304487813343974e-05,1.3375807106021055e-05,1.726580522826968e-05,2.2166172903911045e-05,2.8307124100786513e-05,3.596381308964105e-05,4.546359132074568e-05,6.066656386161981e-05,7.571862223841617e-05,9.409986381840204e-05,0.00011645355474028839,0.0001435285514346396,0.00017619342562664742,0.00021545193082291177,0.0002624599842450756,0.0003185441859740059,0.000385221958755697,0.00046422336334869563,0.0005767496873248977,0.0006891942329519685,0.0008209908984605993,0.0009750066194399008,0.001154459469567492,0.0013629514331041524,0.0016045028247330718,0.0018835884198023778,0.0022051750565345745,0.0025747606199790943,0.002998414128384083,0.0034828166709736435,0.00411558785115685,0.004752514470196657,0.00547505248084425,0.006292794661390789,0.007216150599326942,0.00825638255711345,0.009425637908240386,0.010736977119404238,0.012204396090181266,0.013842841598536248,0.015668218370197183,0.01769738628964526,0.019948146067885118,0.022699372258534876,0.02547041920839301,0.028522934356200503,0.03187807800918629,0.03555764036997374,0.03958391970457908,0.04397957682479399,0.04876746482864462,0.05397043326463183,0.059611106846723626,0.06571163855898374,0.07229343888403594,0.07996054066187938,0.08759663850635999,0.09577162380852466,0.10450077258324522,0.11379699547966253,0.1236704975831126,0.13412844839798158,0.14517467050125082,0.15680935592672643,0.16902881925846613,0.1818252964933614,0.19518679802891845,0.210101740863742,0.22457200266887253,0.23954481758391277,0.25499101685330766,0.27087749775446285,0.2871675042721888,0.30382097665180674,0.3207949631761643,0.3380440852067214,0.3555210449151093,0.3731771635581806,0.3922643321846923,0.41014447814447125,0.42805333485702096,0.44594222705844266,0.4637638068456271,0.4814725092587386,0.49902495754697823,0.5163803122744782,0.5335005604720878,0.550350742784283,0.5668991187940056,0.5844858598006064,0.6003418347195714,0.6158196454187589,0.6309010177776379,0.645570903958272,0.6598173546045066,0.6736313621272997,0.6870066819029101,0.6999396370899168,0.7124289124328015,0.7244753422346579,0.7373192603137447,0.7484712864055577,0.7591934857294405,0.7694932516794032,0.7793791038916325,0.7888605109565615,0.7979477250872276,0.8066516296752797,0.8149836001644084,0.8229553778704509,0.8316239044864466,0.8388902933017244,0.8458331091166701,0.852464565507601,0.8587967901885138,0.8648417673186869,0.8706112887466806,0.8761169130562292,0.8813699319943723,0.8863813436357201,0.8911618306827124,0.8965505914378591,0.9008811458615106,0.9050112404250987,0.9089501747523567,0.9127068913226724,0.9162899768762824,0.9197076655558052,0.9229678442337015,0.9260780589978514,0.9290455228951491,0.9325367116987691,0.9352234859477571,0.9377876740738637,0.9402352396520087,0.9425718622479515,0.9448029483038627,0.9469336418853943,0.9489688355213314,0.9509131808442426,0.9533055000739508,0.9550684674631688,0.9567535755912072,0.9583646037242476,0.959905140533648,0.9613785933890682,0.9627881970988954,0.9641370224398672,0.9654279842797199,0.9666638494410392,0.9682697024657112,0.96939317936028,0.9704693424182068,0.9715004277765801,0.9724885581031161,0.9734357483571114,0.97434391152932,0.9752148638704935,0.9760503300217921,0.9771947669125287,0.9779561461357746,0.9786869471243232,0.979388565499171,0.9800623272106994,0.9807094922133034,0.9813312579620551,0.9819287627002415,0.9825030884910807,0.9833343888738075,0.9838590556965918,0.9843636683209528,0.9848491058434752
0.007934096665797492,1.7952205687264285e-09,0.0,0.0,0.0,0.0,6.552282757023866e-10,1.121871993948128e-09,1.8911132489350636e-09,4.653620983647842e-09,7.478369650713548e-09,1.1851152039567338e-08,1.8519829113542138e-08,2.854984193891466e-08,5.561355278687983e-08,8.254419816130176e-08,1.2122081199747542e-07,1.7617787299414922e-07,2.53471566311283e-07,3.6111278349276625e-07,5.97640500320339e-07,8.285723529608465e-07,1.139791720116516e-06,1.555982196566588e-06,2.10840426142847e-06,2.8363733846635835e-06,3.789008837730654e-06,5.575635136421042e-06,7.3067922877807574e-06,9.520189255964001e-06,1.2334148961265073e-05,1.589198444181841e-05,2.0366390304618006e-05,2.5964445736583552e-05,3.293329022139841e-05,4.156651831835715e-05,5.221137566306417e-05,6.932274204952488e-05,8.601170139196588e-05,0.00010627743600273263,0.00013078840721654752,0.00016031892676144307,0.00019576270404434386,0.0002381476750275268,0.00028865216908155786,0.0003486224618097345,0.0004195917874340984,0.000503300838198481,0.0006233150333478142,0.0007415732027675718,0.0008796096112284396,0.0010402653638741217,0.0012267176239038461,0.0014425095643794787,0.0016915817549385368,0.0019783048943501115,0.0023075137748066682,0.002684542261445142,0.0031152591323830325,0.0036061044624069627,0.004251760954097467,0.004893593437737798,0.005619439427902092,0.006438438995207095,0.0073604823993661484,0.00839624058957923,0.009557192401009565,0.0108556475850901,0.012304764623012675,0.013918562255000861,0.01571192346457053,0.01770059064505749,0.020159181218894446,0.022609009991363286,0.025307508716529623,0.028273618772652487,0.03152693069366492,0.03508759498586968,0.03897621370463168,0.04321371201110423,0.047821188422298495,0.052819743448590695,0.05823028637726112,0.06407332055548055,0.07036870808418288,0.07775126101553353,0.08504055830165343,0.09283624659304794,0.10115287178816672,0.11000292752108369,0.11939655724039212,0.12934126342349014,0.13984163086371876,0.15089907127963526,0.16251159675519203,0.174673629528109,0.1873758551547754,0.20166195993200747,0.21543534401615902,0.22969731199548846,0.24442308531207388,0.2595842582155029,0.27514900783147467,0.29108236494648276,0.30734654089645047,0.32390130421755886,0.34070439919715934,0.35771199698613615,0.3762579212611484,0.39355620032578575,0.4109211485043777,0.4283074191854175,0.44567048086712896,0.46296704396778987,0.4801554507891877,0.4971960223530518,0.5140513572705713,0.5306865799993119,0.5470695366928924,0.5646416286518601,0.5804300223443745,0.5958858686596725,0.610988923484377,0.6257219091544647,0.640070438716284,0.6540229099720359,0.667570374480824,0.6807063867678345,0.6934268385496146,0.7057297826276611,0.7189662972822548,0.7304176023485573,0.7414563207396864,0.752087383595865,0.7623169725912936,0.7721523523052686,0.7816017124606163,0.7906740190238247,0.79937887645436,0.8077264008486493,0.816882330251162,0.8245250384469769,0.8318429434037946,0.8388471831783135,0.8455489311654412,0.8519593310251997,0.8580894405840308,0.8639501834259281,0.8695523078440507,0.8749063525865683,0.8809699470174509,0.8858378972183409,0.8904883079426855,0.8949306465870795,0.8991740760306924,0.903227447936953,0.9070992988064587,0.9107978488368874,0.9143310025736017,0.9177063515819252,0.9216921177725195,0.9247559994274226,0.9276834800595806,0.9304809423540022,0.9331544868598545,0.9357099404857816,0.9381528654462375,0.9404885682155781,0.9427221088146045,0.9448583101924058,0.9475078185140313,0.9494488735030805,0.9513061277206035,0.9530835359445524,0.9547848614469409,0.956413684514155,0.9579734108101939,0.959467279505934,0.9608983707962407,0.9622696137686645,0.9640656396466835,0.965314334105203,0.9665114533321176,0.9676593805468432,0.9687603814308479,0.9698166098481723,0.9708301137511034,0.9718028402486419,0.9727366407531981,0.9740260156419946,0.9748782491239414,0.9756968438884835,0.9764833059513871,0.9772390679184741,0.9779654927008391,0.978663877123504,0.9793354552037742,0.9799814014576941,0.9809238609062622,0.9815146954492336,0.9820833001861102
0.008504489341802677,1.8240368626625382e-09,0.0,0.0,0.0,0.0,0.0,1.062605396550606e-09,1.7861869231126574e-09,2.953775319455747e-09,7.076800076781973e-09,1.1180525215363032e-08,1.74220186436815e-08,2.6783666495988222e-08,5.246891481913014e-08,7.765182100086966e-08,1.1372337095399343e-07,1.6485032014646245e-07,2.3658506313700307e-07,3.3625694064121933e-07,5.595025462027427e-07,7.73747276703274e-07,1.0618183241246e-06,1.4462105311783474e-06,1.955353931043217e-06,2.624938733558724e-06,3.4994695153970863e-06,4.6340956381009315e-06,6.7645847864728105e-06,8.795536343304697e-06,1.1372691755212234e-05,1.4625215902112447e-05,1.8708496633235073e-05,2.3808564839670573e-05,3.0147092796582523e-05,3.7987024040387134e-05,4.76388977887282e-05,6.345336391745913e-05,7.859626643677534e-05,9.695625419815158e-05,0.00011912911120095517,0.0001458040306573111,0.00017777543289301573,0.00021595589278436986,0.00026139019681692025,0.00031527061998462677,0.0003789534070323705,0.00045397659970655935,0.0005633900046148403,0.0006693893874445658,0.0007929678190714067,0.0009366285051494558,0.001103168055754223,0.0012957024044798274,0.0015176939820340024,0.001772980086939545,0.0020658023157783144,0.002400836968292154,0.0027832262089295978,0.0032186098460172735,0.003799761397207632,0.004369021436899398,0.005012261602536977,0.005737483191173905,0.0065533442776709635,0.007469187785536813,0.008495067201940166,0.009641769194080578,0.01092083236500997,0.012344561287575488,0.01392603485500128,0.015679107936348722,0.017618405229714345,0.020034792668727316,0.022414421749221553,0.025029799272817146,0.027898407575487588,0.031038306205458988,0.03446805294027851,0.03820660851158258,0.04227322421707648,0.046687311620095893,0.051468293930480004,0.056635438913113886,0.062207673635621484,0.06881832048204793,0.0752890817628521,0.08221859129935691,0.08962218773403677,0.0975137069997136,0.10590522348443702,0.11480679084648349,0.12422618738085726,0.1341686715575094,0.14463675351236913,0.15562998869032943,0.16714479972512103,0.18024815600357483,0.1928188680074956,0.20588004846858515,0.219414446896648,0.23340140288495828,0.24781694199431625,0.2626339253509643,0.27782225179488135,0.2933491096970378,0.30917927429242525,0.3252754447234473,0.3430366034635202,0.35956799990369637,0.37624323495182777,0.3930205679347544,0.40985820913963134,0.4267147290150757,0.44354944968039606,0.4603228112593381,0.4769967068530281,0.49353478129507744,0.5099026897936939,0.5276494499418573,0.5435816133724577,0.5592530657711059,0.5746392958505179,0.5897184551441604,0.6044713648022239,0.6188814879746468,0.6329348717250962,0.6466200627845096,0.6599280008809629,0.6728518945007123,0.6868796842355528,0.699006066186309,0.710739638911962,0.722081292829864,0.7330334248731001,0.7435997812965146,0.7537853042961089,0.7635959843489541,0.7730387192687149,0.7821211811433757,0.7908516918646546,0.8005173588880035,0.8085482618010813,0.8162551121581495,0.8236477984625881,0.8307363689252165,0.8375309607910288,0.8440417377014761,0.8502788348054887,0.8562523108079234,0.8619721067094049,0.8685078087215873,0.8737274919310368,0.8787227080824771,0.8835026315248857,0.8880761912359877,0.892452058667566,0.8966386384821223,0.9006440622600626,0.9044761846469046,0.9081425815151272,0.9125094330116511,0.9158470646546707,0.919040507246844,0.9220962295715758,0.9250204355454973,0.9278190701528801,0.9304978259457253,0.9330621501519253,0.9355172520704332,0.9378681105539172,0.9408085261686278,0.9429494686929368,0.9450002254901178,0.946964921585289,0.9488474912816605,0.9506516859797768,0.9523810818028592,0.9540390871039972,0.9556289497280004,0.9577176285804838,0.9591676393699485,0.9605587178970212,0.9618935275405474,0.9631746046388848,0.9644043645995746,0.9655851074540825,0.9667190234142146,0.9678081982017049,0.9688546179590534,0.9703115107491452,0.9712679944559075,0.9721874166157615,0.97307140212155,0.9739214987984656,0.9747391808077408,0.9755258528035323,0.9762828529787182,0.9770114564520314,0.978083329667139,0.9787506474390809
0.009115888299750819,1.5877842017072418e-09,0.0,0.0,0.0,0.0,0.0,1.0072697540629293e-09,1.687980102789126e-09,2.783163082667143e-09,6.700780834909098e-09,1.0552757302245063e-08,1.639488667160996e-08,2.5134142407202987e-08,3.803388668831857e-08,7.308068155501033e-08,1.0672495418894594e-07,1.542875079459971e-07,2.2085638237873767e-07,3.131296107761103e-07,4.3985414758080014e-07,7.227449871179399e-07,9.893659513476594e-07,1.3443265909926706e-06,1.813462133059908e-06,2.429136752591669e-06,3.231633777120694e-06,4.270774815720954e-06,5.6078169094884485e-06,8.126322271053175e-06,1.0485759781692624e-05,1.3457893149455035e-05,1.7182368690786576e-05,2.182609120767902e-05,2.7587623112755562e-05,3.470212534708512e-05,4.344689280246136e-05,5.41475521804101e-05,7.180386065561564e-05,8.842652676498346e-05,0.00010846999047069405,0.00013254672341059595,0.0001613617393078175,0.00019572382748137064,0.00023655775476976294,0.0002849174980296688,0.0003420005328537897,0.0004091632198718585,0.0004879373005388711,0.0006038719671196227,0.0007143911302670901,0.0008427128851212365,0.0009912937820803383,0.0011628681901011658,0.0013604717283482925,0.0015874657353043477,0.0018475626770722668,0.0021448524098770317,0.0024838291585885346,0.0028694190818423847,0.0033070081785255114,0.0038966746040454384,0.004465832208321452,0.005106983412129459,0.005827684291608258,0.006636088606195945,0.007540971529807764,0.008551751146511825,0.009678507100788693,0.010931995723381552,0.012323660914484249,0.013865639996407731,0.015570763660189413,0.017452549104979422,0.01981872471205671,0.02211911977705279,0.024641933294042316,0.027403227842231467,0.03041957876937417,0.033708005040662736,0.03728588638274582,0.04117086598660344,0.04538073821144053,0.04993332090025526,0.054846312198889524,0.06013713213346381,0.06647001326638914,0.07260219626713052,0.07916208641371544,0.08616408714519615,0.09362132949281733,0.10154544956870491,0.10994636460849969,0.11883205163227556,0.12820833298429365,0.13807867348602434,0.14844399409240788,0.15930250706895008,0.1717761809212414,0.18364316418366392,0.19598025672454206,0.20877366116531848,0.2220065288874249,0.23565901418852747,0.24970837330510037,0.26412910808731505,0.27889315283700217,0.29397010173499893,0.3093274729245726,0.3264498501172658,0.34228841398979903,0.3582990046505894,0.37444396996241636,0.39068526778268964,0.4069848252074021,0.4233048893213152,0.43960836284872884,0.4558591188669134,0.4720222897828659,0.4880645261246684,0.5056484375515343,0.5213571113289116,0.5368543819157918,0.5521149322852201,0.5671157394694167,0.5818361216758328,0.5962577536116728,0.6103646519163018,0.6241431348163499,0.6375817581168153,0.6506712318598176,0.6650311209278722,0.6773861177675868,0.689375245502835,0.7009967937307947,0.7122506044310828,0.7231379360816166,0.7336613279576987,0.7438244669463898,0.7536320578772197,0.7630896989298966,0.7736421294192178,0.7823963829554764,0.7908217022622346,0.7989261814863092,0.8067182811125133,0.8142067458429372,0.8214005299335694,0.8283087297244749,0.8349405233633251,0.8413051170962131,0.8474116978469465,0.8544564536298769,0.8600510049414535,0.8654149929596155,0.8705571736310072,0.8754861248892392,0.8802102289568647,0.8847376573403012,0.8890763594660103,0.8932340540044359,0.8972182223524375,0.9020073066776185,0.9056453448873895,0.9091313240451078,0.9124717461533357,0.9156728709859088,0.918740719186158,0.9216810762025888,0.9244994968336345,0.9272013105234357,0.9305943823417793,0.9330605604231912,0.935425284633586,0.9376930316695927,0.9398680840951434,0.9419545371054945,0.9439563051806746,0.9458771289707731,0.9477205818692765,0.9494900766773012,0.9518351890856808,0.9534522348299174,0.9550050496380066,0.9564964559398227,0.9579291467511863,0.9593056913519925,0.9606285408125175,0.96190003323746,0.9631223989421561,0.9648295805309194,0.965948392138877,0.9670244915200321,0.9680597148976153,0.969055813749881,0.9700144587257741,0.9709372434813272,0.9718256883085254,0.9726812436881369,0.9739435746694306,0.9747280247506139
0.009771241535346501,1.4317689958726233e-09,0.0,0.0,0.0,0.0,0.0,0.0,1.5959809807092593e-09,2.6233968549340286e-09,4.242470124286286e-09,9.965368993795712e-09,1.5434525793095877e-08,2.3591765507405037e-08,3.560089995314452e-08,6.880720343643519e-08,1.0019096590053071e-07,1.4443797043010023e-07,2.0620616014973757e-07,2.916150000266972e-07,4.0863281119776494e-07,5.675516130622658e-07,9.220514050243241e-07,1.2497842547085025e-06,1.6819529817253579e-06,2.247880060599815e-06,2.9839855061011813e-06,3.935230634410615e-06,5.156787609371484e-06,7.508595028190116e-06,9.668017797327815e-06,1.2382865683106656e-05,1.5778484516003897e-05,2.0004431706902133e-05,2.5238328553383272e-05,3.1690190042723776e-05,3.9607270905518466e-05,4.9279460851750316e-05,6.104527255180341e-05,8.062850109645208e-05,9.873511057065807e-05,0.00012045098065777502,0.0001464007782632119,0.00017730011430773672,0.00021396610744163751,0.00025732881860323704,0.00030844357968710674,0.00036850425981124833,0.00043885747585414316,0.0005210177683905152,0.0006432301019393327,0.000757731757145223,0.0008901452964764383,0.001042865194673254,0.0012185470924120883,0.0014201288000286342,0.0016508521333457593,0.001914285489538459,0.002214347086840274,0.0025553287136853243,0.002941919870135594,0.003379232130368363,0.003975027824129378,0.0045409899415810775,0.005176617114062966,0.005889002892176816,0.006685781361486256,0.007575147025825658,0.008565872646766485,0.00966732444290996,0.010889474197544515,0.012242907561202918,0.01373882795929319,0.015389055350769561,0.017496298675423284,0.019514876366524752,0.021728092342800175,0.024150132427688868,0.026795686529503576,0.02967989950877604,0.032818311294003435,0.036226785609322736,0.03992142655340623,0.04391848280850121,0.048234238932647694,0.05288489381999991,0.05853087420795958,0.06393464620016,0.06972117310621251,0.07590481761606493,0.08249906376251324,0.08951633174636878,0.09696778816120849,0.10486315405546714,0.11321051400355069,0.12201612953235332,0.13128426064320564,0.14101699926428524,0.15235323762546868,0.1630533451774256,0.1742099073871852,0.18581493988278924,0.19785777131097454,0.21032502899626873,0.2232006601488973,0.23646598984690795,0.2500998162073471,0.2640785423211094,0.2783763434617723,0.29296536726985745,0.3094181587530236,0.3245269917109893,0.3398322346995746,0.35530039106304984,0.3708973034486525,0.3865884615604106,0.40233930852064254,0.41811554039696797,0.4338833935714391,0.4496099153629144,0.4652632136946889,0.48262597238115573,0.4980467372915362,0.513305391765997,0.528376310990029,0.5432357806116247,0.5578620763361641,0.5722355148993309,0.5863384777043221,0.6001554094730838,0.6136727940073118,0.6286650304970305,0.6415366536949779,0.6540789395777319,0.666285997848377,0.6781536028709726,0.6896790868663629,0.7008612282356984,0.7117001370417365,0.7221971398150806,0.7323546646419468,0.7421761287289789,0.7532560503336057,0.7623955930106975,0.7712140924542149,0.7797179216460266,0.7879139405360487,0.7958094133423728,0.8034119321936913,0.8107293468011373,0.8177697006420381,0.8245411727225913,0.8324076780028462,0.838641293017693,0.8446312158828695,0.850385715043025,0.8559129836002325,0.8612211115333961,0.8663180623499229,0.871211653031507,0.8759095372509833,0.8804191916287847,0.8858705139701627,0.8900026387671625,0.8939682835376945,0.8977741253846042,0.9014266295450086,0.9049320478942038,0.9082964188223467,0.9115255682790565,0.9146251115431511,0.9176004559363322,0.9213727623721472,0.9240958192062239,0.9267101670330139,0.9292204102424781,0.9316309669311723,0.9339460740761982,0.9361697931753336,0.9383060157600481,0.9403584691682623,0.9423307221829808,0.9449688460365693,0.9467750100001345,0.9485112020411279,0.9501804017074192,0.9517854580039314,0.9533290946222098,0.9548139152066486,0.9562424082160184,0.9576169518928022,0.9595541912473606,0.9608145172314176,0.9620277651499466,0.9631959071750209,0.9643208274686331,0.965404326143467,0.9664481230242132,0.9674538612317988,0.9684231107252418,0.9698660755830661
0.010473708979594498,1.3892854388745536e-09,0.0,0.0,0.0,0.0,0.0,0.0,1.5097690155522708e-09,2.4737028473094465e-09,3.9881587705970645e-09,6.328161550724066e-09,1.4535806887165734e-08,2.2150971864143435e-08,3.3329367419116715e-08,4.953746928795904e-08,9.408928514654982e-08,1.352519613461045e-07,1.925602407755031e-07,2.716004924709856e-07,3.796267460880158e-07,5.259880209984103e-07,8.595155793117935e-07,1.1620696101885361e-06,1.5600998947166336e-06,2.080145573028909e-06,2.755102500127552e-06,3.6254964577172387e-06,4.7409604786671e-06,6.161937735713798e-06,8.914450013501101e-06,1.1393407852429825e-05,1.4487892337454405e-05,1.8331741938602977e-05,2.30836382180526e-05,2.8930878315544175e-05,3.609360674826661e-05,4.482950657913554e-05,5.543901278090149e-05,6.82710524438247e-05,8.985304125073057e-05,0.00010942648299620803,0.00013277889413882484,0.0001605424026435127,0.00019343777762632246,0.00023228428239660746,0.00027801028214707586,0.0003316646414689236,0.00039442892391206594,0.00046763040165407395,0.0005527558987027861,0.00068094581334613,0.0007988303952050013,0.0009346206362219796,0.001090634789967663,0.001269434834565695,0.0014738451430511726,0.0017069718068900403,0.001972222532336996,0.0022733270070351276,0.0026143576490605938,0.002999750581618045,0.0034343266867095726,0.004033899356933384,0.004593653529165145,0.005220440907654987,0.005920881558507605,0.0067020813237190745,0.007571648362125745,0.008537707797047532,0.009608914036981511,0.010794460319665326,0.012104084954042667,0.013548073739944077,0.015137257962452515,0.017191331129140765,0.019128412179900807,0.021247673260478807,0.02356204009847263,0.02608488372758457,0.028829978128745062,0.031811448987522806,0.03504371291644981,0.03854140677458915,0.04231930662058813,0.04639223613157308,0.05077496431580462,0.05615850275320868,0.06124152245476155,0.06667837558820298,0.07248235768835393,0.07866604278762243,0.08524112738166262,0.09221826987394824,0.09960692747837938,0.10741519296420152,0.11564963385810526,0.12431513692987688,0.13341476103056896,0.14414098777695614,0.1541535965673839,0.16459734915670457,0.17546668609413119,0.18675371575084634,0.19844818253752577,0.2105374632157738,0.22300659276543977,0.2358383206200568,0.24901319746277403,0.26250969199571006,0.2779592200398258,0.29205944609395934,0.3064044466997163,0.3209659882761433,0.3357147287175734,0.3506204654252043,0.3656523917600186,0.380779357484545,0.3959701284966075,0.41119364150345183,0.42641924956300253,0.44354525589225907,0.4586954419280985,0.4737587331479739,0.4887083225877699,0.5035187999251404,0.5181662791225176,0.532628501467471,0.5468849139804515,0.5609167242961344,0.5747069323189544,0.5882403407523722,0.6034432896846812,0.6164127014190218,0.6290892578535457,0.6414647882316419,0.6535327195255423,0.6652879983652034,0.6767270055840393,0.6878474654075625,0.6986483508831687,0.709129787409974,0.7192929554973029,0.7308973653553322,0.740407959492744,0.749608975336937,0.7585049243150375,0.767100912637874,0.7754025610020552,0.7834159290710703,0.7911474447820832,0.798603838985234,0.8057920849312725,0.814237805832209,0.820885336784753,0.8272868322336574,0.8334497509013763,0.839381562165629,0.8450897134955941,0.8505816019181346,0.8558645489668959,0.8609457790322507,0.8658324006245702,0.8718028714633432,0.8762965872938566,0.8806166476928683,0.8847695647797839,0.8887616779343487,0.8925991489656936,0.8962879582811133,0.8998339027865189,0.903242594617867,0.9065194610361791,0.9107166467833243,0.9137242166170846,0.916615639818528,0.9193956104318614,0.9220686479212119,0.9246391009235807,0.9271111511846193,0.9294888178020247,0.9317759616089781,0.9339762898000334,0.9369485959147473,0.9389682289780645,0.9409117376915987,0.9427822504307501,0.9445827656968908,0.9463161568432908,0.9479851766734296,0.9495924620419184,0.9511405382929377,0.953343401182521,0.9547655355849384,0.9561357940929308,0.9574562877699401,0.9587290372483851,0.9599559763400912,0.9611389558354896,0.9622797469910178,0.9633800449026023
0.011226677735108135,1.3508331606556784e-09,0.0,0.0,0.0,0.0,0.0,0.0,0.0,2.3335694931817228e-09,3.750349277346397e-09,5.932684932347481e-09,1.3694459380627064e-08,2.0803596030816682e-08,3.120837143192539e-08,4.625192805984124e-08,6.774934841278279e-08,1.2668387798390228e-07,1.798504476963141e-07,2.52983490262467e-07,3.5268289474851986e-07,4.87432188781672e-07,6.680492773441977e-07,1.0807026871421882e-06,1.4472194228608176e-06,1.9249758520587043e-06,2.543648108654862e-06,3.3397247636788056e-06,4.357802469204228e-06,5.652084867360193e-06,7.288092141802112e-06,1.0483200323731967e-05,1.3302171988333772e-05,1.6796887536797067e-05,2.110891564679073e-05,2.6405066529287713e-05,3.2881057497424505e-05,4.076560593034695e-05,5.0324927879025934e-05,6.186771915836695e-05,8.175665377039021e-05,9.938835633347196e-05,0.00012038929807826102,0.0001453169628937485,0.00017480606234944544,0.0002095770066108929,0.00025044499910000206,0.00029832979734621695,0.00035426615177122146,0.0004194149124897859,0.0004950748635050787,0.0006116614658487475,0.0007165121784271711,0.0008371283519699884,0.0009755294734784607,0.0011339449229851681,0.0013148298693809346,0.0015208817390670011,0.001755057146169942,0.0020205892776696214,0.002321005608369742,0.0026601458480695474,0.0030421800156711734,0.0035804499207260612,0.00407269673097445,0.004623361150849107,0.00523816607002907,0.005923253194279134,0.006685198050896529,0.007531023607231879,0.008468212203444372,0.009504715422364026,0.010648961542242206,0.011909860125967599,0.013296803341122404,0.014819663508133664,0.016815547287148524,0.018665622495217183,0.0206853760112083,0.02288652727796039,0.025281187913383005,0.02788182563051755,0.030701220760490092,0.033752415078162186,0.03704865238020534,0.04060331066376785,0.04442982565524363,0.0485416055406588,0.05366060918483433,0.05842115230999456,0.06350733048052222,0.06893139751389608,0.0747050239204276,0.08083916653414383,0.08734393391100981,0.09422844901510248,0.10150071095815773,0.10916745777799958,0.11723403241618773,0.1257042542581289,0.13582431935009645,0.14515242764701838,0.15488556166138168,0.1650202522638794,0.17555103022534072,0.18647038306729136,0.19776873375031256,0.20943444254844418,0.22145383318964743,0.23381124379926885,0.24648910268865054,0.26120615637289085,0.27450126614680465,0.2880525358639624,0.30183589022255036,0.31582606561687065,0.32999680671408704,0.3443210738339762,0.35877125767215656,0.37331939782442314,0.3879374015422438,0.40259725914269406,0.41932484741428866,0.4339992106592361,0.4486321177123117,0.46319788282205604,0.4776718325624824,0.4920304422434332,0.5062514532353294,0.5203139703400022,0.5341985392819765,0.547887204566992,0.5613635482159386,0.576716169124723,0.5897155369135996,0.6024614240664026,0.6149436805488798,0.6271536428389589,0.6390840843844833,0.6507291570744682,0.6620843254133562,0.6731462947609358,0.6839129353969073,0.69634580022177,0.7064973598354873,0.7163529567075586,0.7259143817629854,0.7351841867166357,0.7441656066445614,0.7528624851336032,0.7612792025204341,0.7694206077512282,0.7772919538656318,0.784898837524297,0.7939477412295685,0.8010166453560585,0.8078395771026886,0.8144230116702745,0.820773523734261,0.8268977511986909,0.8328023621634447,0.8384940258407096,0.8439793863473278,0.8492650396586153,0.8557985289109041,0.860678067468021,0.8653776491554431,0.8699035050496258,0.8742617399638805,0.8784583235941752,0.8824990832703276,0.8863896982892292,0.8901356954937968,0.8937424461322987,0.8984133050041091,0.9017338414234753,0.9049307988100844,0.9080089074852499,0.9109727398198748,0.9138267121000382,0.9165750865213914,0.9192219739674841,0.9217713367374403,0.925233787591013,0.9275793492188134,0.929838896784609,0.9320158216094949,0.9341133842875465,0.9361347184898022,0.9380828351029262,0.9399606259525916,0.9417708679310379,0.943516226857049,0.946025324622613,0.9476319731863301,0.9491815233666527,0.9506762240256263,0.9521182320198189,0.953509615741959,0.954852358548619,0.9561483621898524
0.012033778407775893,1.296100833175388e-09,0.0,0.0,0.0,0.0,0.0,0.0,0.0,0.0,3.527758923135116e-09,5.56291276259419e-09,8.64016489316162e-09,1.9543644677770345e-08,2.9227591689335302e-08,4.318790790472455e-08,6.308123309257361e-08,9.111705980503055e-08,1.6801092203552357e-07,2.3566717891090474e-07,3.276583426495497e-07,4.5167422038784477e-07,6.175005509496599e-07,8.374923667676029e-07,1.3426752065755944e-06,1.781470734975611e-06,2.3483671145823794e-06,3.0761819835827954e-06,4.0049356790636595e-06,5.1831728206934005e-06,6.669459788742175e-06,8.534090856209834e-06,1.2213420430349638e-05,1.538940578046228e-05,1.9300405667676244e-05,2.409477888442236e-05,2.9946284636286272e-05,3.705761930006672e-05,4.5664313866635795e-05,5.603902850683736e-05,6.849625470288551e-05,9.025693654064179e-05,0.00010913178177736762,0.00013149833025995962,0.0001579145969910109,0.00018901298344482347,0.00022550805564420384,0.0002682048794463771,0.0003180079161357173,0.000375930487059338,0.0004431048225706997,0.0005207926835969926,0.0006424071693931214,0.0007494465959308409,0.000872103156574698,0.0010123126966837869,0.0011722047712696985,0.0013541165884084524,0.0015606073759327147,0.0017944731211812443,0.002058761608453637,0.0023567876856506616,0.0026921486658920335,0.003068739753386173,0.0036080372309781963,0.00409116620578613,0.004630035424027534,0.005229936555926283,0.005896533857631017,0.0066358765204460116,0.007454409800731572,0.008358984632631556,0.009356865462486265,0.010455735977074023,0.011663702410079586,0.012989294049154788,0.014763427284475328,0.016375065401050413,0.018133754590634217,0.02004969803292309,0.02213346790806367,0.024395980569358103,0.026848466084171237,0.029502431800275567,0.03236961959165309,0.03546195645449719,0.03879149827243462,0.04237036654813204,0.04621067801966344,0.05106551577958816,0.055504637472613305,0.060242063006776064,0.0652890296348891,0.07065631078743617,0.07635410816001009,0.08239193994965663,0.08877852636266145,0.09552167370653197,0.10262815854211146,0.11010361351943945,0.11920141329395785,0.12747424804735077,0.13612543807464617,0.14515490026821706,0.15456092194397214,0.16434009669438013,0.17448727514237578,0.18499553216712886,0.19585615198153625,0.20705863210655878,0.21859070699709374,0.23043839172059832,0.2444080310673308,0.2568782619732033,0.2696114669328345,0.28258751705872787,0.2957850736659792,0.3091817386478631,0.322754216484821,0.33647848556829985,0.3503299759984542,0.36428375125453033,0.37831469082626873,0.39457991111513413,0.40870777202274045,0.4228362976771796,0.43694138458701987,0.4509995904378987,0.4649882706307014,0.47888570084394294,0.4926711844553522,0.5063251443720399,0.5198291988291299,0.5331662212580899,0.5485966690513592,0.5615473984537078,0.5742862135995057,0.5868013705942632,0.5990824605326778,0.6111203868755573,0.6229073329810217,0.6344367211267595,0.6457031642803449,0.6567024118671059,0.6695914241229386,0.6800267687693996,0.6901877731062925,0.700074177791363,0.7096865369716886,0.719026151103089,0.7280950005211371,0.7368956806347415,0.745431338868439,0.7537056140730095,0.7617225786044218,0.7713899609008367,0.7788784495651035,0.786123985052421,0.7931318885429065,0.7999076686847435,0.8064569825528809,0.8127856001927852,0.8188993719670685,0.8248041989316834,0.8305060062645091,0.8376440826250857,0.8429297681051756,0.8480305223346748,0.8529521608729661,0.8577004259214529,0.8622809737091011,0.8666993636661589,0.8709610493694929,0.8750713707036726,0.8790355476817345,0.8842310896928072,0.8878928403262036,0.8914238443626988,0.894828797618811,0.8981122600267993,0.9012786552220349,0.9043322706379617,0.9072772582358902,0.9101176354825627,0.9140196765166902,0.9166401167443,0.9191677132876246,0.9216059551439212,0.9239582075772927,0.9262277150144415,0.9284176040076675,0.9305308863042013,0.9325704620900978,0.934539123090959,0.9374004110225654,0.9392166303240713,0.940970138550966,0.9426633152619855,0.9442984479536507,0.9458777352204606,0.947403289957571
0.01289890261253308,1.1462175315486492e-09,0.0,0.0,0.0,0.0,0.0,0.0,0.0,0.0,3.319364929290772e-09,5.217017970616608e-09,8.077453613069827e-09,1.2326586329511793e-08,2.7377382585788283e-08,4.033014525389839e-08,5.873427595385818e-08,8.459982938191727e-08,1.5698135862549775e-07,2.1956168903368835e-07,3.0441904744760223e-07,4.1851939759192727e-07,5.707021612150287e-07,7.721029946333417e-07,1.0366528900558713e-06,1.648785489049949e-06,2.1680843394835576e-06,2.8332392167601284e-06,3.680124764178316e-06,4.752164170360647e-06,6.101630732054308e-06,7.791148260208517e-06,9.895360277763605e-06,1.4099475714270832e-05,1.764519938328809e-05,2.1983154454999825e-05,2.7267386102236417e-05,3.367726805047525e-05,4.142086317753258e-05,5.073861386917702e-05,6.190738937100389e-05,7.524488073147031e-05,9.891243936948683e-05,0.00011896897379213153,0.00014261695081799672,0.00017041058450004205,0.00020297514190731266,0.00024101403037777813,0.00028531635647031033,0.0003367649572514181,0.00039634491346528125,0.0004651525380157475,0.0005444048441216925,0.0006706958967906312,0.0007793027139902954,0.0009032814369941599,0.0010444752332442807,0.0012049047190395563,0.0013867800743589157,0.0015925134780809098,0.0018247318042456597,0.002086289524117181,0.002380281739732934,0.0027100572751398533,0.003079231730419766,0.003617696600797401,0.004089391495112181,0.004613976461292853,0.0051963152523883316,0.005841600895510635,0.006555365777124658,0.007343490624946821,0.008212212182811686,0.009168129362086152,0.010218207555547249,0.011369780964283803,0.012630552526642818,0.01434855244967906,0.0158767597599107,0.017540820812127367,0.01934990209555907,0.021313491746558628,0.023441378679133946,0.02574362716853824,0.028230546581359386,0.03091265602552084,0.03380064366363118,0.03690532050660192,0.040237568568208266,0.04454168833328858,0.04840164045008834,0.05252304207961717,0.05691641873941692,0.06159201803841091,0.06655972533335125,0.07182897525066596,0.07740865979370791,0.0833070338624069,0.08953161910378085,0.09608910722695137,0.10298526392311412,0.11152395251114164,0.11916036385966411,0.12714680776598336,0.13548435657934071,0.14417272937762976,0.15321022991926173,0.16259369543178723,0.17231845756380457,0.18237831670197663,0.19276553068556165,0.20347081864304759,0.21448338063367497,0.22769665865754776,0.23932901443423055,0.2512266153533361,0.26337300125583507,0.2757505304623572,0.2883404900507552,0.3011232176735718,0.3140782331294526,0.32718437792044225,0.3404199607519598,0.353762906786657,0.3695039954901135,0.383017135430447,0.39656882702422336,0.4101369418471804,0.4236997059264269,0.43723582895533897,0.4507246241210019,0.46414611738180983,0.47748114528743074,0.4907114407074705,0.5038197059362003,0.5192467239602228,0.5320610015847168,0.5447061810614231,0.5571693804988014,0.5694388690873005,0.5815040679506538,0.5933555413249536,0.6049849788697815,0.616385169945063,0.6275499711819396,0.6408468294214096,0.6515074252333639,0.661919411413413,0.672080551168305,0.6819894404078941,0.6916454532120627,0.7010486866341509,0.7101999052175885,0.719100486096872,0.7277523648747941,0.7361579829824613,0.7464475931475482,0.7543420889887168,0.7620001260778136,0.7694257193648875,0.776623153053437,0.7835969413212056,0.7903517913269339,0.7968925687933096,0.8032242664408776,0.8093519747270697,0.817131394306197,0.8228373543087935,0.8283552574764962,0.8336903551599413,0.838847883323595,0.8438330465760481,0.8486510041732924,0.8533068574158015,0.8578056390009324,0.8621523033880103,0.8679242773652367,0.8719538094257198,0.8758460330123985,0.8796055200234265,0.8832367342618846,0.8867440285818662,0.8901316427780684,0.8934037021837854,0.8965642167741041,0.8996170809657351,0.9038848368326853,0.9067095772374644,0.9094381699664017,0.9120740442132442,0.9146205178685984,0.9170807994136544,0.9194579898580229,0.9217550850003362,0.9239749775758835,0.9272398400830606,0.9292927710748727,0.9312770608640605,0.9331952045514215,0.935049607132052,0.9368425860610152
0.01382622173764655,1.1058642997691253e-09,0.0,0.0,0.0,0.0,0.0,0.0,0.0,0.0,0.0,4.893584442500367e-09,7.551916555040118e-09,1.1488396236545978e-08,2.5648805985327415e-08,3.766466464120772e-08,5.468601954923388e-08,7.853928295072838e-08,1.1162290592998846e-07,2.0458066857649614e-07,2.828394747557621e-07,3.8778289669748194e-07,5.273879100803891e-07,7.116794876378971e-07,9.531671301214639e-07,1.2673593067400606e-06,2.0016926394200944e-06,2.609368355177541e-06,3.3812743861773223e-06,4.35620131175396e-06,5.580748876809809e-06,7.110623314371359e-06,9.012091742328062e-06,1.1363619165406184e-05,1.6131190283414068e-05,2.0054379078022656e-05,2.4823832389003386e-05,3.059805389734073e-05,3.7560561101546004e-05,4.5923052464181044e-05,5.5928868163326775e-05,6.785675667602133e-05,8.202495956758719e-05,0.00010761898826603973,0.00012877624243544302,0.00015360009336667067,0.00018263673719838986,0.00021649967618320157,0.00025587611931577453,0.0003015337681321037,0.00035432800538597677,0.0004152094747156226,0.00048523204946484795,0.0005655611901071478,0.0006961473939761432,0.0008056811366979423,0.0009302501604890479,0.0010715976075181817,0.0012316279602520364,0.001412417474012343,0.0016162248352849925,0.0018455019982605353,0.0021029051475094595,0.0023913057253973627,0.002713801448353629,0.0030737272543103563,0.0036096295743414187,0.004067781924926612,0.004575843343727966,0.0051382575927627645,0.005759757498136895,0.006445373087165491,0.007200438771555894,0.008030599405734931,0.008941815021409102,0.009940364066322425,0.01103284491707325,0.012226175453255154,0.0138856501793868,0.015328077034891441,0.016895390678361644,0.018595782598694193,0.0204377232681576,0.02242994477376708,0.024581419777124226,0.02690133663854095,0.02939907043911918,0.03208414977836515,0.03496621917826428,0.038054996978332145,0.04212434261674066,0.04569691944729031,0.04950677090411984,0.053563394458024355,0.05787607846961165,0.06245383381641781,0.06730532208959689,0.07243878080183015,0.07786194622812011,0.08358197455686818,0.08960536210466186,0.09593786549909743,0.10393288981291608,0.11094940130194593,0.11828774455846375,0.1259498717895916,0.13393662640225198,0.14224768532515522,0.15088150900574337,0.15983530014339722,0.1691049721748828,0.1786851284146459,0.18856905260866053,0.19874871148177364,0.21120331471180875,0.22199241826554517,0.2330446803777587,0.2443469763954718,0.25588506803345806,0.2676436803535043,0.27960658907966346,0.2917567176134841,0.304076242105606,0.3165467034318848,0.3291491245454501,0.34430892696998777,0.3571443250877223,0.3700511330499853,0.3830094984282383,0.39599966925441604,0.40900211012268867,0.4219976129027579,0.43496740083681634,0.44789322503905293,0.4607574525084611,0.4735431450791461,0.48887829861601284,0.5014615395435136,0.5139186005230024,0.5262359646174664,0.5384010605216721,0.5504022824227411,0.5622290008557693,0.5738715650854099,0.5853212977508409,0.5965704822795576,0.6102111966578756,0.6210234928205527,0.631616671043311,0.641986682423539,0.6521302937632696,0.6620450474107927,0.6717292190354427,0.6811817736808272,0.6904023212569312,0.6993910713745936,0.7081487882600421,0.7190499100765011,0.7273225557515407,0.7353691370259036,0.7431922462067535,0.750794815527692,0.7581800789222418,0.7653515359129304,0.7723129173253938,0.7790681529624246,0.7856213414638861,0.7940709735692446,0.8002024299160223,0.8061451180741329,0.8119035702296378,0.8174823638550621,0.8228861032459563,0.8281194025199952,0.8331868705095516,0.8380930970391036,0.8428426407004935,0.8492413991837073,0.8536616029294877,0.8579389677937388,0.862077834045284,0.8660824672169692,0.8699570528114483,0.8737056918800866,0.8773323973693817,0.8808410911876606,0.8842356019048827,0.8890457342746035,0.8921965187247919,0.895244547436146,0.8981932571931472,0.9010459872008535,0.9038059795882132,0.9064763801548652,0.9090602393445474,0.9115605134518415,0.915285508088858,0.91760381053379,0.9198473484234652,0.9220187069795245,0.9241203856776344
0.014820207057988586,1.0903315254032197e-09,0.0,0.0,0.0,0.0,0.0,0.0,0.0,0.0,0.0,0.0,7.060793962878433e-09,1.0706642380727656e-08,1.6016201099219187e-08,3.51781003953023e-08,5.0916159247624985e-08,7.290552212319518e-08,1.0331631886914563e-07,1.4496649461300745e-07,2.6280152311573193e-07,3.592925141369568e-07,4.873088379976365e-07,6.558635271735914e-07,8.761763314840931e-07,1.1621229302359461e-06,1.5307547409479317e-06,2.403136625458015e-06,3.1064188124441346e-06,3.9926108262120045e-06,5.1031990980168556e-06,6.487667385673405e-06,8.20475868940477e-06,1.0323886555927093e-05,1.2926709537396075e-05,1.8293647648615638e-05,2.2596407371997777e-05,2.779517987899386e-05,3.40515902212195e-05,4.155173630287774e-05,5.05091440375156e-05,6.11679757021775e-05,7.380650317147387e-05,8.874086181824574e-05,0.00011626477964929159,0.00013842325519315457,0.00016429755832961506,0.00019442185575128997,0.00022939354408202983,0.00026987897099117595,0.00031661947764061236,0.0003704377618861906,0.0004322445646914056,0.0005030456684524019,0.0005839492035827242,0.0007184255509971586,0.0008282384927836529,0.0009526657697746074,0.0010933448913326084,0.0012520589628582436,0.0014307455809861851,0.0016315058802253211,0.001856613696627583,0.002108524785166855,0.0023898860634313035,0.0027035447955097627,0.003052557668161317,0.0035843153588397936,0.0040270507484607655,0.004516625001911798,0.005057073918684457,0.005652685348192135,0.006308005680280775,0.007027845512320281,0.007817284369201946,0.008681674301212566,0.009626642235220403,0.010658090895416113,0.011782198136030741,0.013381549264553514,0.014736842888824691,0.016206374604630903,0.01779742514561491,0.01951751589689624,0.021374394545841658,0.02337601785788549,0.025530531368829684,0.02784624587775383,0.03033161057770382,0.0329951827355124,0.03584559381954347,0.039685820142259284,0.04297825463672188,0.04648497592927182,0.050214501266328336,0.05417519471097987,0.058375212299511474,0.06282244431733285,0.06752445507206338,0.0724884205665311,0.07772106454050416,0.0832285934471299,0.08901663098227003,0.09648675449664999,0.10290385944867964,0.10961497769096033,0.11662268978184832,0.12392868026163692,0.1315336858158949,0.1394374486824483,0.14763867619208002,0.15613500720606033,0.16492298624533375,0.17399804595772939,0.18335449848940202,0.19505511846567908,0.20500377314440374,0.2152094774584078,0.22566206770856845,0.2363503632904055,0.24726221695629666,0.2583845741714217,0.2697035409415642,0.2812044593849822,0.2928719902097529,0.3046902010088078,0.3192185203159754,0.33132105325024774,0.34352222004391997,0.3558046366398458,0.3681508224117452,0.380543299576452,0.3929646902116748,0.4053978099151837,0.41782575703604197,0.43023199669537426,0.4426004387943635,0.4577511463160749,0.4700053118538076,0.4821750331502862,0.49424667608301515,0.5062073386148573,0.518044884009405,0.5297479664871658,0.5413060494474526,0.5527094165925182,0.5639491763705605,0.5778545788230297,0.5887308437436479,0.5994205807993982,0.6099181881126946,0.6202188270254957,0.6303183966911874,0.6402135054960618,0.6499014401489807,0.6593801327382975,0.6686481262869284,0.6777045392881283,0.689189347525527,0.6977958863972994,0.7061909069302865,0.7143755181776784,0.7223512223090737,0.7301198800033164,0.7376836770851835,0.745045092127596,0.7522068656016822,0.7591719702866843,0.7683092705113195,0.774859543661591,0.7812233158311376,0.787404251022941,0.7934061186009269,0.7992327731310461,0.8048881355776957,0.810376176107361,0.8157008982207641,0.8208663242736536,0.8279379526743657,0.8327654931626499,0.8374461983385786,0.8419840539650404,0.8463830092554107,0.8506469691796563,0.8547797879023226,0.8587852628997313,0.8626671298996766,0.8664290586122848,0.8718403020891966,0.8753441520669842,0.8787391525833312,0.8820286747897692,0.885216010547655,0.8883043712553976,0.8912968872843274,0.8941966075570401,0.8970064994995226,0.9012526002212498,0.9038654769138049,0.9063974622054833,0.9088511933830683
0.015885651294280528,9.899843453994819e-10,0.0,0.0,0.0,0.0,0.0,0.0,0.0,0.0,0.0,0.0,0.0,9.977194290959533e-09,1.4877034494543166e-08,2.190085655698138e-08,4.7405324685608946e-08,6.766831762526685e-08,9.560904839555256e-08,1.3376664241566753e-07,1.8539998111680845e-07,3.328870812052927e-07,4.502304920235059e-07,6.043190582930956e-07,8.052033970093555e-07,1.065280456450691e-06,1.3997483061261135e-06,1.8271278937374242e-06,2.853715373784239e-06,3.658885544989373e-06,4.665594747556646e-06,5.917739291326316e-06,7.467314433861465e-06,9.37563091471213e-06,1.171466639861697e-05,1.4568564213149435e-05,2.0567154830930583e-05,2.5245484941235307e-05,3.0864243410664706e-05,3.758677219453369e-05,4.56001314836719e-05,5.511783020506726e-05,6.638276838570961e-05,7.967041133753643e-05,9.529219855515391e-05,0.00011359919288967302,0.00014777601927909076,0.00017455754754525525,0.00020559584269390114,0.00024146822851791005,0.0002828160033951685,0.00033034976004148143,0.00038485497058580456,0.00044719782240197723,0.0005183313060117834,0.0005993015398170736,0.0007372456126837867,0.0008466945240821172,0.0009702608996281962,0.0011094727520725022,0.0012659884901134186,0.0014416044249224453,0.001638262375547923,0.0018580573361318673,0.002103245154221128,0.002376250190133887,0.0026796729006574307,0.0030162972841023036,0.00354248735974086,0.003968184791594102,0.004437601992374625,0.004954382377709134,0.005522387613753915,0.00614570273875415,0.006828640571538871,0.007575745327080046,0.008391795296484999,0.009281804506815835,0.01025102318527661,0.01130493696081507,0.01284330871143363,0.01411106595836159,0.015482807174382286,0.016964968147788008,0.018564190975895525,0.020287312331878478,0.022141349464312954,0.024133483763067582,0.02627104184935262,0.02856147401667773,0.031012329990806685,0.03363123189793435,0.037249570783824286,0.040271004534388644,0.043485012328322074,0.046899182802680364,0.05052099589482216,0.05435777924313228,0.05841666227823059,0.06270452821648514,0.0672279642608827,0.07199321031846165,0.07700610664673332,0.08227204084278611,0.08923894642064256,0.09508073770684068,0.10118937114220179,0.10756783298245018,0.1142183955261907,0.12114257186518831,0.1283410741240199,0.13581377583106122,0.14355967906545777,0.1515768869768899,0.15986258222610245,0.16841301185800092,0.1793714115657691,0.18849082236208475,0.1978576182759388,0.20746419760737814,0.21730205655725252,0.22736181916268564,0.23763327472154003,0.24810542239185573,0.25876652258234323,0.26960415462868353,0.2806052801380214,0.29446096038027664,0.30578584773742457,0.3172305973564219,0.3287803697833368,0.3404200890130752,0.35213452354806113,0.3639083673207378,0.3757263194855261,0.387573162363065,0.39943383669666904,0.41129351353048904,0.42616671747197604,0.437994344100901,0.44977675665240746,0.46150069959492374,0.47315344159925204,0.48472281657790445,0.49619725861778247,0.5075658310639038,0.5188182495413194,0.5299448993437115,0.5409368471742608,0.5548628708999334,0.5655515170242571,0.5760815333504639,0.5864467875474821,0.5966418150204927,0.606661803984399,0.6165025772409852,0.6261605714457159,0.6356328140779873,0.6449168985901399,0.6569385040881651,0.6658169399040919,0.6745025521270309,0.6829949790575292,0.691294283259107,0.6994009223448119,0.7073157202138466,0.7150398386555789,0.7225747494944187,0.7299222076605743,0.7397494820453525,0.7466969670726205,0.7534636937640365,0.7600523310035431,0.7664657082415735,0.7727067948272582,0.7787786805583998,0.7846845574259784,0.7904277025289879,0.796011462207969,0.8037941747631797,0.8090364404936149,0.8141299629330389,0.8190782419509124,0.8238847821947174,0.8285530834172016,0.8330866320448314,0.8374888932139971,0.8417633039071355,0.8459132666655361,0.8519831092460726,0.8558628765205539,0.8596286303987317,0.8632835867784328,0.866830904919873,0.8702736846724842,0.8736149643775616,0.8768577190454453,0.8800048589262093,0.8830592284666497,0.8877717054800709,0.89062064411277
0.017027691722258997,9.347407219745049e-10,0.0,0.0,0.0,0.0,0.0,0.0,0.0,0.0,0.0,0.0,0.0,0.0,1.3816150636223703e-08,2.027383826523531e-08,2.939335153638746e-08,6.280014438516234e-08,8.845898584013368e-08,1.23396882767993e-07,1.705387986258411e-07,2.3359705086008262e-07,4.159332492451088e-07,5.567318673272285e-07,7.398010833916438e-07,9.762017011313303e-07,1.279460663698391e-06,1.6660203397527641e-06,2.1557586766643828e-06,3.352679135909548e-06,4.264768513117452e-06,5.396592296105779e-06,6.794105760228961e-06,8.511378743251253e-06,1.0611752228477337e-05,1.3169119447776437e-05,1.6269335339975877e-05,2.2927373487883205e-05,2.797083746691406e-05,3.399286263772491e-05,4.115706489496838e-05,4.9649837289887446e-05,5.968283713887009e-05,7.149566311775383e-05,8.535872252892023e-05,0.00010157629635471219,0.0001204898042517839,0.00015670001801181308,0.0001842302871430987,0.00021599381121467057,0.0002525443281784413,0.000294494433901591,0.00034252023065931773,0.0003973661729064436,0.000459850115996929,0.0005308685516059029,0.000611402032389337,0.0007025207599803853,0.000860836976374715,0.000982848484549324,0.0011198304482465508,0.0012733151067088014,0.0014449568634996312,0.0016365386106004859,0.0018499780740574337,0.002087334146548711,0.0023508131604755332,0.0026427750854395218,0.002965739569620804,0.0034851028883479433,0.0038924069919231466,0.004340301058249659,0.004832054621776829,0.005371124880542218,0.005961160654584273,0.006606005786057904,0.0073097018397881965,0.00807649005923366,0.008910812465204627,0.00981731201056328,0.010800831693341941,0.012278043752913196,0.013458746533560356,0.01473363783315624,0.016108374893813386,0.017588790659347934,0.019180884238168674,0.020890809602309515,0.022724862415921886,0.024689464908179318,0.026791148734805002,0.029036535740386442,0.03143231659100705,0.034837315659050974,0.037598536808412956,0.04053196297355873,0.04364430959771596,0.046942217917697725,0.0504322206503717,0.05412070582821156,0.05801387894611891,0.062117723574829066,0.06643796074887291,0.07098000729253101,0.07574893346515642,0.08223674658889679,0.08753044967114515,0.09306472728266417,0.09884278067154129,0.10486725018877706,0.11114017681706978,0.11766296591558462,0.12443635369081904,0.13146037683991763,0.13873434585061256,0.14625682238888885,0.15402560116974126,0.16426036356066553,0.17256999506554185,0.1811143612757575,0.18988801707106298,0.19888473826968228,0.20809753688822066,0.21751868229570442,0.22713972812884692,0.23695154485396516,0.2469443576713736,0.2571077894565279,0.2702603491020493,0.2807751307567086,0.2914249232023937,0.30219739464109047,0.3130798896905181,0.3240594923795938,0.33512309025498227,0.3462574390105376,0.3574492269156879,0.36868513845164175,0.37995191655193133,0.39445811878706327,0.4057667691619428,0.417065686876244,0.4283424312451116,0.43958489656151695,0.45078135553431825,0.46192049839443367,0.47299146764386135,0.4839838882142703,0.49488789312542697,0.5056941445927816,0.5197309872541354,0.5303111353302007,0.540767429525666,0.5510928244400572,0.5612808469849757,0.5713255931263871,0.5812217214916308,0.5909644439501909,0.600549513725174,0.6099732111595462,0.6192323273904767,0.6315353394823999,0.6404355138707415,0.6491636446467475,0.6577184274756437,0.6660989658047473,0.6743047481698783,0.6823356252188485,0.6901917866898956,0.697873738505026,0.7053822802079415,0.7156801114912881,0.7228144290288336,0.7297791381366572,0.7365760325817806,0.7432070925399213,0.7496744657078449,0.7559804492693878,0.7621274727973069,0.7681180819695697,0.7739549232370395,0.7822897402361617,0.787793458788826,0.7931520585397933,0.798368471067716,0.803445663827359,0.8083866300082029,0.8131943792479503,0.817871929102284,0.8224222972679431,0.8268484943783554,0.8334749959241362,0.8376286926321999,0.841667590119693,0.8455946157154339,0.8494126623554704,0.8531245848858791,0.8567331968771192,0.8602412677870779,0.8636515205189466,0.8690057333030942
0.018251834943190423,8.674745141280864e-10,0.0,0.0,0.0,0.0,0.0,0.0,0.0,0.0,0.0,0.0,0.0,0.0,0.0,1.8762527100216947e-08,2.711496924830907e-08,3.8742201336953814e-08,5.47588867089047e-08,1.1379801392861019e-07,1.5681033535395827e-07,2.1418136488193616e-07,2.900786283477184e-07,3.89698019556515e-07,6.795501162773379e-07,8.942970529050892e-07,1.1690681679311776e-06,1.5184392379753784e-06,1.959986671008992e-06,2.514791002752106e-06,3.897761188777711e-06,4.920261387481127e-06,6.179857149596501e-06,7.724157704178917e-06,9.608813334453957e-06,1.1898605890273419e-05,1.4668644995654076e-05,1.8005680638252842e-05,2.2009535794052113e-05,3.073720587268671e-05,3.7138366954861235e-05,4.471156524327779e-05,5.3640918572859535e-05,6.413445806527138e-05,7.642653209634449e-05,9.07803715216209e-05,0.00010749081603880646,0.0001268872062167417,0.0001650633859496625,0.0001931715885471582,0.00022546002691884283,0.00026245583221387993,0.0003047398429435856,0.0003529506145275855,0.0004077885860472344,0.00047002039569923925,0.0005404833448128352,0.0006200899939096619,0.0007098328831479359,0.0008705241942370517,0.0009903232140068097,0.0011243607995206713,0.0012740432840894344,0.0014408843934497874,0.0016265104449437605,0.0018326655458084829,0.002061216748651077,0.00231415914212175,0.002593620844600391,0.002901867854505827,0.0032413087282670105,0.003801133694813436,0.0042264446411911785,0.004692156811492856,0.005201346891058172,0.0057572547864840505,0.006363286170309068,0.007023014469395252,0.007740182233882459,0.008518701812170886,0.009362655273444225,0.010276293490871821,0.011264034322035673,0.012787696799238024,0.013967536342756475,0.015237223974989214,0.016601853074233838,0.018066657865816238,0.019637004375336404,0.021318379913023423,0.023116381097932348,0.025036700297324212,0.027085110499077088,0.029267448533949813,0.03158959665788765,0.034981857428982056,0.03764824801410354,0.040473767418713176,0.0434642685048331,0.04662552919786325,0.04996322426931666,0.05348289578195032,0.057189922306859896,0.06108948707342641,0.06518654522857503,0.06948579041298955,0.07399162087438914,0.08029596854558592,0.08528684161294967,0.09049641896620032,0.09592752497515498,0.10158251756408823,0.10746325761198569,0.11357108012377076,0.11990676737598663,0.12647052453167829,0.13326195794921403,0.14028005656791173,0.14981602784362413,0.157343104943515,0.16508991749050814,0.17305278223182716,0.1812273598064218,0.189608660035189,0.19819105168719214,0.20696827671044904,0.21593346883904543,0.22507917659032087,0.23439739038479748,0.24682805782743075,0.2565139224398219,0.26634406536743693,0.276308525260819,0.28639697577700574,0.29659877209675606,0.30690299922279984,0.317298521648367,0.3277740338809875,0.33831811135486417,0.3489192612829598,0.3595659729817173,0.37368329687056845,0.38441099421412356,0.3951483685031193,0.4058843134480378,0.4166079386000112,0.42730860820534167,0.4379759770417181,0.4486000231743709,0.45917107744190516,0.46967984957674663,0.4837183932755897,0.4940774994489095,0.5043474099509595,0.5145205850579159,0.5245899458836841,0.534548880406444,0.5443912465486168,0.5541113724790062,0.5637040543064957,0.5731645513854896,0.5824885794429012,0.5952067244868904,0.6042284013711483,0.6131024877476826,0.6218264724173257,0.6303982397269564,0.6388160537817047,0.6470785418477659,0.6551846772117601,0.6631337615955598,0.6709254073312846,0.6818753336955554,0.6893226409153139,0.6966127109749818,0.7037462609377815,0.7107242279702436,0.7175477524562368,0.7242181614947539,0.7307369529145802,0.7371057798862122,0.7433264361224213,0.7494008416159538,0.7583081548796509,0.7640619447760907,0.7696760119018494,0.7751526748382219,0.7804943160210538,0.7857033714962671,0.7907823214954541,0.7957336814896344,0.8005599939934183,0.8079385224116845,0.81248736799207,0.8169192582654182,0.8212367812759108,0.8254425183017307,0.8295390389339001,0.8335288965513683,0.8374146242557137,0.8411987312419412
0.01956398343517063,8.005667585344091e-10,0.0,0.0,0.0,0.0,0.0,0.0,0.0,0.0,0.0,0.0,0.0,0.0,0.0,0.0,0.0,3.5611132391712705e-08,5.0179088553804994e-08,6.998840910556532e-08,1.441323118160055e-07,1.9628933952146274e-07,2.6509312633243625e-07,3.551544864773242e-07,4.7216806964089796e-07,8.190150674546193e-07,1.067802010242365e-06,1.3833202308079062e-06,1.7810857653721593e-06,2.279661958706154e-06,2.901145704032329e-06,3.6717116323051815e-06,5.619652502417771e-06,7.007475241280928e-06,8.697331726938326e-06,1.074591761562458e-05,1.3218825535532887e-05,1.619165299443535e-05,1.9751208156500437e-05,2.3996819447033607e-05,3.350551318699742e-05,4.025446552772242e-05,4.819613355503148e-05,5.7510820437179955e-05,6.840125222885398e-05,8.109471528456406e-05,9.584532473587087e-05,0.00011293642444647007,0.00013268312043851016,0.0001554349494451122,0.00020124623847553953,0.00023385153714209367,0.0002710539465419589,0.00031340011404713727,0.0003614887062060389,0.00041597394903978625,0.0004775692836645231,0.0005470511243939397,0.0006252627146868686,0.0007131180700819393,0.0008756854516235508,0.0009926604261745044,0.0011230973068357092,0.0012682783689249898,0.001429579555764024,0.0016084747141800666,0.0018065397909083963,0.002025456989316981,0.002267018844557829,0.002533132197671409,0.0028258220408885,0.003147235194609464,0.0036959287514383354,0.0040978976785094505,0.004536888532081316,0.005015623061489011,0.005536961019027425,0.006103902023149788,0.006719586972439299,0.007387298956536887,0.008110463605854427,0.0088926488565392,0.009737564032904988,0.010649058235822724,0.01210537877985329,0.013192719554737178,0.014360524955639192,0.01561321703342127,0.016955336279572335,0.018391534392768617,0.019926565967265015,0.02156527903639955,0.023312604443789096,0.025173544010783293,0.027153157465904815,0.029256548126109675,0.03243932808503871,0.03485333192320669,0.03740815308301482,0.040108910517380365,0.04296067332405888,0.04596843895141869,0.04913711034391945,0.05247147212235358,0.05597616589658785,0.05965566482453192,0.06351424756978545,0.06755597179066178,0.0734122439826936,0.07789285428443248,0.08256831498626997,0.08744148627956477,0.0925148704002648,0.09779058647209878,0.1032703463940055,0.10895543199591302,0.11484667373256334,0.12094443114626864,0.12724857535187095,0.13375847374914734,0.14289472695821606,0.1498764659995713,0.15705896723829993,0.16443940048080805,0.17201439490124262,0.17978004138292775,0.187731898169323,0.19586499983915442,0.2041738696049546,0.21265253488776012,0.22129454609255708,0.23320694078855758,0.24220741022701855,0.25134819619729276,0.2606211209984699,0.270017669244895,0.2795290223833906,0.28914609487680043,0.2988595717614751,0.3086599472323485,0.3185375639295621,0.32848265260105375,0.34211071556757877,0.35219228314489986,0.36231008202994147,0.37245427317166485,0.3826151023609019,0.3927829354259892,0.40294829174232094,0.4131018758196733,0.4232346068446816,0.4333376459457997,0.4434024211657523,0.457292489738113,0.46726242040874355,0.4771686116695969,0.4870037919922177,0.49676104653293707,0.5064338269532622,0.5160159588406381,0.5255016468288789,0.5348854775054671,0.5441624202754655,0.5533278262215109,0.5662323547808703,0.5751476872020834,0.5839387465694755,0.5926024149466054,0.6011359258684453,0.6095368543662774,0.6178031060421166,0.6259329053599177,0.6339247832877688,0.6417775644027356,0.6531565427220777,0.6607012587775373,0.6681045086840497,0.6753661989192649,0.6824864597322375,0.689465631407842,0.6963042504943163,0.703003036448567,0.7095628784543069,0.7159848225659415,0.7256443159730933,0.7317599926038453,0.7377417211692227,0.7435910820523772,0.749309752887033,0.754899498383605,0.7603621605992439,0.7656996497121581,0.7709139352786488,0.7760070379951602,0.7840150207658148,0.7888357992861473,0.7935419822426576,0.798135734382298,0.802619236323688,0.8069946790542872,0.811264258888624
0.02097046401323233,7.875721642485602e-10,0.0,0.0,0.0,0.0,0.0,0.0,0.0,0.0,0.0,0.0,0.0,0.0,0.0,0.0,0.0,0.0,4.595409865495122e-08,6.389966595379621e-08,8.800192605138898e-08,1.2008865573420123e-07,2.4212762207220026e-07,3.234709842389925e-07,4.288678516043722e-07,5.644729620958706e-07,7.377721606295442e-07,1.2596697582260443e-06,1.6176934170870135e-06,2.0653322728476184e-06,2.6219623153402348e-06,3.3104789300361085e-06,4.1578114464129155e-06,5.195491699169747e-06,7.869394654677845e-06,9.700745891530158e-06,1.1906529820003223e-05,1.4552501465432329e-05,1.7714006057969925e-05,2.14770740177949e-05,2.5939604350850946e-05,3.121263677510843e-05,4.3292297459057824e-05,5.155468337156495e-05,6.119590875606889e-05,7.241185201435578e-05,8.542110000953095e-05,0.00010046693173015886,0.00011781940741788214,0.00013777756411525508,0.00016067171236849618,0.0002083310765837092,0.00024104137884773216,0.00027821034494846214,0.00032034863584192846,0.00036801340031156497,0.0004218112515653881,0.0004824013269059141,0.0005504984178658268,0.0006268761674570988,0.0007123703256425026,0.0008078820490998622,0.000989912667321963,0.001116158742183771,0.0012562188474563307,0.0014113355040859027,0.0015828356884035354,0.0017721341890040332,0.0019807369034841754,0.0022102440644286145,0.0024623533569720114,0.002738862921255297,0.0030416742042834754,0.0033727946424006268,0.003956614066535251,0.004368522303175016,0.004816574640676471,0.005303280271134568,0.005831265504598581,0.006403274726306087,0.007022170955767377,0.007690935962767053,0.008412669908162564,0.00919059046812278,0.01002803140390214,0.010928440534233669,0.01241680486292701,0.01348656483348635,0.014631862013899783,0.015856612030946793,0.017164823495841863,0.01856059144926288,0.020048089947991482,0.021631563774350843,0.02331531923599419,0.025103714055269257,0.02700114631159966,0.029012042452946713,0.032163535722473297,0.03446458580930444,0.036894072085099476,0.039456405478418756,0.04215594856982042,0.044996998088126836,0.04798376665699286,0.05112036386237687,0.054410776703581985,0.057858849538615725,0.0614682636132202,0.06524251628770768,0.07091092486511039,0.07508834613780113,0.07944095913013959,0.08397127498503487,0.088681513582413,0.09357358391918172,0.09864906524391924,0.10390918912911458,0.1093548226851072,0.11498645302216132,0.12080417319509479,0.1292904172903235,0.13554607358735563,0.14198584163446,0.14860805742477615,0.15541061827608832,0.16239098080023556,0.1695461612319543,0.1768727381596963,0.1843668577057572,0.19202424116204933,0.19984019506101297,0.20780962364538944,0.21920626900128265,0.22752296974977207,0.23597469238144853,0.24455483558368726,0.25325649331542494,0.26207247975016323,0.27099535568631355,0.2800174562293273,0.28913091949878716,0.2983277161855831,0.30759967966742235,0.3207808253590619,0.3302147382779793,0.33969723462279355,0.34921988140918464,0.358774263504386,0.3683520124979749,0.37794483462524303,0.3875445375301727,0.39714305578972914,0.4067324749914554,0.4163050542624473,0.4300033630874224,0.4395317092323696,0.4490196400435146,0.4584603238500126,0.4678471918982564,0.4771739500776371,0.48643458885192703,0.495623391390688,0.5047349399157536,0.5137641203716055,0.526906015355681,0.5357475772656842,0.5444920689633569,0.5531356506552118,0.5616747871210394,0.5701062437415088,0.578427081426954,0.5866346505467098,0.5947265840531004,0.6027007897801062,0.6105554421066263,0.622330364962345,0.6299168671097264,0.6373792227842092,0.6447166219211039,0.6519284714661268,0.6590143848358535,0.6659741713445095,0.6728078255587681,0.6795155167375111,0.6860975783813629,0.6963251362278894,0.7026243811238293,0.7087997321384378,0.7148521086667933,0.7207825433725991,0.7265921730416426,0.7322822297988478,0.7378540326235334,0.7433089792038354,0.7486485381788522,0.7573084080963515,0.7623850888280752,0.7673513317750495,0.7722088351651052,0.776959333412063
0.02247805833548725,7.116699439834686e-10,0.0,0.0,0.0,0.0,0.0,0.0,0.0,0.0,0.0,0.0,0.0,0.0,0.0,0.0,0.0,0.0,0.0,0.0,8.004372126435518e-08,1.089063884381952e-07,1.468991729219593e-07,1.965153440167362e-07,3.8926235293276845e-07,5.109435044264939e-07,6.660336238360995e-07,8.624463420167327e-07,1.1096713812540226e-06,1.8700783509377077e-06,2.3681306980902903e-06,2.9826863934376915e-06,3.7371975228459734e-06,4.659059093136904e-06,5.780136466715602e-06,7.137342354414994e-06,1.0719405377615926e-05,1.3072338615695324e-05,1.5877611877867693e-05,1.9209587674156265e-05,2.315270755938721e-05,2.78025486970856e-05,3.326695350627335e-05,3.966723346552833e-05,5.473057889759799e-05,6.463309458574108e-05,7.60968150854847e-05,8.933019642991697e-05,0.00010456420978653685,0.00012205413906597532,0.0001420814611506776,0.00016495580236521414,0.00019101697794382492,0.00024692126519867795,0.0002838197619554625,0.00032548669006722243,0.0003724367499913765,0.000425228306359881,0.00048446591647800444,0.0005508029108934025,0.0006249440093431875,0.0007076479775411521,0.0007997303057231651,0.0009020659036098126,0.0011037416411332464,0.0012381464492145632,0.001386533376307786,0.0015500893800346202,0.0017300763361911653,0.0019278336222952521,0.0021447806240299395,0.0023824191527055307,0.002642335747236605,0.002926203849472432,0.0032357858308372676,0.003804585011956233,0.004189346076959043,0.004606811183829226,0.005059168804473356,0.005548704705986844,0.006077802561338108,0.0066489442366351745,0.007264709735597894,0.007927776767410646,0.008640919918331134,0.00940700939028735,0.010229009286015578,0.011646694239462,0.012622789219936027,0.013665787268206652,0.014779045126509054,0.01596599651820898,0.017230147000104785,0.018575068177458832,0.020004391265697967,0.021521799980649882,0.02313102275115292,0.024835824238857045,0.026639996167369208,0.029591956801837006,0.03165663633408696,0.033833785638691855,0.03612721144343211,0.038540688896838815,0.04107794827428026,0.04374266112631515,0.046538425893053376,0.04946875304759851,0.052537049825213705,0.0557466046019281,0.05910057099922408,0.06436023559796519,0.06807669150822279,0.07194729945606779,0.07597447864192122,0.08016042966904341,0.08450711894423923,0.08901626350978505,0.09368931644130356,0.09852745291588742,0.10353155708340178,0.1087022098580098,0.1140396777366962,0.12214963157616983,0.12789015159176137,0.13379662878299592,0.13986791603400786,0.14610251367194474,0.15249856686283067,0.15905386468729546,0.1657658409440805,0.17263157671631252,0.1796478047201532,0.18681091543424305,0.1974971237113265,0.20500389020546253,0.2126440500206008,0.2204126543063821,0.22830446972107793,0.2363139946189479,0.24443547656537554,0.25266293108546056,0.26099016149751647,0.26941077971125327,0.277918227828071,0.28650580040007234,0.2992251587526386,0.3079944968836347,0.3168217365118128,0.32569978386637377,0.33462151646052535,0.3435798059755489,0.35256754069642876,0.36157764737483544,0.3706031123772462,0.37963700200943157,0.38867248190699416,0.40213489865499946,0.41117156419572864,0.4201885056539817,0.4291794723352018,0.43813839561156026,0.4470594010903161,0.4559368194660882,0.46476519603837174,0.47353929892233393,0.4822541259374179,0.49544719567990364,0.5040261302095723,0.5125309151247333,0.5209575485195762,0.5293022750753243,0.5375615858236708,0.5457322168780564,0.5538111473000082,0.561795596105105,0.5696830184892683,0.5774711013873858,0.5895957476462044,0.597158336807002,0.6046152109095604,0.6119649690154001,0.6192064108750881,0.6263385296089067,0.6333605041777698,0.6402716916398667,0.6470716192978495,0.6537599767411251,0.6645352222563989,0.6709688696829549,0.6772906107203701,0.6835007371779768,0.6895996624354116,0.6955879137540742,0.7014661248195831,0.707235028429142,0.7128954493431409,0.7184482974174113,0.7277695414763061,0.7330736830856697,0.7382734948468179
0.024094035602395245,6.750074905511552e-10,0.0,0.0,0.0,0.0,0.0,0.0,0.0,0.0,0.0,0.0,0.0,0.0,0.0,0.0,0.0,0.0,0.0,0.0,0.0,0.0,0.0,1.7702085637343863e-07,2.3429585799044693e-07,3.077955549941091e-07,6.00748273020947e-07,7.758412141297276e-07,9.956579504186475e-07,1.2700213049700762e-06,1.61055819740688e-06,2.6854473156242162e-06,3.356544934617505e-06,4.174534321306309e-06,5.166974122752083e-06,6.365712495056485e-06,7.807413795553749e-06,9.534126060780222e-06,1.4223300041003823e-05,1.717056490486123e-05,2.0650984414525557e-05,2.474664625052105e-05,2.9549977929105843e-05,3.516473752165723e-05,4.170706406602237e-05,4.9306589662014764e-05,6.776148148109037e-05,7.939045218993599e-05,9.275212989247734e-05,0.0001080639763712452,0.0001255653192812126,0.00014551894296560618,0.0001682127372929018,0.00019396140460289834,0.00022310822271116374,0.00028780188492433744,0.00032874500605033176,0.0003747050471048841,0.00042619220271983835,0.00048375694428709845,0.0005479921160575819,0.0006195350548243842,0.0006990697258941773,0.0007873288700167322,0.0008850961513775661,0.0009932083012869019,0.0012144147069796545,0.001355628222925408,0.0015108065483377187,0.0016810678564161124,0.0018675957047493102,0.0020716409587084672,0.0022945236251056085,0.0025376345905633244,0.002802437247477698,0.0030904689920085216,0.003403342580089701,0.004001610925406645,0.004388873616180815,0.004807476716639534,0.005259397709525499,0.005746694589735056,0.0062715059544449815,0.00683605082466467,0.007442628176783543,0.008093616164645021,0.00879147101578472,0.00953872557985568,0.010337987511321478,0.011775720402006746,0.012721932046945435,0.01372998658226177,0.014802807463926038,0.015943377179661614,0.017154732747795474,0.01843996073704275,0.019802191796457893,0.021244594685831415,0.02277036980530187,0.02438274221866406,0.026084954169212478,0.028994370030075146,0.030938251196469282,0.03298339519514822,0.03513304048344849,0.03739039562285444,0.03975862884630925,0.042240857232544574,0.04484013552670557,0.047559444628148796,0.050401679806391764,0.05336963868450811,0.05646600904940799,0.06154416836235454,0.06497174781511757,0.06853630270911246,0.07223992803415834,0.07608454447344253,0.08007188650842222,0.08420349080461784,0.08848068504415063,0.09290457720715425,0.09747604542594274,0.10219572848804045,0.10706401706047643,0.11480594179205418,0.12004414667079147,0.1254309870434273,0.13096572801551554,0.13664735461417998,0.14247456902631167,0.148445789007617,0.15455914752281,0.1608124936252035,0.1672033946103256,0.17372913944295643,0.18392130995723172,0.19077350826032544,0.19775025822093487,0.20484773141829352,0.21206185793411586,0.21938833724218929,0.22682265013412567,0.23436007163982217,0.24199568482961692,0.2497243954414744,0.25754094722603255,0.2654399379115231,0.2776865364221671,0.2857814628721641,0.2939405966527047,0.3021580868923883,0.31042802497308286,0.3187444620650409,0.327101426535312,0.335492941136871,0.34391303985224475,0.352355784342713,0.3608152798815993,0.37399907010972977,0.3824991873808353,0.3909972391999762,0.3994876571681367,0.40796498865684727,0.4164239082720211,0.42485922842963136,0.4332659090100724,0.44163906607983394,0.44997397967911806,0.45826610067151485,0.4714046100141246,0.4795997875515017,0.487738277516964,0.4958162951326887,0.5038302480332189,0.5117767377124972,0.5196525601851807,0.5274547059029845,0.5351803589981702,0.5428268958659143,0.5552429512979535,0.5627081587485037,0.5700866005632274,0.5773764349277127,0.5845759968152228,0.5916837935415072,0.5986985000437628,0.6056189538149188,0.612444149679354,0.6191732342982373,0.6304597981620569,0.6369663738337851,0.643374678237209,0.6496844417037398,0.6558955164930524,0.6620078707776479,0.6680215827731034,0.6739368348280325,0.6797539076393246,0.685473174529624,0.6954494283220731
0.02582618760682675,6.503581904528023e-10,0.0,0.0,0.0,0.0,0.0,0.0,0.0,0.0,0.0,0.0,0.0,0.0,0.0,0.0,0.0,0.0,0.0,0.0,0.0,0.0,0.0,0.0,0.0,0.0,0.0,4.6286321062353833e-07,5.941756090171566e-07,7.58012851302926e-07,1.4362225313886403e-06,1.8066614436394798e-06,2.260525010729456e-06,2.8138741302498843e-06,4.6146859653586505e-06,5.672038186960433e-06,6.940788467259536e-06,8.456961024273039e-06,1.0261626636683287e-05,1.240144819509649e-05,1.8406834837104787e-05,2.201025561955396e-05,2.622744625438399e-05,3.114694153135451e-05,3.686763421734302e-05,4.349968197689371e-05,5.116545918032941e-05,6.0000557680398736e-05,8.2232572893011e-05,9.562448885555076e-05,0.00011090276297018003,0.00012828990762242027,0.00014802924433966893,0.0001703862745829529,0.0001956500934464012,0.0002241348393534347,0.0002561811805459841,0.00033008449527500007,0.0003747989718655833,0.00042470872537242124,0.00048031132106580353,0.0005421408173708535,0.000610769454247365,0.0006868093528760249,0.0007709142076991029,0.000863780978454281,0.0009661515608297988,0.0010788144422871886,0.0013191342283562476,0.0014656152673036523,0.001625864098241144,0.0018009197848483458,0.001991877535152657,0.002199890070097074,0.0024261689048541393,0.0026719855372545785,0.002938672525730719,0.0032276244539879927,0.0035402987630044334,0.004165185686206772,0.0045508964669244995,0.004966318473667807,0.0054132178333490405,0.005893426261229339,0.006408840802361251,0.006961423350557234,0.007553199927504032,0.008186259719744534,0.00886275385047517,0.009584893879035737,0.010354950014138362,0.011806136794081313,0.012715547008435652,0.013681617006830642,0.014706868505696784,0.015793867657179238,0.01694522120686662,0.018163572298566688,0.01945159592011948,0.020811993983045805,0.022247490040028857,0.023760823640658797,0.02535474432337876,0.02821401316873507,0.030031286969634145,0.03193907026110524,0.03394009770016208,0.03603707663009011,0.03823267902285087,0.040529533114627855,0.04293021482798565,0.045437238969398636,0.04805305024518884,0.050780014129816815,0.05362040762409688,0.058516122373493594,0.06165838476222335,0.0649215945532505,0.06830755547395752,0.07181793372648275,0.07545424900231373,0.07921786572447478,0.08310998457862287,0.0871316343756212,0.09128366431042602,0.09556673666957985,0.09998132003643086,0.10736620176786357,0.11211936387428076,0.11700473792491521,0.12202190543009231,0.12717022798900982,0.1324488446508747,0.13785667008758584,0.1433923936196276,0.1490544791027382,0.15484116570995712,0.1607504695998517,0.16678018649279666,0.17667969182568224,0.18301208459642146,0.189456545534566,0.19600997282318577,0.2026690710184708,0.20943035891415865,0.21629017816493057,0.22324470261045268,0.23028994825046023,0.23742178382551485,0.24463594192786306,0.2564034646901785,0.2638223322412393,0.27130885731381604,0.27885831128772776,0.28646589296585556,0.29412674157657026,0.30183594979273126,0.30958857677178364,0.31737966106717097,0.32520423340024385,0.3330573292067898,0.3459232977137375,0.35384995333785074,0.36178891644862254,0.36973535740664826,0.3776845110118968,0.38563168652911495,0.3935722771928291,0.401501769085304,0.4094157494198817,0.4173099141999249,0.4251800752249083,0.4382709847714216,0.4460894450876158,0.45387072949205487,0.46161119320200594,0.46930733374513045,0.4769557939690186,0.48455336449397046,0.4920969855239315,0.4995837481279825,0.5070108949405182,0.5196500792401493,0.526940094172415,0.5341621066609784,0.5413139966275077,0.5483937919718059,0.5553996665054033,0.5623299375617726,0.5691830632516068,0.5759576394927967,0.5826523967490912,0.5892661965439547,0.600905611380943,0.6073297214212489,0.6136696353943424,0.6199247332907519,0.6260945057713625,0.6321785498825578,0.6381765647338254,0.6440883471360209
0.02768286630392064,6.201658593006156e-10,0.0,0.0,0.0,0.0,0.0,0.0,0.0,0.0,0.0,0.0,0.0,0.0,0.0,0.0,0.0,0.0,0.0,0.0,0.0,0.0,0.0,0.0,0.0,0.0,0.0,0.0,0.0,0.0,0.0,1.0661938473764484e-06,1.3337758511087019e-06,1.6597921803933068e-06,3.074157645029788e-06,3.780811293709758e-06,4.628716171161174e-06,5.641852155694214e-06,9.071982894227144e-06,1.0939756777565738e-05,1.3141445438504582e-05,1.5727550380900303e-05,1.8754771605318502e-05,2.7564635292068608e-05,3.256028723496118e-05,3.834008869543644e-05,4.500755129820691e-05,5.2677133535788015e-05,6.147508348509529e-05,7.15403138791546e-05,8.302531349753967e-05,0.00011302845586126227,0.00013017870662013128,0.0001495681623326221,0.0001714396721995274,0.00019605664861629507,0.00022370424501399116,0.00025469055881794186,0.0002893478520066454,0.0003280337900945251,0.00042082085442861925,0.00047420652789011863,0.0005333675049729941,0.0005988138471283002,0.0006710894193307317,0.0007507732082586407,0.0008384806277847739,0.0009348648061956594,0.0010406178491056055,0.0011564720739486644,0.0014151838312514973,0.0015652546001148383,0.0017287284804346221,0.0019065581335777882,0.002099743644105122,0.0023093334418927422,0.0025364251439697677,0.0027821663077823946,0.0030477550880973836,0.0033344407883315885,0.0036435243037327013,0.003976358436754663,0.0046721956460213454,0.005080340651243873,0.005517916965068386,0.005986536516798718,0.006487863338209224,0.007023612904836537,0.007595551299923658,0.00820549417136815,0.008855305496753634,0.009546896128702529,0.010282222128946574,0.011740607582535392,0.012607415970970159,0.013525687260357955,0.014497575937394619,0.015525269239940383,0.016610983946635512,0.017756962911371917,0.01896547133370641,0.020238792779389083,0.02157922493421122,0.022989075110726714,0.024470655495375866,0.027273556475711495,0.028960886685577857,0.03072853514256655,0.032578793370160536,0.034513928592324376,0.03653617755213784,0.03864774015985452,0.040850772982284844,0.04314738259267342,0.045539618811123804,0.04802946783863801,0.050618845347708274,0.05533322879181926,0.058197139769006506,0.06116716479786656,0.06424484540886234,0.06743161565802851,0.07072879543082551,0.07413758391077795,0.07765905324497781,0.08129414244522962,0.0850436515629813,0.08890823616422208,0.09288840215996431,0.09992928798196231,0.10421855202689748,0.10862457582660079,0.1131471730466329,0.11778598666433518,0.12254048662873962,0.1274099680680481,0.1323935500810704,0.13749017511832118,0.1426986089826408,0.14801744142363596,0.15344508738632673,0.162873168122085,0.16858589474918903,0.1744013593748699,0.18031724721747977,0.1863310845282253,0.1924402436091085,0.19864194838380175,0.2049332805002676,0.21131118593614867,0.217772482063107,0.22431386516257254,0.23560100870646372,0.24235094159183385,0.24916940442138216,0.2560526534839634,0.26299686836584757,0.2699981612585077,0.27705258639949154,0.2841561495826692,0.29130481771562877,0.2984945283582699,0.3057211991978919,0.31298073743950683,0.3255619772243502,0.3329117760438791,0.34028081328808535,0.3476650369351498,0.35506043051613567,0.3624630210733807,0.369868886769566,0.3772741641302416,0.3846750548880996,0.39206783243202603,0.4050470001873633,0.412428353093118,0.41978953921151296,0.4271271896910185,0.4344380343633859,0.4417189054781528,0.44896674098241257,0.456178587349853,0.4633516020135966,0.4704830553326864,0.4775703321787818,0.4903072170518876,0.49729403211823275,0.5042284423206369,0.5111083272463539,0.5179316835197231,0.5246966241535985,0.5314013776123455,0.5380442866074093,0.544623806619181,0.55113850421056,0.5575870551088655,0.5695527650478764,0.5758449239908092,0.5820669159638402,0.5882178607655945,0.5942969747983042
0.029673024081888696,6.085749067190028e-10,0.0,0.0,0.0,0.0,0.0,0.0,0.0,0.0,0.0,0.0,0.0,0.0,0.0,0.0,0.0,0.0,0.0,0.0,0.0,0.0,0.0,0.0,0.0,0.0,0.0,0.0,0.0,0.0,0.0,0.0,0.0,0.0,0.0,0.0,0.0,0.0,3.982215709681798e-06,7.207298120917676e-06,8.658597181337239e-06,1.0362665050387346e-05,1.6417490813948053e-05,1.9468872178768146e-05,2.301016437095062e-05,2.7107363137209576e-05,3.183357243362314e-05,4.6198318327367965e-05,5.380929886607489e-05,6.249988512805244e-05,7.239767268812706e-05,8.36421346120274e-05,9.638539120079216e-05,0.00011079300247037504,0.00015010904757886408,0.00017135640064532974,0.00019517765276996893,0.00022182953824850956,0.00025158844139996743,0.0002847513647689506,0.00032163690683774756,0.0003625862431443583,0.0004079641114056971,0.0005218300437794725,0.0005838757842596446,0.0006521743025391314,0.0007272346909487674,0.0008095964312478631,0.0008998303673713712,0.0009985396516240205,0.0011063606629097232,0.0012239638910709208,0.0013520547844661284,0.0016519503568713863,0.001816743806753248,0.0019952873659105233,0.002188482384293552,0.0023972701797537205,0.002622632540536185,0.002865592150684896,0.003127212929546653,0.0034086002863339456,0.0037109012749637488,0.004035304651570365,0.004750706128445305,0.005147806939914297,0.005572148343784067,0.006025133037195789,0.006508204570930969,0.007022846617422537,0.007570582096395709,0.008152972151316,0.0087716149687633,0.009428144444400717,0.010124228679331796,0.010861568315451167,0.012403460851101722,0.013269380266881884,0.014183470978779745,0.015147579779308178,0.016163574371636916,0.01723334055656075,0.018358779233018648,0.019541803226623244,0.02078433393015938,0.02208829777560913,0.023455622533591333,0.024888233442053667,0.027753406853119646,0.029380500644535932,0.03108026971018474,0.03285459768643098,0.0347053423176348,0.03663433067924245,0.03864335430085721,0.04073416420426498,0.04290846587132714,0.04516791415893294,0.04751410817669167,0.049948586149001176,0.05464519874893136,0.05733311609017016,0.06011483971662267,0.0629915922508015,0.06596450811147965,0.06903462869832223,0.07220289772604828,0.07547015671270071,0.07883714066165563,0.08230447394178349,0.08587266641531949,0.08954210980793784,0.09643368394577152,0.10038575236321852,0.10444014510055517,0.10859670579022693,0.11285514507955245,0.11721503904077678,0.12167582796167264,0.12623681553823496,0.13089716848796548,0.13565591656580206,0.14051195301668537,0.14546403545107414,0.15460959515976552,0.15982543043103994,0.16513259103041875,0.17052925873419134,0.17601349065327626,0.18158322271632793,0.18723627354097178,0.1929703486757927,0.19878304518536188,0.2046718565825979,0.21063417804088616,0.2215791486388261,0.22774324396270315,0.23397163316909467,0.24026133881884662,0.24660931645471437,0.2530124612111232,0.25946761454273765,0.26597157103248076,0.27252108527032637,0.279112878743332,0.28574364673657965,0.297959585459604,0.3047019692751871,0.31147206690928125,0.31826652347209083,0.32508199310013247,0.3319151452535809,0.3387626708567658,0.34562128821438176,0.3524877487225099,0.3593588423312046,0.36623140276169247,0.3790600533870418,0.3859481630156463,0.39282723535764774,0.3996943351570683,0.4065465941193003,0.41338121435818614,0.4201954715432439,0.4269867177359369,0.43375238393578747,0.4404899823169551,0.44719710817559527,0.4599970611453052,0.4666377790922457,0.47324021150081663,0.4798023231349705,0.4863221678953604,0.49279788909726713,0.4992277195036004,0.5056099811352833,0.51194308487633,0.5182255298660273,0.5244559027159904,0.5367113104301672,0.5428182712358662
0.031806256927941194,4.404504911536216e-10,0.0,0.0,0.0,0.0,0.0,0.0,0.0,0.0,0.0,0.0,0.0,0.0,0.0,0.0,0.0,0.0,0.0,0.0,0.0,0.0,0.0,0.0,0.0,0.0,0.0,0.0,0.0,0.0,0.0,0.0,0.0,0.0,0.0,0.0,0.0,0.0,0.0,0.0,0.0,0.0,0.0,0.0,0.0,0.0,0.0,3.224791773519582e-05,3.757023372332964e-05,4.3646362462209615e-05,5.0564919726622335e-05,7.270871051969692e-05,8.36312307997935e-05,9.595772715485664e-05,0.00010983703943521746,0.00012543019240579816,0.00014291105357335527,0.00019303241175321875,0.0002185488479781215,0.0002469355281840749,0.00027845577425594374,0.0003133910852324476,0.000352041894068393,0.00039472832379310215,0.00044179093867094225,0.0004935914862756148,0.0006303628898584769,0.0007006607240029833,0.0007775606591576464,0.0008615579820038202,0.000953174504667079,0.0010529592325835431,0.0011614890019855154,0.0012793690824172447,0.001407233744674074,0.0015457467851442267,0.001887682088025009,0.002064908235585715,0.002255950466988762,0.0024616431883460323,0.0026828535400907436,0.002920481583102141,0.003175460415037639,0.0034487562131035494,0.003741368198777273,0.004054328522103737,0.004388702060822093,0.005168235838550786,0.005575902231990215,0.006009739669156534,0.006470986725696466,0.0069609126989422,0.00748081676229576,0.008032027009031951,0.008615899379128633,0.009233816473749063,0.00988718624590436,0.010577440575365879,0.011306033716332651,0.012921623795406787,0.013774810766099415,0.014672466791883661,0.015616150789729624,0.01660743371367213,0.017647896182877557,0.01873912598764317,0.01988271547306039,0.021080258807095232,0.022333349134685813,0.023643575620849074,0.025012520390252764,0.027923675003038398,0.02947537067909669,0.031092110320876755,0.032775424097679265,0.03452681686569102,0.036347764556435395,0.038239710520717424,0.0402040618283305,0.042242185542164246,0.044355404974224494,0.046544995936618455,0.04881218300326309,0.05347434667470556,0.05597479988746493,0.05855749030991326,0.06122338147845988,0.06397336579601835,0.06680826113511129,0.06972880755299822,0.07273566413727578,0.07582940598936216,0.07901052136990334,0.0822794090134946,0.08563637562616579,0.09237036370016104,0.09598553483087366,0.09968980318148926,0.10348304607176524,0.10736503839529613,0.11133545154760059,0.11539385262332953,0.1195397038849056,0.12377236251075194,0.12809108062746646,0.13249500563093788,0.1369831807908244,0.1458494293896753,0.15058151746940296,0.15539427434546568,0.16028629278745082,0.1652560688687468,0.17030200434887968,0.1754224093205136,0.18061550510362734,0.18587942738832158,0.19121222959932815,0.19661188648500277,0.20722119158349797,0.21281514868386814,0.2184687184443585,0.22417956519025906,0.2299452962700998,0.2357634666695739,0.24163158370901303,0.24754711183828618,0.253507477475001,0.25951007389455283,0.26555226614204736,0.2774668148084022,0.2836293011013367,0.28982222449093337,0.2960428701041138,0.3022885205570319,0.30855646064289166,0.3148439819154033,0.32114838716786226,0.3274669947820769,0.3337971429443929,0.34013619370848364,0.3464815369112014,0.35917018843219295,0.36554752838383564,0.37192228939190625,0.37829201309672694,0.3846542869553339,0.3910067470138176,0.3973470804838409,0.4036730281110088,0.4099823863508457,0.4162730093369575,0.42909735375971164,0.43535236004163014,0.44158143682569745,0.4477827024014078,0.45395434023340486,0.4600945997288941,0.4662017968186939,0.4722743144034153,0.47831060259740393,0.4843091788378085
0.03409285069746811,3.719541187753046e-10,0.0,0.0,0.0,0.0,0.0,0.0,0.0,0.0,0.0,0.0,0.0,0.0,0.0,0.0,0.0,0.0,0.0,0.0,0.0,0.0,0.0,0.0,0.0,0.0,0.0,0.0,0.0,0.0,0.0,0.0,0.0,0.0,0.0,0.0,0.0,0.0,0.0,0.0,0.0,0.0,0.0,0.0,0.0,0.0,0.0,0.0,0.0,0.0,0.0,0.0,0.0,0.0,0.0,8.637794423276033e-05,0.000122937591286928,0.0001395178974760301,0.00015799663275983746,0.00017855070290906982,0.00020136939701017952,0.0002266549126162595,0.0003034425014880751,0.0003396825169822461,0.0003795737678457415,0.0004234117783709228,0.00047150947275440534,0.000524197716831453,0.0005818258454819985,0.0007428267301034341,0.0008205737245048786,0.0009051271702542444,0.0009969572080987146,0.0010965564589205856,0.001204440439327342,0.0013211479469130117,0.001447241411045156,0.0015833072082334474,0.0017299559378613197,0.0021137953114524956,0.0023006440055414823,0.002501102063327624,0.002715925806439669,0.002945897589093155,0.0031918257634080236,0.003454544586182518,0.0037349140635848143,0.004033819732927534,0.0043521723784303995,0.0046909076783967505,0.005530423503304364,0.00594218700599822,0.006378684820603692,0.006840991107379336,0.00733020230501868,0.007847436273267547,0.008393831351010411,0.008970545334136253,0.009578754365289441,0.010219651742131897,0.010894446637231782,0.011604362732284728,0.013283079881018737,0.014112738432601775,0.014982906957326165,0.015894881858312997,0.016849965211475953,0.017849462833197913,0.018894682270571908,0.01998693071490444,0.021127512838387142,0.02231772856806871,0.02355887078633492,0.024852222974066904,0.02779376169663389,0.029257970761407535,0.030779784611922,0.03236043178158435,0.0340011174039473,0.03570302054921212,0.03746729153700256,0.039295049238146265,0.041187378371888454,0.04314532680530593,0.04516990286445462,0.0472620726677132,0.051875249845684625,0.05418160468826754,0.0565594652828851,0.059009585449339826,0.06153266252056105,0.06412933498967471,0.06680018024004704,0.06954571237826353,0.07236638016294761,0.07526256506204647,0.07823457941889542,0.08128266476132669,0.08785308599519767,0.09113692208744034,0.09449781583190313,0.09793567561369702,0.10145033179246654,0.10504153599669892,0.10870896060247148,0.11245219839116227,0.11627076239402204,0.12016408593207009,0.12413152284034343,0.1281723478883369,0.13676367236482634,0.14102989822390705,0.14536686685212502,0.14977350366826248,0.15424865997309573,0.15879111456071227,0.16339957550156217,0.16807268209786977,0.1728090070011583,0.17760705848358083,0.18246528286132868,0.18738206705419913,0.19779015767640165,0.20288909195124527,0.20804078671765916,0.21324338691109268,0.21849499347828719,0.2237936666116684,0.22913742904742848,0.2345242694226769,0.23995214566898193,0.24541898843945217,0.2509227045573168,0.26262230201528736,0.26824675433851436,0.2739006737912056,0.2795818898801474,0.28528822659347275,0.2910175057395772,0.29676755023138107,0.30253618730157955,0.3083212516483308,0.3141205884994288,0.31993205658000456,0.33243990072777185,0.33830294340981415,0.3441706423141546,0.3500409383202227,0.3559118001361953,0.36178122659650297,0.36764724882337757,0.37350793227184376,0.37936137863818076,0.38520572764067296,0.3910391586708482,0.4038493761096726,0.40966960121505874,0.41547261247414435,0.42125677492889707,0.42702050016609966,0.43276224715858297
0.036543830709572546,3.6457467356689553e-10,0.0,0.0,0.0,0.0,0.0,0.0,0.0,0.0,0.0,0.0,0.0,0.0,0.0,0.0,0.0,0.0,0.0,0.0,0.0,0.0,0.0,0.0,0.0,0.0,0.0,0.0,0.0,0.0,0.0,0.0,0.0,0.0,0.0,0.0,0.0,0.0,0.0,0.0,0.0,0.0,0.0,0.0,0.0,0.0,0.0,0.0,0.0,0.0,0.0,0.0,0.0,0.0,0.0,0.0,0.0,0.0,0.0,0.0,0.0,0.0,0.0,0.0002423285185006784,0.0002707884551072822,0.0003020549122820313,0.00033634873207081866,0.00044768295441338223,0.0004961373656159376,0.0005489749950515894,0.0006065090109233991,0.0006690681979115721,0.0007369972860664535,0.000810657262213317,0.001029925984020151,0.0011281123884706332,0.001234047744624321,0.001348205049730563,0.0014710762058067143,0.0016031721806919834,0.001745023135931502,0.0018971785210983977,0.0020602071325042746,0.0025150308721434327,0.002721477577622561,0.002941748883078369,0.0031765365289033957,0.0034265521563859474,0.0036925270880135202,0.003975212057917082,0.004275376894174055,0.004593810149268327,0.004931318679193162,0.00528872716909165,0.0062349477426201306,0.006667445849750556,0.007123870661649309,0.007605153059205851,0.008112238606021815,0.008646086687611814,0.009207669592850612,0.009797971537327973,0.010417987627768945,0.01106872276983956,0.011751190517600391,0.012466411866541145,0.014278539779308437,0.015111674060527481,0.015982306625411318,0.016891501213332535,0.01784032137539164,0.018829828901095483,0.019861082198939714,0.020935134635605528,0.022053032833777127,0.02321581493306731,0.024424508819422593,0.02568013031993188,0.02874918305372138,0.03016741540359784,0.031637122729738384,0.03315925895995929,0.03473475532456849,0.036364518425649556,0.038049428308470815,0.03979033654208008,0.04158806430981656,0.043443400520808126,0.04535709994126664,0.04732988135949812,0.05201834487811262,0.05419000488007809,0.05642392109067875,0.058720633854961235,0.061080637674796864,0.06350437967236955,0.06599225812720161,0.06854462108796776,0.07116176506716675,0.07384393382310447,0.07659131723464427,0.07940405027138317,0.08595614503787191,0.0889848603246247,0.09207968595794726,0.0952404967862055,0.09846710839636205,0.1017592767831296,0.10511669814501924,0.10853900879814048,0.11202578521879059,0.11557654420992733,0.11919074319456427,0.12286778063325564,0.13133420594566025,0.13521805479950072,0.13916263888263114,0.1431670909478747,0.1472304887145831,0.15135185606352342,0.15553016434304595,0.15976433378433905,0.16405323501952254,0.16839569069875573,0.1727904772022761,0.1828740386819583,0.18744317295636287,0.19206021037769822,0.19672373085705117,0.2014322784295824,0.20618436344012908,0.21097846478288104,0.21581303218384007,0.22068648851869882,0.2255972321602502,0.23054363934803893,0.2355240665729682,0.24701230080260891,0.2521132774226393,0.25724235006802676,0.2623978036170114,0.2675779160569636,0.2727809608309275,0.2780052091485471,0.28324893226142744,0.2885104036930635,0.29378790142914113,0.29907971004782574,0.31143669273990116,0.3167910235736887,0.32215351633197564,0.32752249973888425,0.33289631971150496,0.3382733410826236,0.34365194924852593,0.3490305517312366,0.354407579665566,0.3597814892007147,0.36515076282194875,0.3779333903531806,0.38330897388683904
0.039171014908092563,3.4717693837405703e-10,0.0,0.0,0.0,0.0,0.0,0.0,0.0,0.0,0.0,0.0,0.0,0.0,0.0,0.0,0.0,0.0,0.0,0.0,0.0,0.0,0.0,0.0,0.0,0.0,0.0,0.0,0.0,0.0,0.0,0.0,0.0,0.0,0.0,0.0,0.0,0.0,0.0,0.0,0.0,0.0,0.0,0.0,0.0,0.0,0.0,0.0,0.0,0.0,0.0,0.0,0.0,0.0,0.0,0.0,0.0,0.0,0.0,0.0,0.0,0.0,0.0,0.0,0.0,0.0,0.0,0.0,0.0,0.0,0.0,0.00047016815796821476,0.0005178108594688323,0.0006851315672291081,0.0007514743289374703,0.0008231246984342332,0.0009004106625115885,0.0009836735152470401,0.0010732679863359148,0.00135992816608296,0.0014782635183611997,0.0016050289947193784,0.0017406787437805335,0.0018856818296808424,0.002040522206116001,0.002205698658187717,0.0023817247163834534,0.0025691285381202887,0.0031306678481553985,0.003366246589832142,0.003616105503094284,0.0038808734570247045,0.004161193448600579,0.004457722247840929,0.0047711300049393356,0.005102099820754633,0.005451327277206281,0.005819519931767409,0.006867882743280238,0.007312023805241359,0.0077787951691934455,0.008268983372810382,0.008783383707165112,0.009322799434080827,0.009888040961476373,0.010479924984978479,0.011099273589631068,0.011746913316081724,0.012423674192387633,0.013130388730622672,0.015061910499714625,0.015883392171103444,0.016738959711775473,0.01762946716628587,0.018555764784655166,0.019518697799777114,0.020519105182239025,0.021557818374311286,0.022635660004363182,0.02375344258702323,0.0249119672099388,0.02611202220889789,0.02928562115049016,0.030639310743275656,0.032038346714199355,0.03348345581110962,0.03497534418277423,0.036514696031818804,0.03810217227791233,0.039738409236853095,0.04142401731939093,0.04315957975149644,0.044945651322518175,0.04678275715984326,0.05152014322657407,0.05354128568762467,0.055616052666482625,0.05774482312273095,0.05992793970438442,0.06216570777720254,0.06445839451574613,0.06680622805066457,0.06920939667345581,0.07166804810921465,0.07418228885232592,0.07675218357041708,0.0832645603252862,0.08603229316693238,0.08885630422144711,0.09173645763466752,0.09467257319681803,0.0976644262304016,0.10071174755488178,0.10381422353804762,0.10697149622214588,0.11018316353828918,0.11344877959577551,0.11676785505618184,0.12509884804383958,0.12860802995032414,0.13216904765900064,0.13578121117558814,0.13944379007315655,0.1431560143618999,0.14691707543142574,0.15072612705923202,0.15458228648281386,0.15848463553662578,0.16243222184502748,0.166424060070831,0.17642872589887412,0.18058164830273563,0.18477525621501825,0.18900841927401466,0.19327998161061452,0.19758876338092843,0.20193356232248613,0.20631315533884134,0.2107263000994208,0.2151717366596421,0.21964818908469763,0.23092602311645477,0.2355220504794709,0.24014440784520424,0.24479175550710652,0.24946274668509685,0.2541560291425695,0.2588702467884076,0.26360404126015435,0.2683560534795475,0.2731249251867231,0.27790930043816875,0.29010975119781013,0.29496530521562253,0.29983136623357876,0.30470659743722284,0.3095896720104356,0.3144792743981784,0.31937410151510703,0.32427286391305626,0.32917428689498696
0.0419870708444391,3.4759524221270396e-10,0.0,0.0,0.0,0.0,0.0,0.0,0.0,0.0,0.0,0.0,0.0,0.0,0.0,0.0,0.0,0.0,0.0,0.0,0.0,0.0,0.0,0.0,0.0,0.0,0.0,0.0,0.0,0.0,0.0,0.0,0.0,0.0,0.0,0.0,0.0,0.0,0.0,0.0,0.0,0.0,0.0,0.0,0.0,0.0,0.0,0.0,0.0,0.0,0.0,0.0,0.0,0.0,0.0,0.0,0.0,0.0,0.0,0.0,0.0,0.0,0.0,0.0,0.0,0.0,0.0,0.0,0.0,0.0,0.0,0.0,0.0,0.0,0.0,0.0,0.0,0.0,0.0,0.0,0.0010636037829219644,0.0011547110562410842,0.0012521750672734346,0.0013563284755848534,0.0014675143338780134,0.001854052863063814,0.0019995059356629533,0.002154173291910888,0.002318483363494098,0.0024928754321028083,0.0026777994614662504,0.002873715904182108,0.003081095486680451,0.0037539680975170247,0.004013294518783331,0.004286858707337439,0.004575210721060748,0.004878909770788278,0.005198523818602778,0.005534629151616115,0.005887809928780772,0.006258657703043178,0.006647770918343571,0.007848244605273825,0.008315723372736755,0.008804805640345791,0.009316144361023373,0.00985039622139192,0.010408220950178381,0.010990280608414518,0.01159723885532564,0.012229760195650894,0.012888509205815097,0.013574149742588871,0.01428734413368601,0.016404940008919865,0.01723159319756924,0.01808937624868404,0.018978954770713253,0.019900987779519205,0.02085612677813162,0.02184501483097297,0.022868285631739937,0.023926562567298457,0.02502045778028561,0.026150571232695062,0.027317489769010224,0.03067944883775692,0.03199322176863671,0.03334695078550653,0.03474116115311088,0.03617635941456155,0.037653032499562984,0.03917164684589758,0.04073264754254463,0.04233645749388691,0.04398347660632753,0.04567408100405852,0.04740862226801861,0.05229548219699007,0.05420164345757946,0.056153779118304534,0.058152119905615605,0.060196867796413644,0.06228819547528834,0.06442624583268002,0.06661113150818006,0.06884293447628491,0.0711217056790567,0.07344746470495414,0.0758201995152186,0.0824071303064839,0.08496164931763303,0.08756356692873019,0.09021271707374078,0.09290890093981084,0.09565188702409597,0.09844141123870002,0.10127717707132136,0.10415885579360466,0.10708608672358194,0.11005847753789638,0.11307560463500628,0.12139106812124581,0.12458240853674157,0.1278171509911028,0.13109472324750593,0.13441452431660214,0.13777592512869385,0.1411782692444284,0.14462087360550488,0.14810302932474909,0.15162400250993174,0.15518303512329834,0.16498283939919875,0.16869347577916172,0.1724394331189819,0.17621984220987794,0.18003381480357453,0.18388044464784584,0.18775880853962534,0.19166796739525813,0.19560696733032495,0.19957484075121643,0.20357060745415848,0.20759327572868028,0.21874961446735985,0.22288737066519604,0.2270483198080055,0.23123142034049332,0.2354356253042341,0.23965988343033182,0.243903140220049,0.24816433901552662,0.252442422051333,0.2567363314926474,0.26104501045551864,0.27314281586929884,0.27752616142983616,0.2819202686251357,0.2863240888118059
0.04500557675700498,3.1679015601689776e-10,0.0,0.0,0.0,0.0,0.0,0.0,0.0,0.0,0.0,0.0,0.0,0.0,0.0,0.0,0.0,0.0,0.0,0.0,0.0,0.0,0.0,0.0,0.0,0.0,0.0,0.0,0.0,0.0,0.0,0.0,0.0,0.0,0.0,0.0,0.0,0.0,0.0,0.0,0.0,0.0,0.0,0.0,0.0,0.0,0.0,0.0,0.0,0.0,0.0,0.0,0.0,0.0,0.0,0.0,0.0,0.0,0.0,0.0,0.0,0.0,0.0,0.0,0.0,0.0,0.0,0.0,0.0,0.0,0.0,0.0,0.0,0.0,0.0,0.0,0.0,0.0,0.0,0.0,0.0,0.0,0.0,0.0,0.0,0.0,0.0,0.0,0.0,0.0,0.001896381479949812,0.002034750720374485,0.002564134188131597,0.00274349695047533,0.0029328206346835215,0.003132495403264261,0.0033429182674292114,0.0035644928380482673,0.0037976290571981866,0.004042742915583128,0.004914978411228784,0.005219083381051017,0.005537859919570437,0.005871781906558418,0.006221327649307801,0.006586979466038602,0.006969223257013038,0.007368548058300959,0.00778544558255622,0.00919224920868129,0.009690901725374595,0.010210142999198864,0.010750497877474343,0.011312490975437916,0.011896646108100418,0.012503485709992775,0.013133530248127167,0.013787297623931973,0.014465302570627458,0.015168056041536771,0.01745197216916685,0.01826532217186287,0.019106479242833388,0.019975946671943023,0.02087422008991852,0.021801786816027152,0.022759125206886888,0.02374670400864667,0.024764981711855705,0.02581440591284434,0.026895412679987032,0.028008425927769233,0.03152766820840198,0.0327798163491063,0.034066564146245974,0.03538827898194037,0.036745312237670726,0.03813799873139449,0.03956665617201566,0.04103158463696462,0.04253306606326271,0.044071363762803975,0.045646721957270535,0.04725936533698764,0.05225902728112891,0.054031046150475055,0.055841969066599065,0.05769192370855506,0.05958101567114824,0.06150932818916649,0.06347692189066416,0.06548383458137433,0.06753008106013601,0.06961565296401385,0.0717405186454872,0.07390462308343555,0.08053214539590388,0.08286325890642018,0.08523392299494056,0.08764396608173623,0.09009319286819703,0.09258138446167086,0.09510829853240543,0.09767366950242626,0.1002772087663951,0.10291860494523933,0.10559752416608963,0.10831361037881107,0.11658910581466517,0.11946529550066497,0.12237759590023257,0.12532554161460951,0.12830864706804876,0.13132640700522943,0.13437829701364876,0.1374637740686504,0.14058227709945917,0.1437332275765097,0.14691603011683052,0.15013007310726806,0.15994052609018355,0.16329414949777038,0.16667680748042502,0.17008780965470188,0.17352645305612402,0.17699202285422186,0.18048379307569715,0.184001027335799,0.1875429795694384,0.1911088947721624,0.1946980097362407,0.19830955379568999,0.20942708397715248,0.2131474373178251,0.21688728169731802,0.22064581089856114,0.22442221537363344,0.22821568296143308,0.23202539960440213,0.23585055005198002,0.23969031855261125
0.04824108704165369,3.281306564539002e-10,0.0,0.0,0.0,0.0,0.0,0.0,0.0,0.0,0.0,0.0,0.0,0.0,0.0,0.0,0.0,0.0,0.0,0.0,0.0,0.0,0.0,0.0,0.0,0.0,0.0,0.0,0.0,0.0,0.0,0.0,0.0,0.0,0.0,0.0,0.0,0.0,0.0,0.0,0.0,0.0,0.0,0.0,0.0,0.0,0.0,0.0,0.0,0.0,0.0,0.0,0.0,0.0,0.0,0.0,0.0,0.0,0.0,0.0,0.0,0.0,0.0,0.0,0.0,0.0,0.0,0.0,0.0,0.0,0.0,0.0,0.0,0.0,0.0,0.0,0.0,0.0,0.0,0.0,0.0,0.0,0.0,0.0,0.0,0.0,0.0,0.0,0.0,0.0,0.0,0.0,0.0,0.0,0.0,0.0,0.0,0.0,0.0,0.0,0.0,0.0,0.003988708103236446,0.004228728048876883,0.004479927170033565,0.004742648703006521,0.005017238565192264,0.006099729278493923,0.006438668996634122,0.006791993276498028,0.00716008716811465,0.007543336692029476,0.007942128478120324,0.008356849398046907,0.008787886191723177,0.009235625086043775,0.010906748973823124,0.011440007902695672,0.011992651455539108,0.012565081351857708,0.013157696314024284,0.013770891637249018,0.014405058756732413,0.015060584814426698,0.015737852224117485,0.01643723823969703,0.017159114519773314,0.019755789650452472,0.020588567125877193,0.02144640947430692,0.022329670293284844,0.02323869473656609,0.024173819088817966,0.025135370344050015,0.026123665794496525,0.027139012625267956,0.028181707518814665,0.029252036267242553,0.03299835132451073,0.034201348180756756,0.035434074018724664,0.03669676344916566,0.037989637696874724,0.039312904285754326,0.04066675673631605,0.04205137428066709,0.043466921591090155,0.04491354852725563,0.04639138989809917,0.04790056524267933,0.05309226578052913,0.05475012535039409,0.056440561929430394,0.05816361771408082,0.059919318253826084,0.06170767235229294,0.06352867199238812,0.06538229227785684,0.06726849139746019,0.06918721060842024,0.07113837424011296,0.07312188971951573,0.07987763604728111,0.0820149337901198,0.0841847698436645,0.08638696448777902,0.08862132126191037,0.09088762712431678,0.0931856526323215,0.09551515214113761,0.0978758640209655,0.10026751089184649,0.10268979987714733,0.10514242287243422,0.1134701254469858,0.11606971316127215,0.11869876310369883,0.12135688841640604,0.12404368863233496,0.12675875004954895,0.1295016461200839,0.1322719378485647,0.1350691742030859,0.13789289253652867,0.14074261901526577,0.14361786906025575,0.15341379487360396,0.15641835550637045,0.15944669620553512,0.16249827655481483,0.1655725479417413,0.16866895404323362,0.17178693131075867,0.1749259094606796,0.17808531196482594,0.18126455653968554,0.18446305563794915,0.18768021693736833,0.19874562349577599,0.2020663260304578,0.20540338620822599
0.05170920242896755,2.810789455549662e-10,0.0,0.0,0.0,0.0,0.0,0.0,0.0,0.0,0.0,0.0,0.0,0.0,0.0,0.0,0.0,0.0,0.0,0.0,0.0,0.0,0.0,0.0,0.0,0.0,0.0,0.0,0.0,0.0,0.0,0.0,0.0,0.0,0.0,0.0,0.0,0.0,0.0,0.0,0.0,0.0,0.0,0.0,0.0,0.0,0.0,0.0,0.0,0.0,0.0,0.0,0.0,0.0,0.0,0.0,0.0,0.0,0.0,0.0,0.0,0.0,0.0,0.0,0.0,0.0,0.0,0.0,0.0,0.0,0.0,0.0,0.0,0.0,0.0,0.0,0.0,0.0,0.0,0.0,0.0,0.0,0.0,0.0,0.0,0.0,0.0,0.0,0.0,0.0,0.0,0.0,0.0,0.0,0.0,0.0,0.0,0.0,0.0,0.0,0.0,0.0,0.0,0.0,0.0,0.0,0.0,0.0,0.0,0.0,0.0,0.0,0.0,0.0,0.006228841498337434,0.006545321073737426,0.006873830389278447,0.008339992128484595,0.008742354992198397,0.009159091611645399,0.009590493595333538,0.010036850541730029,0.010498449759139888,0.010975575986896434,0.011468511114457965,0.013536350316702863,0.014120384877566974,0.014722567187625936,0.01534317963986134,0.015982499819108806,0.016640800213795204,0.01731834793062713,0.01801540441408274,0.01873222516877722,0.01946905948730445,0.022437878855439415,0.023285564304224567,0.02415538152605998,0.02504755611074147,0.025962305507442048,0.026899838781213492,0.02786035637761851,0.028844049896414037,0.029851101871623358,0.030881685562965413,0.03193596475557351,0.03607183982206941,0.03725440881026906,0.038462296027082565,0.03969561905601168,0.040954484570547824,0.04223898819972673,0.043549214402405834,0.04488523635710531,0.04624711586159049,0.047634903243370615,0.04904863728594497,0.05048834516308252,0.056048840046950724,0.05762843488326691,0.05923487715474386,0.06086813294741097,0.06252815621215006,0.06421488878772878,0.06592826043355038,0.06766818887754793,0.06943457987430952,0.07122732727710734,0.07304631312069851,0.0748914077179392,0.08195975258825144,0.08394683680486578,0.08596005304049086,0.08799920798374256,0.09006409709715991,0.09215450479245642,0.09427020461528882,0.09641095944193168,0.0985765216826237,0.10076663349665028,0.1029810270146596,0.10521942457005402,0.11378271509519838,0.1161555104955869,0.1185515286534858,0.12097043756908522,0.12341189678042264,0.12587555764431882,0.12836106362798552,0.1308680506002431,0.13339614713127027,0.13594497479402645,0.13851414846910942,0.14110327665341105,0.15105634812370694,0.15376384302074714,0.15648987278706336,0.15923400919803685,0.16199581943136532,0.16477486639107342,0.1675707090289243
0.055426645206631014,2.6233827094350495e-10,0.0,0.0,0.0,0.0,0.0,0.0,0.0,0.0,0.0,0.0,0.0,0.0,0.0,0.0,0.0,0.0,0.0,0.0,0.0,0.0,0.0,0.0,0.0,0.0,0.0,0.0,0.0,0.0,0.0,0.0,0.0,0.0,0.0,0.0,0.0,0.0,0.0,0.0,0.0,0.0,0.0,0.0,0.0,0.0,0.0,0.0,0.0,0.0,0.0,0.0,0.0,0.0,0.0,0.0,0.0,0.0,0.0,0.0,0.0,0.0,0.0,0.0,0.0,0.0,0.0,0.0,0.0,0.0,0.0,0.0,0.0,0.0,0.0,0.0,0.0,0.0,0.0,0.0,0.0,0.0,0.0,0.0,0.0,0.0,0.0,0.0,0.0,0.0,0.0,0.0,0.0,0.0,0.0,0.0,0.0,0.0,0.0,0.0,0.0,0.0,0.0,0.0,0.0,0.0,0.0,0.0,0.0,0.0,0.0,0.0,0.0,0.0,0.0,0.0,0.0,0.0,0.0,0.0,0.0,0.0,0.0,0.0,0.0,0.0,0.0,0.0,0.0,0.011483211998623672,0.011955539645992013,0.01244167433853872,0.01294180854583086,0.013456131037715261,0.013984826710868703,0.016515116700524274,0.017139132703714394,0.01777949212564532,0.01843637081204807,0.019109939364636678,0.019800362981720807,0.02050780130391939,0.021232408263960733,0.021974331943268262,0.02536604749055768,0.026217921714856124,0.02708881139452804,0.027978839449832666,0.02888812177266639,0.029816767114663186,0.03076487698560974,0.03173254555678844,0.03271985957026774,0.033726898258780724,0.034753733269072926,0.03932399497772823,0.04047424449066575,0.04164551294538441,0.04283783276566527,0.044051228089883716,0.04528571474712505,0.046541300238794076,0.04781798373017884,0.04911575604907922,0.050434599690594634,0.051774488832276255,0.057634347353706046,0.059104818642429835,0.06059695946402224,0.062110697654538846,0.06364595264735257,0.06520263553933284,0.06678064916595555,0.06837988818327256,0.07000023915585459,0.07164158065196251,0.0733037833457206,0.07498671012441174,0.08229652726853508,0.0841103340085166,0.08594481839573699,0.08779979787414358,0.08967508265114657,0.09157047585004893,0.09348577366574243,0.09542076552654155,0.09737523425788816,0.09934895625397147,0.1013417016486209,0.1033532344949022,0.11208872953252577,0.11422360794655563,0.11637661825337967,0.11854748735447534,0.12073593707986938,0.12294168438713281,0.12516444156336753,0.12740391643111013,0.12965981255111272,0.13193182942908346,0.13421966272269242
0.05941133984965034,2.6249893516619623e-10,0.0,0.0,0.0,0.0,0.0,0.0,0.0,0.0,0.0,0.0,0.0,0.0,0.0,0.0,0.0,0.0,0.0,0.0,0.0,0.0,0.0,0.0,0.0,0.0,0.0,0.0,0.0,0.0,0.0,0.0,0.0,0.0,0.0,0.0,0.0,0.0,0.0,0.0,0.0,0.0,0.0,0.0,0.0,0.0,0.0,0.0,0.0,0.0,0.0,0.0,0.0,0.0,0.0,0.0,0.0,0.0,0.0,0.0,0.0,0.0,0.0,0.0,0.0,0.0,0.0,0.0,0.0,0.0,0.0,0.0,0.0,0.0,0.0,0.0,0.0,0.0,0.0,0.0,0.0,0.0,0.0,0.0,0.0,0.0,0.0,0.0,0.0,0.0,0.0,0.0,0.0,0.0,0.0,0.0,0.0,0.0,0.0,0.0,0.0,0.0,0.0,0.0,0.0,0.0,0.0,0.0,0.0,0.0,0.0,0.0,0.0,0.0,0.0,0.0,0.0,0.0,0.0,0.0,0.0,0.0,0.0,0.0,0.0,0.0,0.0,0.0,0.0,0.0,0.0,0.0,0.0,0.0,0.0,0.0,0.0,0.0,0.0,0.0,0.0,0.0,0.0,0.0,0.0,0.016632376152931505,0.017194222640034465,0.01776874769201956,0.020984582371035447,0.021659726858617615,0.02234913121603369,0.023052876104448266,0.023771037384513135,0.024503686060905732,0.025250888230573268,0.02601270503620666,0.03005139857281309,0.03092357121829346,0.03181164744917418,0.032715663755055455,0.033635651092392437,0.03457163486652477,0.03552363491938206,0.03649166552158651,0.03747573536893428,0.03847584758427023,0.043610022105563605,0.04472885419093967,0.04586459944433415,0.047017229306498334,0.0481867094272589,0.04937299969959749,0.050576054298325596,0.05179582172376593,0.05303224484883691,0.054285260970876714,0.055554801866827715,0.06195467089794259,0.06334680881173503,0.06475584523694375,0.06618167799565328,0.06762419957514361,0.0690832972134985,0.07055885298794973,0.07205074390605595,0.07355884200050286,0.07508301442663037,0.07662312356162812,0.08431026429220534,0.08597096592066032,0.08764748736720258,0.08933965977129037,0.09104731001623871,0.0927702608485353,0.09450833100087677,0.0962613353147867,0.09802908486635468,0.09981138709232845,0.10160804591713452,0.10341886188177382,0.11245985225104341
0.06368249944718586,2.308154291940161e-10,0.0,0.0,0.0,0.0,0.0,0.0,0.0,0.0,0.0,0.0,0.0,0.0,0.0,0.0,0.0,0.0,0.0,0.0,0.0,0.0,0.0,0.0,0.0,0.0,0.0,0.0,0.0,0.0,0.0,0.0,0.0,0.0,0.0,0.0,0.0,0.0,0.0,0.0,0.0,0.0,0.0,0.0,0.0,0.0,0.0,0.0,0.0,0.0,0.0,0.0,0.0,0.0,0.0,0.0,0.0,0.0,0.0,0.0,0.0,0.0,0.0,0.0,0.0,0.0,0.0,0.0,0.0,0.0,0.0,0.0,0.0,0.0,0.0,0.0,0.0,0.0,0.0,0.0,0.0,0.0,0.0,0.0,0.0,0.0,0.0,0.0,0.0,0.0,0.0,0.0,0.0,0.0,0.0,0.0,0.0,0.0,0.0,0.0,0.0,0.0,0.0,0.0,0.0,0.0,0.0,0.0,0.0,0.0,0.0,0.0,0.0,0.0,0.0,0.0,0.0,0.0,0.0,0.0,0.0,0.0,0.0,0.0,0.0,0.0,0.0,0.0,0.0,0.0,0.0,0.0,0.0,0.0,0.0,0.0,0.0,0.0,0.0,0.0,0.0,0.0,0.0,0.0,0.0,0.0,0.0,0.0,0.0,0.0,0.0,0.0,0.0,0.0,0.0,0.0,0.0,0.0,0.0,0.0,0.0,0.0,0.0,0.0,0.0,0.027567699914310545,0.028297559377628245,0.029039123691268945,0.029792396764679603,0.030557378921632107,0.035356149943567367,0.036230323143251274,0.03711712983745466,0.03801654906334521,0.03892855608392706,0.0398531224153176,0.040790215858401285,0.041739800530729024,0.042701836902443994,0.048501411494564606,0.04957685784798813,0.05066533629818987,0.0517667833199116,0.05288113178110463,0.054008310996575604,0.05514824678278778,0.05630086151570585,0.05746607418954497,0.05864380047672975,0.06557557361018553,0.0668674999601751,0.06817214450984362,0.06948939919727504,0.07081915290087935,0.07216129151171566,0.07351569801027302,0.07488225254240789,0.07626083249590744,0.07765131257922264,0.07905356489999557,0.08721669065652513
0.06826071834272386,2.1691382625179784e-10,0.0,0.0,0.0,0.0,0.0,0.0,0.0,0.0,0.0,0.0,0.0,0.0,0.0,0.0,0.0,0.0,0.0,0.0,0.0,0.0,0.0,0.0,0.0,0.0,0.0,0.0,0.0,0.0,0.0,0.0,0.0,0.0,0.0,0.0,0.0,0.0,0.0,0.0,0.0,0.0,0.0,0.0,0.0,0.0,0.0,0.0,0.0,0.0,0.0,0.0,0.0,0.0,0.0,0.0,0.0,0.0,0.0,0.0,0.0,0.0,0.0,0.0,0.0,0.0,0.0,0.0,0.0,0.0,0.0,0.0,0.0,0.0,0.0,0.0,0.0,0.0,0.0,0.0,0.0,0.0,0.0,0.0,0.0,0.0,0.0,0.0,0.0,0.0,0.0,0.0,0.0,0.0,0.0,0.0,0.0,0.0,0.0,0.0,0.0,0.0,0.0,0.0,0.0,0.0,0.0,0.0,0.0,0.0,0.0,0.0,0.0,0.0,0.0,0.0,0.0,0.0,0.0,0.0,0.0,0.0,0.0,0.0,0.0,0.0,0.0,0.0,0.0,0.0,0.0,0.0,0.0,0.0,0.0,0.0,0.0,0.0,0.0,0.0,0.0,0.0,0.0,0.0,0.0,0.0,0.0,0.0,0.0,0.0,0.0,0.0,0.0,0.0,0.0,0.0,0.0,0.0,0.0,0.0,0.0,0.0,0.0,0.0,0.0,0.0,0.0,0.0,0.0,0.0,0.0,0.0,0.0,0.0,0.0,0.0,0.0,0.0,0.0,0.0,0.0,0.0,0.0,0.0,0.0,0.0,0.0,0.0,0.03744823710105161,0.043372449646702366,0.044250059597984094,0.045136946910613054,0.04603305528616477,0.0469383263662053,0.04785269977250743,0.048776113148835856,0.055499356275051835,0.05653063345151403,0.05757127780164182,0.058621210173012084,0.05968034958590052
0.07316807143427193,2.23355334944517e-10,0.0,0.0,0.0,0.0,0.0,0.0,0.0,0.0,0.0,0.0,0.0,0.0,0.0,0.0,0.0,0.0,0.0,0.0,0.0,0.0,0.0,0.0,0.0,0.0,0.0,0.0,0.0,0.0,0.0,0.0,0.0,0.0,0.0,0.0,0.0,0.0,0.0,0.0,0.0,0.0,0.0,0.0,0.0,0.0,0.0,0.0,0.0,0.0,0.0,0.0,0.0,0.0,0.0,0.0,0.0,0.0,0.0,0.0,0.0,0.0,0.0,0.0,0.0,0.0,0.0,0.0,0.0,0.0,0.0,0.0,0.0,0.0,0.0,0.0,0.0,0.0,0.0,0.0,0.0,0.0,0.0,0.0,0.0,0.0,0.0,0.0,0.0,0.0,0.0,0.0,0.0,0.0,0.0,0.0,0.0,0.0,0.0,0.0,0.0,0.0,0.0,0.0,0.0,0.0,0.0,0.0,0.0,0.0,0.0,0.0,0.0,0.0,0.0,0.0,0.0,0.0,0.0,0.0,0.0,0.0,0.0,0.0,0.0,0.0,0.0,0.0,0.0,0.0,0.0,0.0,0.0,0.0,0.0,0.0,0.0,0.0,0.0,0.0,0.0,0.0,0.0,0.0,0.0,0.0,0.0,0.0,0.0,0.0,0.0,0.0,0.0,0.0,0.0,0.0,0.0,0.0,0.0,0.0,0.0,0.0,0.0,0.0,0.0,0.0,0.0,0.0,0.0,0.0,0.0,0.0,0.0,0.0,0.0,0.0,0.0,0.0,0.0,0.0,0.0,0.0,0.0,0.0,0.0,0.0,0.0,0.0,0.0,0.0,0.0,0.0,0.0,0.0,0.0,0.0,0.0,0.0,0.0,0.0,0.0
0.07842822061337681,2.051019388206849e-10,0.0,0.0,0.0,0.0,0.0,0.0,0.0,0.0,0.0,0.0,0.0,0.0,0.0,0.0,0.0,0.0,0.0,0.0,0.0,0.0,0.0,0.0,0.0,0.0,0.0,0.0,0.0,0.0,0.0,0.0,0.0,0.0,0.0,0.0,0.0,0.0,0.0,0.0,0.0,0.0,0.0,0.0,0.0,0.0,0.0,0.0,0.0,0.0,0.0,0.0,0.0,0.0,0.0,0.0,0.0,0.0,0.0,0.0,0.0,0.0,0.0,0.0,0.0,0.0,0.0,0.0,0.0,0.0,0.0,0.0,0.0,0.0,0.0,0.0,0.0,0.0,0.0,0.0,0.0,0.0,0.0,0.0,0.0,0.0,0.0,0.0,0.0,0.0,0.0,0.0,0.0,0.0,0.0,0.0,0.0,0.0,0.0,0.0,0.0,0.0,0.0,0.0,0.0,0.0,0.0,0.0,0.0,0.0,0.0,0.0,0.0,0.0,0.0,0.0,0.0,0.0,0.0,0.0,0.0,0.0,0.0,0.0,0.0,0.0,0.0,0.0,0.0,0.0,0.0,0.0,0.0,0.0,0.0,0.0,0.0,0.0,0.0,0.0,0.0,0.0,0.0,0.0,0.0,0.0,0.0,0.0,0.0,0.0,0.0,0.0,0.0,0.0,0.0,0.0,0.0,0.0,0.0,0.0,0.0,0.0,0.0,0.0,0.0,0.0,0.0,0.0,0.0,0.0,0.0,0.0,0.0,0.0,0.0,0.0,0.0,0.0,0.0,0.0,0.0,0.0,0.0,0.0,0.0,0.0,0.0,0.0,0.0,0.0,0.0,0.0,0.0,0.0,0.0,0.0,0.0,0.0,0.0,0.0,0.0
0.08406652885618325,1.897485515327301e-10,0.0,0.0,0.0,0.0,0.0,0.0,0.0,0.0,0.0,0.0,0.0,0.0,0.0,0.0,0.0,0.0,0.0,0.0,0.0,0.0,0.0,0.0,0.0,0.0,0.0,0.0,0.0,0.0,0.0,0.0,0.0,0.0,0.0,0.0,0.0,0.0,0.0,0.0,0.0,0.0,0.0,0.0,0.0,0.0,0.0,0.0,0.0,0.0,0.0,0.0,0.0,0.0,0.0,0.0,0.0,0.0,0.0,0.0,0.0,0.0,0.0,0.0,0.0,0.0,0.0,0.0,0.0,0.0,0.0,0.0,0.0,0.0,0.0,0.0,0.0,0.0,0.0,0.0,0.0,0.0,0.0,0.0,0.0,0.0,0.0,0.0,0.0,0.0,0.0,0.0,0.0,0.0,0.0,0.0,0.0,0.0,0.0,0.0,0.0,0.0,0.0,0.0,0.0,0.0,0.0,0.0,0.0,0.0,0.0,0.0,0.0,0.0,0.0,0.0,0.0,0.0,0.0,0.0,0.0,0.0,0.0,0.0,0.0,0.0,0.0,0.0,0.0,0.0,0.0,0.0,0.0,0.0,0.0,0.0,0.0,0.0,0.0,0.0,0.0,0.0,0.0,0.0,0.0,0.0,0.0,0.0,0.0,0.0,0.0,0.0,0.0,0.0,0.0,0.0,0.0,0.0,0.0,0.0,0.0,0.0,0.0,0.0,0.0,0.0,0.0,0.0,0.0,0.0,0.0,0.0,0.0,0.0,0.0,0.0,0.0,0.0,0.0,0.0,0.0,0.0,0.0,0.0,0.0,0.0,0.0,0.0,0.0,0.0,0.0,0.0,0.0,0.0,0.0,0.0,0.0,0.0,0.0,0.0,0.0
0.09011018251665019,1.2009356297655534e-10,0.0,0.0,0.0,0.0,0.0,0.0,0.0,0.0,0.0,0.0,0.0,0.0,0.0,0.0,0.0,0.0,0.0,0.0,0.0,0.0,0.0,0.0,0.0,0.0,0.0,0.0,0.0,0.0,0.0,0.0,0.0,0.0,0.0,0.0,0.0,0.0,0.0,0.0,0.0,0.0,0.0,0.0,0.0,0.0,0.0,0.0,0.0,0.0,0.0,0.0,0.0,0.0,0.0,0.0,0.0,0.0,0.0,0.0,0.0,0.0,0.0,0.0,0.0,0.0,0.0,0.0,0.0,0.0,0.0,0.0,0.0,0.0,0.0,0.0,0.0,0.0,0.0,0.0,0.0,0.0,0.0,0.0,0.0,0.0,0.0,0.0,0.0,0.0,0.0,0.0,0.0,0.0,0.0,0.0,0.0,0.0,0.0,0.0,0.0,0.0,0.0,0.0,0.0,0.0,0.0,0.0,0.0,0.0,0.0,0.0,0.0,0.0,0.0,0.0,0.0,0.0,0.0,0.0,0.0,0.0,0.0,0.0,0.0,0.0,0.0,0.0,0.0,0.0,0.0,0.0,0.0,0.0,0.0,0.0,0.0,0.0,0.0,0.0,0.0,0.0,0.0,0.0,0.0,0.0,0.0,0.0,0.0,0.0,0.0,0.0,0.0,0.0,0.0,0.0,0.0,0.0,0.0,0.0,0.0,0.0,0.0,0.0,0.0,0.0,0.0,0.0,0.0,0.0,0.0,0.0,0.0,0.0,0.0,0.0,0.0,0.0,0.0,0.0,0.0,0.0,0.0,0.0,0.0,0.0,0.0,0.0,0.0,0.0,0.0,0.0,0.0,0.0,0.0,0.0,0.0,0.0,0.0,0.0,0.0
0.09658832241158699,1.1434992232422866e-10,0.0,0.0,0.0,0.0,0.0,0.0,0.0,0.0,0.0,0.0,0.0,0.0,0.0,0.0,0.0,0.0,0.0,0.0,0.0,0.0,0.0,0.0,0.0,0.0,0.0,0.0,0.0,0.0,0.0,0.0,0.0,0.0,0.0,0.0,0.0,0.0,0.0,0.0,0.0,0.0,0.0,0.0,0.0,0.0,0.0,0.0,0.0,0.0,0.0,0.0,0.0,0.0,0.0,0.0,0.0,0.0,0.0,0.0,0.0,0.0,0.0,0.0,0.0,0.0,0.0,0.0,0.0,0.0,0.0,0.0,0.0,0.0,0.0,0.0,0.0,0.0,0.0,0.0,0.0,0.0,0.0,0.0,0.0,0.0,0.0,0.0,0.0,0.0,0.0,0.0,0.0,0.0,0.0,0.0,0.0,0.0,0.0,0.0,0.0,0.0,0.0,0.0,0.0,0.0,0.0,0.0,0.0,0.0,0.0,0.0,0.0,0.0,0.0,0.0,0.0,0.0,0.0,0.0,0.0,0.0,0.0,0.0,0.0,0.0,0.0,0.0,0.0,0.0,0.0,0.0,0.0,0.0,0.0,0.0,0.0,0.0,0.0,0.0,0.0,0.0,0.0,0.0,0.0,0.0,0.0,0.0,0.0,0.0,0.0,0.0,0.0,0.0,0.0,0.0,0.0,0.0,0.0,0.0,0.0,0.0,0.0,0.0,0.0,0.0,0.0,0.0,0.0,0.0,0.0,0.0,0.0,0.0,0.0,0.0,0.0,0.0,0.0,0.0,0.0,0.0,0.0,0.0,0.0,0.0,0.0,0.0,0.0,0.0,0.0,0.0,0.0,0.0,0.0,0.0,0.0,0.0,0.0,0.0,0.0
0.10353218432956615,1.0917630413370212e-10,0.0,0.0,0.0,0.0,0.0,0.0,0.0,0.0,0.0,0.0,0.0,0.0,0.0,0.0,0.0,0.0,0.0,0.0,0.0,0.0,0.0,0.0,0.0,0.0,0.0,0.0,0.0,0.0,0.0,0.0,0.0,0.0,0.0,0.0,0.0,0.0,0.0,0.0,0.0,0.0,0.0,0.0,0.0,0.0,0.0,0.0,0.0,0.0,0.0,0.0,0.0,0.0,0.0,0.0,0.0,0.0,0.0,0.0,0.0,0.0,0.0,0.0,0.0,0.0,0.0,0.0,0.0,0.0,0.0,0.0,0.0,0.0,0.0,0.0,0.0,0.0,0.0,0.0,0.0,0.0,0.0,0.0,0.0,0.0,0.0,0.0,0.0,0.0,0.0,0.0,0.0,0.0,0.0,0.0,0.0,0.0,0.0,0.0,0.0,0.0,0.0,0.0,0.0,0.0,0.0,0.0,0.0,0.0,0.0,0.0,0.0,0.0,0.0,0.0,0.0,0.0,0.0,0.0,0.0,0.0,0.0,0.0,0.0,0.0,0.0,0.0,0.0,0.0,0.0,0.0,0.0,0.0,0.0,0.0,0.0,0.0,0.0,0.0,0.0,0.0,0.0,0.0,0.0,0.0,0.0,0.0,0.0,0.0,0.0,0.0,0.0,0.0,0.0,0.0,0.0,0.0,0.0,0.0,0.0,0.0,0.0,0.0,0.0,0.0,0.0,0.0,0.0,0.0,0.0,0.0,0.0,0.0,0.0,0.0,0.0,0.0,0.0,0.0,0.0,0.0,0.0,0.0,0.0,0.0,0.0,0.0,0.0,0.0,0.0,0.0,0.0,0.0,0.0,0.0,0.0,0.0,0.0,0.0,0.0
0.11097524964120721,1.1374736836462318e-10,0.0,0.0,0.0,0.0,0.0,0.0,0.0,0.0,0.0,0.0,0.0,0.0,0.0,0.0,0.0,0.0,0.0,0.0,0.0,0.0,0.0,0.0,0.0,0.0,0.0,0.0,0.0,0.0,0.0,0.0,0.0,0.0,0.0,0.0,0.0,0.0,0.0,0.0,0.0,0.0,0.0,0.0,0.0,0.0,0.0,0.0,0.0,0.0,0.0,0.0,0.0,0.0,0.0,0.0,0.0,0.0,0.0,0.0,0.0,0.0,0.0,0.0,0.0,0.0,0.0,0.0,0.0,0.0,0.0,0.0,0.0,0.0,0.0,0.0,0.0,0.0,0.0,0.0,0.0,0.0,0.0,0.0,0.0,0.0,0.0,0.0,0.0,0.0,0.0,0.0,0.0,0.0,0.0,0.0,0.0,0.0,0.0,0.0,0.0,0.0,0.0,0.0,0.0,0.0,0.0,0.0,0.0,0.0,0.0,0.0,0.0,0.0,0.0,0.0,0.0,0.0,0.0,0.0,0.0,0.0,0.0,0.0,0.0,0.0,0.0,0.0,0.0,0.0,0.0,0.0,0.0,0.0,0.0,0.0,0.0,0.0,0.0,0.0,0.0,0.0,0.0,0.0,0.0,0.0,0.0,0.0,0.0,0.0,0.0,0.0,0.0,0.0,0.0,0.0,0.0,0.0,0.0,0.0,0.0,0.0,0.0,0.0,0.0,0.0,0.0,0.0,0.0,0.0,0.0,0.0,0.0,0.0,0.0,0.0,0.0,0.0,0.0,0.0,0.0,0.0,0.0,0.0,0.0,0.0,0.0,0.0,0.0,0.0,0.0,0.0,0.0,0.0,0.0,0.0,0.0,0.0,0.0,0.0,0.0
0.11895340673703195,9.599232740760811e-11,0.0,0.0,0.0,0.0,0.0,0.0,0.0,0.0,0.0,0.0,0.0,0.0,0.0,0.0,0.0,0.0,0.0,0.0,0.0,0.0,0.0,0.0,0.0,0.0,0.0,0.0,0.0,0.0,0.0,0.0,0.0,0.0,0.0,0.0,0.0,0.0,0.0,0.0,0.0,0.0,0.0,0.0,0.0,0.0,0.0,0.0,0.0,0.0,0.0,0.0,0.0,0.0,0.0,0.0,0.0,0.0,0.0,0.0,0.0,0.0,0.0,0.0,0.0,0.0,0.0,0.0,0.0,0.0,0.0,0.0,0.0,0.0,0.0,0.0,0.0,0.0,0.0,0.0,0.0,0.0,0.0,0.0,0.0,0.0,0.0,0.0,0.0,0.0,0.0,0.0,0.0,0.0,0.0,0.0,0.0,0.0,0.0,0.0,0.0,0.0,0.0,0.0,0.0,0.0,0.0,0.0,0.0,0.0,0.0,0.0,0.0,0.0,0.0,0.0,0.0,0.0,0.0,0.0,0.0,0.0,0.0,0.0,0.0,0.0,0.0,0.0,0.0,0.0,0.0,0.0,0.0,0.0,0.0,0.0,0.0,0.0,0.0,0.0,0.0,0.0,0.0,0.0,0.0,0.0,0.0,0.0,0.0,0.0,0.0,0.0,0.0,0.0,0.0,0.0,0.0,0.0,0.0,0.0,0.0,0.0,0.0,0.0,0.0,0.0,0.0,0.0,0.0,0.0,0.0,0.0,0.0,0.0,0.0,0.0,0.0,0.0,0.0,0.0,0.0,0.0,0.0,0.0,0.0,0.0,0.0,0.0,0.0,0.0,0.0,0.0,0.0,0.0,0.0,0.0,0.0,0.0,0.0,0.0,0.0
0.1275051240713013,9.06675148967905e-11,0.0,0.0,0.0,0.0,0.0,0.0,0.0,0.0,0.0,0.0,0.0,0.0,0.0,0.0,0.0,0.0,0.0,0.0,0.0,0.0,0.0,0.0,0.0,0.0,0.0,0.0,0.0,0.0,0.0,0.0,0.0,0.0,0.0,0.0,0.0,0.0,0.0,0.0,0.0,0.0,0.0,0.0,0.0,0.0,0.0,0.0,0.0,0.0,0.0,0.0,0.0,0.0,0.0,0.0,0.0,0.0,0.0,0.0,0.0,0.0,0.0,0.0,0.0,0.0,0.0,0.0,0.0,0.0,0.0,0.0,0.0,0.0,0.0,0.0,0.0,0.0,0.0,0.0,0.0,0.0,0.0,0.0,0.0,0.0,0.0,0.0,0.0,0.0,0.0,0.0,0.0,0.0,0.0,0.0,0.0,0.0,0.0,0.0,0.0,0.0,0.0,0.0,0.0,0.0,0.0,0.0,0.0,0.0,0.0,0.0,0.0,0.0,0.0,0.0,0.0,0.0,0.0,0.0,0.0,0.0,0.0,0.0,0.0,0.0,0.0,0.0,0.0,0.0,0.0,0.0,0.0,0.0,0.0,0.0,0.0,0.0,0.0,0.0,0.0,0.0,0.0,0.0,0.0,0.0,0.0,0.0,0.0,0.0,0.0,0.0,0.0,0.0,0.0,0.0,0.0,0.0,0.0,0.0,0.0,0.0,0.0,0.0,0.0,0.0,0.0,0.0,0.0,0.0,0.0,0.0,0.0,0.0,0.0,0.0,0.0,0.0,0.0,0.0,0.0,0.0,0.0,0.0,0.0,0.0,0.0,0.0,0.0,0.0,0.0,0.0,0.0,0.0,0.0,0.0,0.0,0.0,0.0,0.0,0.0
0.1366716356462006,8.691398626275041e-11,0.0,0.0,0.0,0.0,0.0,0.0,0.0,0.0,0.0,0.0,0.0,0.0,0.0,0.0,0.0,0.0,0.0,0.0,0.0,0.0,0.0,0.0,0.0,0.0,0.0,0.0,0.0,0.0,0.0,0.0,0.0,0.0,0.0,0.0,0.0,0.0,0.0,0.0,0.0,0.0,0.0,0.0,0.0,0.0,0.0,0.0,0.0,0.0,0.0,0.0,0.0,0.0,0.0,0.0,0.0,0.0,0.0,0.0,0.0,0.0,0.0,0.0,0.0,0.0,0.0,0.0,0.0,0.0,0.0,0.0,0.0,0.0,0.0,0.0,0.0,0.0,0.0,0.0,0.0,0.0,0.0,0.0,0.0,0.0,0.0,0.0,0.0,0.0,0.0,0.0,0.0,0.0,0.0,0.0,0.0,0.0,0.0,0.0,0.0,0.0,0.0,0.0,0.0,0.0,0.0,0.0,0.0,0.0,0.0,0.0,0.0,0.0,0.0,0.0,0.0,0.0,0.0,0.0,0.0,0.0,0.0,0.0,0.0,0.0,0.0,0.0,0.0,0.0,0.0,0.0,0.0,0.0,0.0,0.0,0.0,0.0,0.0,0.0,0.0,0.0,0.0,0.0,0.0,0.0,0.0,0.0,0.0,0.0,0.0,0.0,0.0,0.0,0.0,0.0,0.0,0.0,0.0,0.0,0.0,0.0,0.0,0.0,0.0,0.0,0.0,0.0,0.0,0.0,0.0,0.0,0.0,0.0,0.0,0.0,0.0,0.0,0.0,0.0,0.0,0.0,0.0,0.0,0.0,0.0,0.0,0.0,0.0,0.0,0.0,0.0,0.0,0.0,0.0,0.0,0.0,0.0,0.0,0.0,0.0
0.14649713983072848,8.170797981134067e-11,0.0,0.0,0.0,0.0,0.0,0.0,0.0,0.0,0.0,0.0,0.0,0.0,0.0,0.0,0.0,0.0,0.0,0.0,0.0,0.0,0.0,0.0,0.0,0.0,0.0,0.0,0.0,0.0,0.0,0.0,0.0,0.0,0.0,0.0,0.0,0.0,0.0,0.0,0.0,0.0,0.0,0.0,0.0,0.0,0.0,0.0,0.0,0.0,0.0,0.0,0.0,0.0,0.0,0.0,0.0,0.0,0.0,0.0,0.0,0.0,0.0,0.0,0.0,0.0,0.0,0.0,0.0,0.0,0.0,0.0,0.0,0.0,0.0,0.0,0.0,0.0,0.0,0.0,0.0,0.0,0.0,0.0,0.0,0.0,0.0,0.0,0.0,0.0,0.0,0.0,0.0,0.0,0.0,0.0,0.0,0.0,0.0,0.0,0.0,0.0,0.0,0.0,0.0,0.0,0.0,0.0,0.0,0.0,0.0,0.0,0.0,0.0,0.0,0.0,0.0,0.0,0.0,0.0,0.0,0.0,0.0,0.0,0.0,0.0,0.0,0.0,0.0,0.0,0.0,0.0,0.0,0.0,0.0,0.0,0.0,0.0,0.0,0.0,0.0,0.0,0.0,0.0,0.0,0.0,0.0,0.0,0.0,0.0,0.0,0.0,0.0,0.0,0.0,0.0,0.0,0.0,0.0,0.0,0.0,0.0,0.0,0.0,0.0,0.0,0.0,0.0,0.0,0.0,0.0,0.0,0.0,0.0,0.0,0.0,0.0,0.0,0.0,0.0,0.0,0.0,0.0,0.0,0.0,0.0,0.0,0.0,0.0,0.0,0.0,0.0,0.0,0.0,0.0,0.0,0.0,0.0,0.0,0.0,0.0
0.15702901247293774,8.013558332094424e-11,0.0,0.0,0.0,0.0,0.0,0.0,0.0,0.0,0.0,0.0,0.0,0.0,0.0,0.0,0.0,0.0,0.0,0.0,0.0,0.0,0.0,0.0,0.0,0.0,0.0,0.0,0.0,0.0,0.0,0.0,0.0,0.0,0.0,0.0,0.0,0.0,0.0,0.0,0.0,0.0,0.0,0.0,0.0,0.0,0.0,0.0,0.0,0.0,0.0,0.0,0.0,0.0,0.0,0.0,0.0,0.0,0.0,0.0,0.0,0.0,0.0,0.0,0.0,0.0,0.0,0.0,0.0,0.0,0.0,0.0,0.0,0.0,0.0,0.0,0.0,0.0,0.0,0.0,0.0,0.0,0.0,0.0,0.0,0.0,0.0,0.0,0.0,0.0,0.0,0.0,0.0,0.0,0.0,0.0,0.0,0.0,0.0,0.0,0.0,0.0,0.0,0.0,0.0,0.0,0.0,0.0,0.0,0.0,0.0,0.0,0.0,0.0,0.0,0.0,0.0,0.0,0.0,0.0,0.0,0.0,0.0,0.0,0.0,0.0,0.0,0.0,0.0,0.0,0.0,0.0,0.0,0.0,0.0,0.0,0.0,0.0,0.0,0.0,0.0,0.0,0.0,0.0,0.0,0.0,0.0,0.0,0.0,0.0,0.0,0.0,0.0,0.0,0.0,0.0,0.0,0.0,0.0,0.0,0.0,0.0,0.0,0.0,0.0,0.0,0.0,0.0,0.0,0.0,0.0,0.0,0.0,0.0,0.0,0.0,0.0,0.0,0.0,0.0,0.0,0.0,0.0,0.0,0.0,0.0,0.0,0.0,0.0,0.0,0.0,0.0,0.0,0.0,0.0,0.0,0.0,0.0,0.0,0.0,0.0
0.16831803533309567,7.494577250203636e-11,0.0,0.0,0.0,0.0,0.0,0.0,0.0,0.0,0.0,0.0,0.0,0.0,0.0,0.0,0.0,0.0,0.0,0.0,0.0,0.0,0.0,0.0,0.0,0.0,0.0,0.0,0.0,0.0,0.0,0.0,0.0,0.0,0.0,0.0,0.0,0.0,0.0,0.0,0.0,0.0,0.0,0.0,0.0,0.0,0.0,0.0,0.0,0.0,0.0,0.0,0.0,0.0,0.0,0.0,0.0,0.0,0.0,0.0,0.0,0.0,0.0,0.0,0.0,0.0,0.0,0.0,0.0,0.0,0.0,0.0,0.0,0.0,0.0,0.0,0.0,0.0,0.0,0.0,0.0,0.0,0.0,0.0,0.0,0.0,0.0,0.0,0.0,0.0,0.0,0.0,0.0,0.0,0.0,0.0,0.0,0.0,0.0,0.0,0.0,0.0,0.0,0.0,0.0,0.0,0.0,0.0,0.0,0.0,0.0,0.0,0.0,0.0,0.0,0.0,0.0,0.0,0.0,0.0,0.0,0.0,0.0,0.0,0.0,0.0,0.0,0.0,0.0,0.0,0.0,0.0,0.0,0.0,0.0,0.0,0.0,0.0,0.0,0.0,0.0,0.0,0.0,0.0,0.0,0.0,0.0,0.0,0.0,0.0,0.0,0.0,0.0,0.0,0.0,0.0,0.0,0.0,0.0,0.0,0.0,0.0,0.0,0.0,0.0,0.0,0.0,0.0,0.0,0.0,0.0,0.0,0.0,0.0,0.0,0.0,0.0,0.0,0.0,0.0,0.0,0.0,0.0,0.0,0.0,0.0,0.0,0.0,0.0,0.0,0.0,0.0,0.0,0.0,0.0,0.0,0.0,0.0,0.0,0.0,0.0
0.18041864093920718,7.006300106868893e-11,0.0,0.0,0.0,0.0,0.0,0.0,0.0,0.0,0.0,0.0,0.0,0.0,0.0,0.0,0.0,0.0,0.0,0.0,0.0,0.0,0.0,0.0,0.0,0.0,0.0,0.0,0.0,0.0,0.0,0.0,0.0,0.0,0.0,0.0,0.0,0.0,0.0,0.0,0.0,0.0,0.0,0.0,0.0,0.0,0.0,0.0,0.0,0.0,0.0,0.0,0.0,0.0,0.0,0.0,0.0,0.0,0.0,0.0,0.0,0.0,0.0,0.0,0.0,0.0,0.0,0.0,0.0,0.0,0.0,0.0,0.0,0.0,0.0,0.0,0.0,0.0,0.0,0.0,0.0,0.0,0.0,0.0,0.0,0.0,0.0,0.0,0.0,0.0,0.0,0.0,0.0,0.0,0.0,0.0,0.0,0.0,0.0,0.0,0.0,0.0,0.0,0.0,0.0,0.0,0.0,0.0,0.0,0.0,0.0,0.0,0.0,0.0,0.0,0.0,0.0,0.0,0.0,0.0,0.0,0.0,0.0,0.0,0.0,0.0,0.0,0.0,0.0,0.0,0.0,0.0,0.0,0.0,0.0,0.0,0.0,0.0,0.0,0.0,0.0,0.0,0.0,0.0,0.0,0.0,0.0,0.0,0.0,0.0,0.0,0.0,0.0,0.0,0.0,0.0,0.0,0.0,0.0,0.0,0.0,0.0,0.0,0.0,0.0,0.0,0.0,0.0,0.0,0.0,0.0,0.0,0.0,0.0,0.0,0.0,0.0,0.0,0.0,0.0,0.0,0.0,0.0,0.0,0.0,0.0,0.0,0.0,0.0,0.0,0.0,0.0,0.0,0.0,0.0,0.0,0.0,0.0,0.0,0.0,0.0
0.193389175045523,7.059976512856088e-11,0.0,0.0,0.0,0.0,0.0,0.0,0.0,0.0,0.0,0.0,0.0,0.0,0.0,0.0,0.0,0.0,0.0,0.0,0.0,0.0,0.0,0.0,0.0,0.0,0.0,0.0,0.0,0.0,0.0,0.0,0.0,0.0,0.0,0.0,0.0,0.0,0.0,0.0,0.0,0.0,0.0,0.0,0.0,0.0,0.0,0.0,0.0,0.0,0.0,0.0,0.0,0.0,0.0,0.0,0.0,0.0,0.0,0.0,0.0,0.0,0.0,0.0,0.0,0.0,0.0,0.0,0.0,0.0,0.0,0.0,0.0,0.0,0.0,0.0,0.0,0.0,0.0,0.0,0.0,0.0,0.0,0.0,0.0,0.0,0.0,0.0,0.0,0.0,0.0,0.0,0.0,0.0,0.0,0.0,0.0,0.0,0.0,0.0,0.0,0.0,0.0,0.0,0.0,0.0,0.0,0.0,0.0,0.0,0.0,0.0,0.0,0.0,0.0,0.0,0.0,0.0,0.0,0.0,0.0,0.0,0.0,0.0,0.0,0.0,0.0,0.0,0.0,0.0,0.0,0.0,0.0,0.0,0.0,0.0,0.0,0.0,0.0,0.0,0.0,0.0,0.0,0.0,0.0,0.0,0.0,0.0,0.0,0.0,0.0,0.0,0.0,0.0,0.0,0.0,0.0,0.0,0.0,0.0,0.0,0.0,0.0,0.0,0.0,0.0,0.0,0.0,0.0,0.0,0.0,0.0,0.0,0.0,0.0,0.0,0.0,0.0,0.0,0.0,0.0,0.0,0.0,0.0,0.0,0.0,0.0,0.0,0.0,0.0,0.0,0.0,0.0,0.0,0.0,0.0,0.0,0.0,0.0,0.0,0.0
0.20729217795953697,0.0,0.0,0.0,0.0,0.0,0.0,0.0,0.0,0.0,0.0,0.0,0.0,0.0,0.0,0.0,0.0,0.0,0.0,0.0,0.0,0.0,0.0,0.0,0.0,0.0,0.0,0.0,0.0,0.0,0.0,0.0,0.0,0.0,0.0,0.0,0.0,0.0,0.0,0.0,0.0,0.0,0.0,0.0,0.0,0.0,0.0,0.0,0.0,0.0,0.0,0.0,0.0,0.0,0.0,0.0,0.0,0.0,0.0,0.0,0.0,0.0,0.0,0.0,0.0,0.0,0.0,0.0,0.0,0.0,0.0,0.0,0.0,0.0,0.0,0.0,0.0,0.0,0.0,0.0,0.0,0.0,0.0,0.0,0.0,0.0,0.0,0.0,0.0,0.0,0.0,0.0,0.0,0.0,0.0,0.0,0.0,0.0,0.0,0.0,0.0,0.0,0.0,0.0,0.0,0.0,0.0,0.0,0.0,0.0,0.0,0.0,0.0,0.0,0.0,0.0,0.0,0.0,0.0,0.0,0.0,0.0,0.0,0.0,0.0,0.0,0.0,0.0,0.0,0.0,0.0,0.0,0.0,0.0,0.0,0.0,0.0,0.0,0.0,0.0,0.0,0.0,0.0,0.0,0.0,0.0,0.0,0.0,0.0,0.0,0.0,0.0,0.0,0.0,0.0,0.0,0.0,0.0,0.0,0.0,0.0,0.0,0.0,0.0,0.0,0.0,0.0,0.0,0.0,0.0,0.0,0.0,0.0,0.0,0.0,0.0,0.0,0.0,0.0,0.0,0.0,0.0,0.0,0.0,0.0,0.0,0.0,0.0,0.0,0.0,0.0,0.0,0.0,0.0,0.0,0.0,0.0,0.0,0.0,0.0,0.0
0.22219468609395238,0.0,0.0,0.0,0.0,0.0,0.0,0.0,0.0,0.0,0.0,0.0,0.0,0.0,0.0,0.0,0.0,0.0,0.0,0.0,0.0,0.0,0.0,0.0,0.0,0.0,0.0,0.0,0.0,0.0,0.0,0.0,0.0,0.0,0.0,0.0,0.0,0.0,0.0,0.0,0.0,0.0,0.0,0.0,0.0,0.0,0.0,0.0,0.0,0.0,0.0,0.0,0.0,0.0,0.0,0.0,0.0,0.0,0.0,0.0,0.0,0.0,0.0,0.0,0.0,0.0,0.0,0.0,0.0,0.0,0.0,0.0,0.0,0.0,0.0,0.0,0.0,0.0,0.0,0.0,0.0,0.0,0.0,0.0,0.0,0.0,0.0,0.0,0.0,0.0,0.0,0.0,0.0,0.0,0.0,0.0,0.0,0.0,0.0,0.0,0.0,0.0,0.0,0.0,0.0,0.0,0.0,0.0,0.0,0.0,0.0,0.0,0.0,0.0,0.0,0.0,0.0,0.0,0.0,0.0,0.0,0.0,0.0,0.0,0.0,0.0,0.0,0.0,0.0,0.0,0.0,0.0,0.0,0.0,0.0,0.0,0.0,0.0,0.0,0.0,0.0,0.0,0.0,0.0,0.0,0.0,0.0,0.0,0.0,0.0,0.0,0.0,0.0,0.0,0.0,0.0,0.0,0.0,0.0,0.0,0.0,0.0,0.0,0.0,0.0,0.0,0.0,0.0,0.0,0.0,0.0,0.0,0.0,0.0,0.0,0.0,0.0,0.0,0.0,0.0,0.0,0.0,0.0,0.0,0.0,0.0,0.0,0.0,0.0,0.0,0.0,0.0,0.0,0.0,0.0,0.0,0.0,0.0,0.0,0.0,0.0
0.23816855519761582,0.0,0.0,0.0,0.0,0.0,0.0,0.0,0.0,0.0,0.0,0.0,0.0,0.0,0.0,0.0,0.0,0.0,0.0,0.0,0.0,0.0,0.0,0.0,0.0,0.0,0.0,0.0,0.0,0.0,0.0,0.0,0.0,0.0,0.0,0.0,0.0,0.0,0.0,0.0,0.0,0.0,0.0,0.0,0.0,0.0,0.0,0.0,0.0,0.0,0.0,0.0,0.0,0.0,0.0,0.0,0.0,0.0,0.0,0.0,0.0,0.0,0.0,0.0,0.0,0.0,0.0,0.0,0.0,0.0,0.0,0.0,0.0,0.0,0.0,0.0,0.0,0.0,0.0,0.0,0.0,0.0,0.0,0.0,0.0,0.0,0.0,0.0,0.0,0.0,0.0,0.0,0.0,0.0,0.0,0.0,0.0,0.0,0.0,0.0,0.0,0.0,0.0,0.0,0.0,0.0,0.0,0.0,0.0,0.0,0.0,0.0,0.0,0.0,0.0,0.0,0.0,0.0,0.0,0.0,0.0,0.0,0.0,0.0,0.0,0.0,0.0,0.0,0.0,0.0,0.0,0.0,0.0,0.0,0.0,0.0,0.0,0.0,0.0,0.0,0.0,0.0,0.0,0.0,0.0,0.0,0.0,0.0,0.0,0.0,0.0,0.0,0.0,0.0,0.0,0.0,0.0,0.0,0.0,0.0,0.0,0.0,0.0,0.0,0.0,0.0,0.0,0.0,0.0,0.0,0.0,0.0,0.0,0.0,0.0,0.0,0.0,0.0,0.0,0.0,0.0,0.0,0.0,0.0,0.0,0.0,0.0,0.0,0.0,0.0,0.0,0.0,0.0,0.0,0.0,0.0,0.0,0.0,0.0,0.0,0.0
0.25529080682395167,0.0,0.0,0.0,0.0,0.0,0.0,0.0,0.0,0.0,0.0,0.0,0.0,0.0,0.0,0.0,0.0,0.0,0.0,0.0,0.0,0.0,0.0,0.0,0.0,0.0,0.0,0.0,0.0,0.0,0.0,0.0,0.0,0.0,0.0,0.0,0.0,0.0,0.0,0.0,0.0,0.0,0.0,0.0,0.0,0.0,0.0,0.0,0.0,0.0,0.0,0.0,0.0,0.0,0.0,0.0,0.0,0.0,0.0,0.0,0.0,0.0,0.0,0.0,0.0,0.0,0.0,0.0,0.0,0.0,0.0,0.0,0.0,0.0,0.0,0.0,0.0,0.0,0.0,0.0,0.0,0.0,0.0,0.0,0.0,0.0,0.0,0.0,0.0,0.0,0.0,0.0,0.0,0.0,0.0,0.0,0.0,0.0,0.0,0.0,0.0,0.0,0.0,0.0,0.0,0.0,0.0,0.0,0.0,0.0,0.0,0.0,0.0,0.0,0.0,0.0,0.0,0.0,0.0,0.0,0.0,0.0,0.0,0.0,0.0,0.0,0.0,0.0,0.0,0.0,0.0,0.0,0.0,0.0,0.0,0.0,0.0,0.0,0.0,0.0,0.0,0.0,0.0,0.0,0.0,0.0,0.0,0.0,0.0,0.0,0.0,0.0,0.0,0.0,0.0,0.0,0.0,0.0,0.0,0.0,0.0,0.0,0.0,0.0,0.0,0.0,0.0,0.0,0.0,0.0,0.0,0.0,0.0,0.0,0.0,0.0,0.0,0.0,0.0,0.0,0.0,0.0,0.0,0.0,0.0,0.0,0.0,0.0,0.0,0.0,0.0,0.0,0.0,0.0,0.0,0.0,0.0,0.0,0.0,0.0,0.0
0.2736439997074669,0.0,0.0,0.0,0.0,0.0,0.0,0.0,0.0,0.0,0.0,0.0,0.0,0.0,0.0,0.0,0.0,0.0,0.0,0.0,0.0,0.0,0.0,0.0,0.0,0.0,0.0,0.0,0.0,0.0,0.0,0.0,0.0,0.0,0.0,0.0,0.0,0.0,0.0,0.0,0.0,0.0,0.0,0.0,0.0,0.0,0.0,0.0,0.0,0.0,0.0,0.0,0.0,0.0,0.0,0.0,0.0,0.0,0.0,0.0,0.0,0.0,0.0,0.0,0.0,0.0,0.0,0.0,0.0,0.0,0.0,0.0,0.0,0.0,0.0,0.0,0.0,0.0,0.0,0.0,0.0,0.0,0.0,0.0,0.0,0.0,0.0,0.0,0.0,0.0,0.0,0.0,0.0,0.0,0.0,0.0,0.0,0.0,0.0,0.0,0.0,0.0,0.0,0.0,0.0,0.0,0.0,0.0,0.0,0.0,0.0,0.0,0.0,0.0,0.0,0.0,0.0,0.0,0.0,0.0,0.0,0.0,0.0,0.0,0.0,0.0,0.0,0.0,0.0,0.0,0.0,0.0,0.0,0.0,0.0,0.0,0.0,0.0,0.0,0.0,0.0,0.0,0.0,0.0,0.0,0.0,0.0,0.0,0.0,0.0,0.0,0.0,0.0,0.0,0.0,0.0,0.0,0.0,0.0,0.0,0.0,0.0,0.0,0.0,0.0,0.0,0.0,0.0,0.0,0.0,0.0,0.0,0.0,0.0,0.0,0.0,0.0,0.0,0.0,0.0,0.0,0.0,0.0,0.0,0.0,0.0,0.0,0.0,0.0,0.0,0.0,0.0,0.0,0.0,0.0,0.0,0.0,0.0,0.0,0.0,0.0
0.29331662783900425,0.0,0.0,0.0,0.0,0.0,0.0,0.0,0.0,0.0,0.0,0.0,0.0,0.0,0.0,0.0,0.0,0.0,0.0,0.0,0.0,0.0,0.0,0.0,0.0,0.0,0.0,0.0,0.0,0.0,0.0,0.0,0.0,0.0,0.0,0.0,0.0,0.0,0.0,0.0,0.0,0.0,0.0,0.0,0.0,0.0,0.0,0.0,0.0,0.0,0.0,0.0,0.0,0.0,0.0,0.0,0.0,0.0,0.0,0.0,0.0,0.0,0.0,0.0,0.0,0.0,0.0,0.0,0.0,0.0,0.0,0.0,0.0,0.0,0.0,0.0,0.0,0.0,0.0,0.0,0.0,0.0,0.0,0.0,0.0,0.0,0.0,0.0,0.0,0.0,0.0,0.0,0.0,0.0,0.0,0.0,0.0,0.0,0.0,0.0,0.0,0.0,0.0,0.0,0.0,0.0,0.0,0.0,0.0,0.0,0.0,0.0,0.0,0.0,0.0,0.0,0.0,0.0,0.0,0.0,0.0,0.0,0.0,0.0,0.0,0.0,0.0,0.0,0.0,0.0,0.0,0.0,0.0,0.0,0.0,0.0,0.0,0.0,0.0,0.0,0.0,0.0,0.0,0.0,0.0,0.0,0.0,0.0,0.0,0.0,0.0,0.0,0.0,0.0,0.0,0.0,0.0,0.0,0.0,0.0,0.0,0.0,0.0,0.0,0.0,0.0,0.0,0.0,0.0,0.0,0.0,0.0,0.0,0.0,0.0,0.0,0.0,0.0,0.0,0.0,0.0,0.0,0.0,0.0,0.0,0.0,0.0,0.0,0.0,0.0,0.0,0.0,0.0,0.0,0.0,0.0,0.0,0.0,0.0,0.0,0.0
0.31440354715915003,0.0,0.0,0.0,0.0,0.0,0.0,0.0,0.0,0.0,0.0,0.0,0.0,0.0,0.0,0.0,0.0,0.0,0.0,0.0,0.0,0.0,0.0,0.0,0.0,0.0,0.0,0.0,0.0,0.0,0.0,0.0,0.0,0.0,0.0,0.0,0.0,0.0,0.0,0.0,0.0,0.0,0.0,0.0,0.0,0.0,0.0,0.0,0.0,0.0,0.0,0.0,0.0,0.0,0.0,0.0,0.0,0.0,0.0,0.0,0.0,0.0,0.0,0.0,0.0,0.0,0.0,0.0,0.0,0.0,0.0,0.0,0.0,0.0,0.0,0.0,0.0,0.0,0.0,0.0,0.0,0.0,0.0,0.0,0.0,0.0,0.0,0.0,0.0,0.0,0.0,0.0,0.0,0.0,0.0,0.0,0.0,0.0,0.0,0.0,0.0,0.0,0.0,0.0,0.0,0.0,0.0,0.0,0.0,0.0,0.0,0.0,0.0,0.0,0.0,0.0,0.0,0.0,0.0,0.0,0.0,0.0,0.0,0.0,0.0,0.0,0.0,0.0,0.0,0.0,0.0,0.0,0.0,0.0,0.0,0.0,0.0,0.0,0.0,0.0,0.0,0.0,0.0,0.0,0.0,0.0,0.0,0.0,0.0,0.0,0.0,0.0,0.0,0.0,0.0,0.0,0.0,0.0,0.0,0.0,0.0,0.0,0.0,0.0,0.0,0.0,0.0,0.0,0.0,0.0,0.0,0.0,0.0,0.0,0.0,0.0,0.0,0.0,0.0,0.0,0.0,0.0,0.0,0.0,0.0,0.0,0.0,0.0,0.0,0.0,0.0,0.0,0.0,0.0,0.0,0.0,0.0,0.0,0.0,0.0,0.0
0.33700643292719284,0.0,0.0,0.0,0.0,0.0,0.0,0.0,0.0,0.0,0.0,0.0,0.0,0.0,0.0,0.0,0.0,0.0,0.0,0.0,0.0,0.0,0.0,0.0,0.0,0.0,0.0,0.0,0.0,0.0,0.0,0.0,0.0,0.0,0.0,0.0,0.0,0.0,0.0,0.0,0.0,0.0,0.0,0.0,0.0,0.0,0.0,0.0,0.0,0.0,0.0,0.0,0.0,0.0,0.0,0.0,0.0,0.0,0.0,0.0,0.0,0.0,0.0,0.0,0.0,0.0,0.0,0.0,0.0,0.0,0.0,0.0,0.0,0.0,0.0,0.0,0.0,0.0,0.0,0.0,0.0,0.0,0.0,0.0,0.0,0.0,0.0,0.0,0.0,0.0,0.0,0.0,0.0,0.0,0.0,0.0,0.0,0.0,0.0,0.0,0.0,0.0,0.0,0.0,0.0,0.0,0.0,0.0,0.0,0.0,0.0,0.0,0.0,0.0,0.0,0.0,0.0,0.0,0.0,0.0,0.0,0.0,0.0,0.0,0.0,0.0,0.0,0.0,0.0,0.0,0.0,0.0,0.0,0.0,0.0,0.0,0.0,0.0,0.0,0.0,0.0,0.0,0.0,0.0,0.0,0.0,0.0,0.0,0.0,0.0,0.0,0.0,0.0,0.0,0.0,0.0,0.0,0.0,0.0,0.0,0.0,0.0,0.0,0.0,0.0,0.0,0.0,0.0,0.0,0.0,0.0,0.0,0.0,0.0,0.0,0.0,0.0,0.0,0.0,0.0,0.0,0.0,0.0,0.0,0.0,0.0,0.0,0.0,0.0,0.0,0.0,0.0,0.0,0.0,0.0,0.0,0.0,0.0,0.0,0.0,0.0
0.36123426997094304,0.0,0.0,0.0,0.0,0.0,0.0,0.0,0.0,0.0,0.0,0.0,0.0,0.0,0.0,0.0,0.0,0.0,0.0,0.0,0.0,0.0,0.0,0.0,0.0,0.0,0.0,0.0,0.0,0.0,0.0,0.0,0.0,0.0,0.0,0.0,0.0,0.0,0.0,0.0,0.0,0.0,0.0,0.0,0.0,0.0,0.0,0.0,0.0,0.0,0.0,0.0,0.0,0.0,0.0,0.0,0.0,0.0,0.0,0.0,0.0,0.0,0.0,0.0,0.0,0.0,0.0,0.0,0.0,0.0,0.0,0.0,0.0,0.0,0.0,0.0,0.0,0.0,0.0,0.0,0.0,0.0,0.0,0.0,0.0,0.0,0.0,0.0,0.0,0.0,0.0,0.0,0.0,0.0,0.0,0.0,0.0,0.0,0.0,0.0,0.0,0.0,0.0,0.0,0.0,0.0,0.0,0.0,0.0,0.0,0.0,0.0,0.0,0.0,0.0,0.0,0.0,0.0,0.0,0.0,0.0,0.0,0.0,0.0,0.0,0.0,0.0,0.0,0.0,0.0,0.0,0.0,0.0,0.0,0.0,0.0,0.0,0.0,0.0,0.0,0.0,0.0,0.0,0.0,0.0,0.0,0.0,0.0,0.0,0.0,0.0,0.0,0.0,0.0,0.0,0.0,0.0,0.0,0.0,0.0,0.0,0.0,0.0,0.0,0.0,0.0,0.0,0.0,0.0,0.0,0.0,0.0,0.0,0.0,0.0,0.0,0.0,0.0,0.0,0.0,0.0,0.0,0.0,0.0,0.0,0.0,0.0,0.0,0.0,0.0,0.0,0.0,0.0,0.0,0.0,0.0,0.0,0.0,0.0,0.0,0.0
0.3872038781812553,0.0,0.0,0.0,0.0,0.0,0.0,0.0,0.0,0.0,0.0,0.0,0.0,0.0,0.0,0.0,0.0,0.0,0.0,0.0,0.0,0.0,0.0,0.0,0.0,0.0,0.0,0.0,0.0,0.0,0.0,0.0,0.0,0.0,0.0,0.0,0.0,0.0,0.0,0.0,0.0,0.0,0.0,0.0,0.0,0.0,0.0,0.0,0.0,0.0,0.0,0.0,0.0,0.0,0.0,0.0,0.0,0.0,0.0,0.0,0.0,0.0,0.0,0.0,0.0,0.0,0.0,0.0,0.0,0.0,0.0,0.0,0.0,0.0,0.0,0.0,0.0,0.0,0.0,0.0,0.0,0.0,0.0,0.0,0.0,0.0,0.0,0.0,0.0,0.0,0.0,0.0,0.0,0.0,0.0,0.0,0.0,0.0,0.0,0.0,0.0,0.0,0.0,0.0,0.0,0.0,0.0,0.0,0.0,0.0,0.0,0.0,0.0,0.0,0.0,0.0,0.0,0.0,0.0,0.0,0.0,0.0,0.0,0.0,0.0,0.0,0.0,0.0,0.0,0.0,0.0,0.0,0.0,0.0,0.0,0.0,0.0,0.0,0.0,0.0,0.0,0.0,0.0,0.0,0.0,0.0,0.0,0.0,0.0,0.0,0.0,0.0,0.0,0.0,0.0,0.0,0.0,0.0,0.0,0.0,0.0,0.0,0.0,0.0,0.0,0.0,0.0,0.0,0.0,0.0,0.0,0.0,0.0,0.0,0.0,0.0,0.0,0.0,0.0,0.0,0.0,0.0,0.0,0.0,0.0,0.0,0.0,0.0,0.0,0.0,0.0,0.0,0.0,0.0,0.0,0.0,0.0,0.0,0.0,0.0,0.0
0.41504047578504727,0.0,0.0,0.0,0.0,0.0,0.0,0.0,0.0,0.0,0.0,0.0,0.0,0.0,0.0,0.0,0.0,0.0,0.0,0.0,0.0,0.0,0.0,0.0,0.0,0.0,0.0,0.0,0.0,0.0,0.0,0.0,0.0,0.0,0.0,0.0,0.0,0.0,0.0,0.0,0.0,0.0,0.0,0.0,0.0,0.0,0.0,0.0,0.0,0.0,0.0,0.0,0.0,0.0,0.0,0.0,0.0,0.0,0.0,0.0,0.0,0.0,0.0,0.0,0.0,0.0,0.0,0.0,0.0,0.0,0.0,0.0,0.0,0.0,0.0,0.0,0.0,0.0,0.0,0.0,0.0,0.0,0.0,0.0,0.0,0.0,0.0,0.0,0.0,0.0,0.0,0.0,0.0,0.0,0.0,0.0,0.0,0.0,0.0,0.0,0.0,0.0,0.0,0.0,0.0,0.0,0.0,0.0,0.0,0.0,0.0,0.0,0.0,0.0,0.0,0.0,0.0,0.0,0.0,0.0,0.0,0.0,0.0,0.0,0.0,0.0,0.0,0.0,0.0,0.0,0.0,0.0,0.0,0.0,0.0,0.0,0.0,0.0,0.0,0.0,0.0,0.0,0.0,0.0,0.0,0.0,0.0,0.0,0.0,0.0,0.0,0.0,0.0,0.0,0.0,0.0,0.0,0.0,0.0,0.0,0.0,0.0,0.0,0.0,0.0,0.0,0.0,0.0,0.0,0.0,0.0,0.0,0.0,0.0,0.0,0.0,0.0,0.0,0.0,0.0,0.0,0.0,0.0,0.0,0.0,0.0,0.0,0.0,0.0,0.0,0.0,0.0,0.0,0.0,0.0,0.0,0.0,0.0,0.0,0.0,0.0
0.4448782831127585,0.0,0.0,0.0,0.0,0.0,0.0,0.0,0.0,0.0,0.0,0.0,0.0,0.0,0.0,0.0,0.0,0.0,0.0,0.0,0.0,0.0,0.0,0.0,0.0,0.0,0.0,0.0,0.0,0.0,0.0,0.0,0.0,0.0,0.0,0.0,0.0,0.0,0.0,0.0,0.0,0.0,0.0,0.0,0.0,0.0,0.0,0.0,0.0,0.0,0.0,0.0,0.0,0.0,0.0,0.0,0.0,0.0,0.0,0.0,0.0,0.0,0.0,0.0,0.0,0.0,0.0,0.0,0.0,0.0,0.0,0.0,0.0,0.0,0.0,0.0,0.0,0.0,0.0,0.0,0.0,0.0,0.0,0.0,0.0,0.0,0.0,0.0,0.0,0.0,0.0,0.0,0.0,0.0,0.0,0.0,0.0,0.0,0.0,0.0,0.0,0.0,0.0,0.0,0.0,0.0,0.0,0.0,0.0,0.0,0.0,0.0,0.0,0.0,0.0,0.0,0.0,0.0,0.0,0.0,0.0,0.0,0.0,0.0,0.0,0.0,0.0,0.0,0.0,0.0,0.0,0.0,0.0,0.0,0.0,0.0,0.0,0.0,0.0,0.0,0.0,0.0,0.0,0.0,0.0,0.0,0.0,0.0,0.0,0.0,0.0,0.0,0.0,0.0,0.0,0.0,0.0,0.0,0.0,0.0,0.0,0.0,0.0,0.0,0.0,0.0,0.0,0.0,0.0,0.0,0.0,0.0,0.0,0.0,0.0,0.0,0.0,0.0,0.0,0.0,0.0,0.0,0.0,0.0,0.0,0.0,0.0,0.0,0.0,0.0,0.0,0.0,0.0,0.0,0.0,0.0,0.0,0.0,0.0,0.0,0.0
0.47686116977144694,0.0,0.0,0.0,0.0,0.0,0.0,0.0,0.0,0.0,0.0,0.0,0.0,0.0,0.0,0.0,0.0,0.0,0.0,0.0,0.0,0.0,0.0,0.0,0.0,0.0,0.0,0.0,0.0,0.0,0.0,0.0,0.0,0.0,0.0,0.0,0.0,0.0,0.0,0.0,0.0,0.0,0.0,0.0,0.0,0.0,0.0,0.0,0.0,0.0,0.0,0.0,0.0,0.0,0.0,0.0,0.0,0.0,0.0,0.0,0.0,0.0,0.0,0.0,0.0,0.0,0.0,0.0,0.0,0.0,0.0,0.0,0.0,0.0,0.0,0.0,0.0,0.0,0.0,0.0,0.0,0.0,0.0,0.0,0.0,0.0,0.0,0.0,0.0,0.0,0.0,0.0,0.0,0.0,0.0,0.0,0.0,0.0,0.0,0.0,0.0,0.0,0.0,0.0,0.0,0.0,0.0,0.0,0.0,0.0,0.0,0.0,0.0,0.0,0.0,0.0,0.0,0.0,0.0,0.0,0.0,0.0,0.0,0.0,0.0,0.0,0.0,0.0,0.0,0.0,0.0,0.0,0.0,0.0,0.0,0.0,0.0,0.0,0.0,0.0,0.0,0.0,0.0,0.0,0.0,0.0,0.0,0.0,0.0,0.0,0.0,0.0,0.0,0.0,0.0,0.0,0.0,0.0,0.0,0.0,0.0,0.0,0.0,0.0,0.0,0.0,0.0,0.0,0.0,0.0,0.0,0.0,0.0,0.0,0.0,0.0,0.0,0.0,0.0,0.0,0.0,0.0,0.0,0.0,0.0,0.0,0.0,0.0,0.0,0.0,0.0,0.0,0.0,0.0,0.0,0.0,0.0,0.0,0.0,0.0,0.0
0.5111433483440165,0.0,0.0,0.0,0.0,0.0,0.0,0.0,0.0,0.0,0.0,0.0,0.0,0.0,0.0,0.0,0.0,0.0,0.0,0.0,0.0,0.0,0.0,0.0,0.0,0.0,0.0,0.0,0.0,0.0,0.0,0.0,0.0,0.0,0.0,0.0,0.0,0.0,0.0,0.0,0.0,0.0,0.0,0.0,0.0,0.0,0.0,0.0,0.0,0.0,0.0,0.0,0.0,0.0,0.0,0.0,0.0,0.0,0.0,0.0,0.0,0.0,0.0,0.0,0.0,0.0,0.0,0.0,0.0,0.0,0.0,0.0,0.0,0.0,0.0,0.0,0.0,0.0,0.0,0.0,0.0,0.0,0.0,0.0,0.0,0.0,0.0,0.0,0.0,0.0,0.0,0.0,0.0,0.0,0.0,0.0,0.0,0.0,0.0,0.0,0.0,0.0,0.0,0.0,0.0,0.0,0.0,0.0,0.0,0.0,0.0,0.0,0.0,0.0,0.0,0.0,0.0,0.0,0.0,0.0,0.0,0.0,0.0,0.0,0.0,0.0,0.0,0.0,0.0,0.0,0.0,0.0,0.0,0.0,0.0,0.0,0.0,0.0,0.0,0.0,0.0,0.0,0.0,0.0,0.0,0.0,0.0,0.0,0.0,0.0,0.0,0.0,0.0,0.0,0.0,0.0,0.0,0.0,0.0,0.0,0.0,0.0,0.0,0.0,0.0,0.0,0.0,0.0,0.0,0.0,0.0,0.0,0.0,0.0,0.0,0.0,0.0,0.0,0.0,0.0,0.0,0.0,0.0,0.0,0.0,0.0,0.0,0.0,0.0,0.0,0.0,0.0,0.0,0.0,0.0,0.0,0.0,0.0,0.0,0.0,0.0
0.5478901179593939,0.0,0.0,0.0,0.0,0.0,0.0,0.0,0.0,0.0,0.0,0.0,0.0,0.0,0.0,0.0,0.0,0.0,0.0,0.0,0.0,0.0,0.0,0.0,0.0,0.0,0.0,0.0,0.0,0.0,0.0,0.0,0.0,0.0,0.0,0.0,0.0,0.0,0.0,0.0,0.0,0.0,0.0,0.0,0.0,0.0,0.0,0.0,0.0,0.0,0.0,0.0,0.0,0.0,0.0,0.0,0.0,0.0,0.0,0.0,0.0,0.0,0.0,0.0,0.0,0.0,0.0,0.0,0.0,0.0,0.0,0.0,0.0,0.0,0.0,0.0,0.0,0.0,0.0,0.0,0.0,0.0,0.0,0.0,0.0,0.0,0.0,0.0,0.0,0.0,0.0,0.0,0.0,0.0,0.0,0.0,0.0,0.0,0.0,0.0,0.0,0.0,0.0,0.0,0.0,0.0,0.0,0.0,0.0,0.0,0.0,0.0,0.0,0.0,0.0,0.0,0.0,0.0,0.0,0.0,0.0,0.0,0.0,0.0,0.0,0.0,0.0,0.0,0.0,0.0,0.0,0.0,0.0,0.0,0.0,0.0,0.0,0.0,0.0,0.0,0.0,0.0,0.0,0.0,0.0,0.0,0.0,0.0,0.0,0.0,0.0,0.0,0.0,0.0,0.0,0.0,0.0,0.0,0.0,0.0,0.0,0.0,0.0,0.0,0.0,0.0,0.0,0.0,0.0,0.0,0.0,0.0,0.0,0.0,0.0,0.0,0.0,0.0,0.0,0.0,0.0,0.0,0.0,0.0,0.0,0.0,0.0,0.0,0.0,0.0,0.0,0.0,0.0,0.0,0.0,0.0,0.0,0.0,0.0,0.0,0.0
0.5872786613189477,0.0,0.0,0.0,0.0,0.0,0.0,0.0,0.0,0.0,0.0,0.0,0.0,0.0,0.0,0.0,0.0,0.0,0.0,0.0,0.0,0.0,0.0,0.0,0.0,0.0,0.0,0.0,0.0,0.0,0.0,0.0,0.0,0.0,0.0,0.0,0.0,0.0,0.0,0.0,0.0,0.0,0.0,0.0,0.0,0.0,0.0,0.0,0.0,0.0,0.0,0.0,0.0,0.0,0.0,0.0,0.0,0.0,0.0,0.0,0.0,0.0,0.0,0.0,0.0,0.0,0.0,0.0,0.0,0.0,0.0,0.0,0.0,0.0,0.0,0.0,0.0,0.0,0.0,0.0,0.0,0.0,0.0,0.0,0.0,0.0,0.0,0.0,0.0,0.0,0.0,0.0,0.0,0.0,0.0,0.0,0.0,0.0,0.0,0.0,0.0,0.0,0.0,0.0,0.0,0.0,0.0,0.0,0.0,0.0,0.0,0.0,0.0,0.0,0.0,0.0,0.0,0.0,0.0,0.0,0.0,0.0,0.0,0.0,0.0,0.0,0.0,0.0,0.0,0.0,0.0,0.0,0.0,0.0,0.0,0.0,0.0,0.0,0.0,0.0,0.0,0.0,0.0,0.0,0.0,0.0,0.0,0.0,0.0,0.0,0.0,0.0,0.0,0.0,0.0,0.0,0.0,0.0,0.0,0.0,0.0,0.0,0.0,0.0,0.0,0.0,0.0,0.0,0.0,0.0,0.0,0.0,0.0,0.0,0.0,0.0,0.0,0.0,0.0,0.0,0.0,0.0,0.0,0.0,0.0,0.0,0.0,0.0,0.0,0.0,0.0,0.0,0.0,0.0,0.0,0.0,0.0,0.0,0.0,0.0,0.0
0.6294988990221888,0.0,0.0,0.0,0.0,0.0,0.0,0.0,0.0,0.0,0.0,0.0,0.0,0.0,0.0,0.0,0.0,0.0,0.0,0.0,0.0,0.0,0.0,0.0,0.0,0.0,0.0,0.0,0.0,0.0,0.0,0.0,0.0,0.0,0.0,0.0,0.0,0.0,0.0,0.0,0.0,0.0,0.0,0.0,0.0,0.0,0.0,0.0,0.0,0.0,0.0,0.0,0.0,0.0,0.0,0.0,0.0,0.0,0.0,0.0,0.0,0.0,0.0,0.0,0.0,0.0,0.0,0.0,0.0,0.0,0.0,0.0,0.0,0.0,0.0,0.0,0.0,0.0,0.0,0.0,0.0,0.0,0.0,0.0,0.0,0.0,0.0,0.0,0.0,0.0,0.0,0.0,0.0,0.0,0.0,0.0,0.0,0.0,0.0,0.0,0.0,0.0,0.0,0.0,0.0,0.0,0.0,0.0,0.0,0.0,0.0,0.0,0.0,0.0,0.0,0.0,0.0,0.0,0.0,0.0,0.0,0.0,0.0,0.0,0.0,0.0,0.0,0.0,0.0,0.0,0.0,0.0,0.0,0.0,0.0,0.0,0.0,0.0,0.0,0.0,0.0,0.0,0.0,0.0,0.0,0.0,0.0,0.0,0.0,0.0,0.0,0.0,0.0,0.0,0.0,0.0,0.0,0.0,0.0,0.0,0.0,0.0,0.0,0.0,0.0,0.0,0.0,0.0,0.0,0.0,0.0,0.0,0.0,0.0,0.0,0.0,0.0,0.0,0.0,0.0,0.0,0.0,0.0,0.0,0.0,0.0,0.0,0.0,0.0,0.0,0.0,0.0,0.0,0.0,0.0,0.0,0.0,0.0,0.0,0.0,0.0
0.6747544053110693,0.0,0.0,0.0,0.0,0.0,0.0,0.0,0.0,0.0,0.0,0.0,0.0,0.0,0.0,0.0,0.0,0.0,0.0,0.0,0.0,0.0,0.0,0.0,0.0,0.0,0.0,0.0,0.0,0.0,0.0,0.0,0.0,0.0,0.0,0.0,0.0,0.0,0.0,0.0,0.0,0.0,0.0,0.0,0.0,0.0,0.0,0.0,0.0,0.0,0.0,0.0,0.0,0.0,0.0,0.0,0.0,0.0,0.0,0.0,0.0,0.0,0.0,0.0,0.0,0.0,0.0,0.0,0.0,0.0,0.0,0.0,0.0,0.0,0.0,0.0,0.0,0.0,0.0,0.0,0.0,0.0,0.0,0.0,0.0,0.0,0.0,0.0,0.0,0.0,0.0,0.0,0.0,0.0,0.0,0.0,0.0,0.0,0.0,0.0,0.0,0.0,0.0,0.0,0.0,0.0,0.0,0.0,0.0,0.0,0.0,0.0,0.0,0.0,0.0,0.0,0.0,0.0,0.0,0.0,0.0,0.0,0.0,0.0,0.0,0.0,0.0,0.0,0.0,0.0,0.0,0.0,0.0,0.0,0.0,0.0,0.0,0.0,0.0,0.0,0.0,0.0,0.0,0.0,0.0,0.0,0.0,0.0,0.0,0.0,0.0,0.0,0.0,0.0,0.0,0.0,0.0,0.0,0.0,0.0,0.0,0.0,0.0,0.0,0.0,0.0,0.0,0.0,0.0,0.0,0.0,0.0,0.0,0.0,0.0,0.0,0.0,0.0,0.0,0.0,0.0,0.0,0.0,0.0,0.0,0.0,0.0,0.0,0.0,0.0,0.0,0.0,0.0,0.0,0.0,0.0,0.0,0.0,0.0,0.0,0.0
0.7232633896483533,0.0,0.0,0.0,0.0,0.0,0.0,0.0,0.0,0.0,0.0,0.0,0.0,0.0,0.0,0.0,0.0,0.0,0.0,0.0,0.0,0.0,0.0,0.0,0.0,0.0,0.0,0.0,0.0,0.0,0.0,0.0,0.0,0.0,0.0,0.0,0.0,0.0,0.0,0.0,0.0,0.0,0.0,0.0,0.0,0.0,0.0,0.0,0.0,0.0,0.0,0.0,0.0,0.0,0.0,0.0,0.0,0.0,0.0,0.0,0.0,0.0,0.0,0.0,0.0,0.0,0.0,0.0,0.0,0.0,0.0,0.0,0.0,0.0,0.0,0.0,0.0,0.0,0.0,0.0,0.0,0.0,0.0,0.0,0.0,0.0,0.0,0.0,0.0,0.0,0.0,0.0,0.0,0.0,0.0,0.0,0.0,0.0,0.0,0.0,0.0,0.0,0.0,0.0,0.0,0.0,0.0,0.0,0.0,0.0,0.0,0.0,0.0,0.0,0.0,0.0,0.0,0.0,0.0,0.0,0.0,0.0,0.0,0.0,0.0,0.0,0.0,0.0,0.0,0.0,0.0,0.0,0.0,0.0,0.0,0.0,0.0,0.0,0.0,0.0,0.0,0.0,0.0,0.0,0.0,0.0,0.0,0.0,0.0,0.0,0.0,0.0,0.0,0.0,0.0,0.0,0.0,0.0,0.0,0.0,0.0,0.0,0.0,0.0,0.0,0.0,0.0,0.0,0.0,0.0,0.0,0.0,0.0,0.0,0.0,0.0,0.0,0.0,0.0,0.0,0.0,0.0,0.0,0.0,0.0,0.0,0.0,0.0,0.0,0.0,0.0,0.0,0.0,0.0,0.0,0.0,0.0,0.0,0.0,0.0,0.0
0.7752597488629457,0.0,0.0,0.0,0.0,0.0,0.0,0.0,0.0,0.0,0.0,0.0,0.0,0.0,0.0,0.0,0.0,0.0,0.0,0.0,0.0,0.0,0.0,0.0,0.0,0.0,0.0,0.0,0.0,0.0,0.0,0.0,0.0,0.0,0.0,0.0,0.0,0.0,0.0,0.0,0.0,0.0,0.0,0.0,0.0,0.0,0.0,0.0,0.0,0.0,0.0,0.0,0.0,0.0,0.0,0.0,0.0,0.0,0.0,0.0,0.0,0.0,0.0,0.0,0.0,0.0,0.0,0.0,0.0,0.0,0.0,0.0,0.0,0.0,0.0,0.0,0.0,0.0,0.0,0.0,0.0,0.0,0.0,0.0,0.0,0.0,0.0,0.0,0.0,0.0,0.0,0.0,0.0,0.0,0.0,0.0,0.0,0.0,0.0,0.0,0.0,0.0,0.0,0.0,0.0,0.0,0.0,0.0,0.0,0.0,0.0,0.0,0.0,0.0,0.0,0.0,0.0,0.0,0.0,0.0,0.0,0.0,0.0,0.0,0.0,0.0,0.0,0.0,0.0,0.0,0.0,0.0,0.0,0.0,0.0,0.0,0.0,0.0,0.0,0.0,0.0,0.0,0.0,0.0,0.0,0.0,0.0,0.0,0.0,0.0,0.0,0.0,0.0,0.0,0.0,0.0,0.0,0.0,0.0,0.0,0.0,0.0,0.0,0.0,0.0,0.0,0.0,0.0,0.0,0.0,0.0,0.0,0.0,0.0,0.0,0.0,0.0,0.0,0.0,0.0,0.0,0.0,0.0,0.0,0.0,0.0,0.0,0.0,0.0,0.0,0.0,0.0,0.0,0.0,0.0,0.0,0.0,0.0,0.0,0.0,0.0
0.8309941949353387,0.0,0.0,0.0,0.0,0.0,0.0,0.0,0.0,0.0,0.0,0.0,0.0,0.0,0.0,0.0,0.0,0.0,0.0,0.0,0.0,0.0,0.0,0.0,0.0,0.0,0.0,0.0,0.0,0.0,0.0,0.0,0.0,0.0,0.0,0.0,0.0,0.0,0.0,0.0,0.0,0.0,0.0,0.0,0.0,0.0,0.0,0.0,0.0,0.0,0.0,0.0,0.0,0.0,0.0,0.0,0.0,0.0,0.0,0.0,0.0,0.0,0.0,0.0,0.0,0.0,0.0,0.0,0.0,0.0,0.0,0.0,0.0,0.0,0.0,0.0,0.0,0.0,0.0,0.0,0.0,0.0,0.0,0.0,0.0,0.0,0.0,0.0,0.0,0.0,0.0,0.0,0.0,0.0,0.0,0.0,0.0,0.0,0.0,0.0,0.0,0.0,0.0,0.0,0.0,0.0,0.0,0.0,0.0,0.0,0.0,0.0,0.0,0.0,0.0,0.0,0.0,0.0,0.0,0.0,0.0,0.0,0.0,0.0,0.0,0.0,0.0,0.0,0.0,0.0,0.0,0.0,0.0,0.0,0.0,0.0,0.0,0.0,0.0,0.0,0.0,0.0,0.0,0.0,0.0,0.0,0.0,0.0,0.0,0.0,0.0,0.0,0.0,0.0,0.0,0.0,0.0,0.0,0.0,0.0,0.0,0.0,0.0,0.0,0.0,0.0,0.0,0.0,0.0,0.0,0.0,0.0,0.0,0.0,0.0,0.0,0.0,0.0,0.0,0.0,0.0,0.0,0.0,0.0,0.0,0.0,0.0,0.0,0.0,0.0,0.0,0.0,0.0,0.0,0.0,0.0,0.0,0.0,0.0,0.0,0.0
0.890735463861044,0.0,0.0,0.0,0.0,0.0,0.0,0.0,0.0,0.0,0.0,0.0,0.0,0.0,0.0,0.0,0.0,0.0,0.0,0.0,0.0,0.0,0.0,0.0,0.0,0.0,0.0,0.0,0.0,0.0,0.0,0.0,0.0,0.0,0.0,0.0,0.0,0.0,0.0,0.0,0.0,0.0,0.0,0.0,0.0,0.0,0.0,0.0,0.0,0.0,0.0,0.0,0.0,0.0,0.0,0.0,0.0,0.0,0.0,0.0,0.0,0.0,0.0,0.0,0.0,0.0,0.0,0.0,0.0,0.0,0.0,0.0,0.0,0.0,0.0,0.0,0.0,0.0,0.0,0.0,0.0,0.0,0.0,0.0,0.0,0.0,0.0,0.0,0.0,0.0,0.0,0.0,0.0,0.0,0.0,0.0,0.0,0.0,0.0,0.0,0.0,0.0,0.0,0.0,0.0,0.0,0.0,0.0,0.0,0.0,0.0,0.0,0.0,0.0,0.0,0.0,0.0,0.0,0.0,0.0,0.0,0.0,0.0,0.0,0.0,0.0,0.0,0.0,0.0,0.0,0.0,0.0,0.0,0.0,0.0,0.0,0.0,0.0,0.0,0.0,0.0,0.0,0.0,0.0,0.0,0.0,0.0,0.0,0.0,0.0,0.0,0.0,0.0,0.0,0.0,0.0,0.0,0.0,0.0,0.0,0.0,0.0,0.0,0.0,0.0,0.0,0.0,0.0,0.0,0.0,0.0,0.0,0.0,0.0,0.0,0.0,0.0,0.0,0.0,0.0,0.0,0.0,0.0,0.0,0.0,0.0,0.0,0.0,0.0,0.0,0.0,0.0,0.0,0.0,0.0,0.0,0.0,0.0,0.0,0.0,0.0
0.9547716114208056,0.0,0.0,0.0,0.0,0.0,0.0,0.0,0.0,0.0,0.0,0.0,0.0,0.0,0.0,0.0,0.0,0.0,0.0,0.0,0.0,0.0,0.0,0.0,0.0,0.0,0.0,0.0,0.0,0.0,0.0,0.0,0.0,0.0,0.0,0.0,0.0,0.0,0.0,0.0,0.0,0.0,0.0,0.0,0.0,0.0,0.0,0.0,0.0,0.0,0.0,0.0,0.0,0.0,0.0,0.0,0.0,0.0,0.0,0.0,0.0,0.0,0.0,0.0,0.0,0.0,0.0,0.0,0.0,0.0,0.0,0.0,0.0,0.0,0.0,0.0,0.0,0.0,0.0,0.0,0.0,0.0,0.0,0.0,0.0,0.0,0.0,0.0,0.0,0.0,0.0,0.0,0.0,0.0,0.0,0.0,0.0,0.0,0.0,0.0,0.0,0.0,0.0,0.0,0.0,0.0,0.0,0.0,0.0,0.0,0.0,0.0,0.0,0.0,0.0,0.0,0.0,0.0,0.0,0.0,0.0,0.0,0.0,0.0,0.0,0.0,0.0,0.0,0.0,0.0,0.0,0.0,0.0,0.0,0.0,0.0,0.0,0.0,0.0,0.0,0.0,0.0,0.0,0.0,0.0,0.0,0.0,0.0,0.0,0.0,0.0,0.0,0.0,0.0,0.0,0.0,0.0,0.0,0.0,0.0,0.0,0.0,0.0,0.0,0.0,0.0,0.0,0.0,0.0,0.0,0.0,0.0,0.0,0.0,0.0,0.0,0.0,0.0,0.0,0.0,0.0,0.0,0.0,0.0,0.0,0.0,0.0,0.0,0.0,0.0,0.0,0.0,0.0,0.0,0.0,0.0,0.0,0.0,0.0,0.0,0.0
1.0234114021054528,0.0,0.0,0.0,0.0,0.0,0.0,0.0,0.0,0.0,0.0,0.0,0.0,0.0,0.0,0.0,0.0,0.0,0.0,0.0,0.0,0.0,0.0,0.0,0.0,0.0,0.0,0.0,0.0,0.0,0.0,0.0,0.0,0.0,0.0,0.0,0.0,0.0,0.0,0.0,0.0,0.0,0.0,0.0,0.0,0.0,0.0,0.0,0.0,0.0,0.0,0.0,0.0,0.0,0.0,0.0,0.0,0.0,0.0,0.0,0.0,0.0,0.0,0.0,0.0,0.0,0.0,0.0,0.0,0.0,0.0,0.0,0.0,0.0,0.0,0.0,0.0,0.0,0.0,0.0,0.0,0.0,0.0,0.0,0.0,0.0,0.0,0.0,0.0,0.0,0.0,0.0,0.0,0.0,0.0,0.0,0.0,0.0,0.0,0.0,0.0,0.0,0.0,0.0,0.0,0.0,0.0,0.0,0.0,0.0,0.0,0.0,0.0,0.0,0.0,0.0,0.0,0.0,0.0,0.0,0.0,0.0,0.0,0.0,0.0,0.0,0.0,0.0,0.0,0.0,0.0,0.0,0.0,0.0,0.0,0.0,0.0,0.0,0.0,0.0,0.0,0.0,0.0,0.0,0.0,0.0,0.0,0.0,0.0,0.0,0.0,0.0,0.0,0.0,0.0,0.0,0.0,0.0,0.0,0.0,0.0,0.0,0.0,0.0,0.0,0.0,0.0,0.0,0.0,0.0,0.0,0.0,0.0,0.0,0.0,0.0,0.0,0.0,0.0,0.0,0.0,0.0,0.0,0.0,0.0,0.0,0.0,0.0,0.0,0.0,0.0,0.0,0.0,0.0,0.0,0.0,0.0,0.0,0.0,0.0,0.0
1.096985797892384,0.0,0.0,0.0,0.0,0.0,0.0,0.0,0.0,0.0,0.0,0.0,0.0,0.0,0.0,0.0,0.0,0.0,0.0,0.0,0.0,0.0,0.0,0.0,0.0,0.0,0.0,0.0,0.0,0.0,0.0,0.0,0.0,0.0,0.0,0.0,0.0,0.0,0.0,0.0,0.0,0.0,0.0,0.0,0.0,0.0,0.0,0.0,0.0,0.0,0.0,0.0,0.0,0.0,0.0,0.0,0.0,0.0,0.0,0.0,0.0,0.0,0.0,0.0,0.0,0.0,0.0,0.0,0.0,0.0,0.0,0.0,0.0,0.0,0.0,0.0,0.0,0.0,0.0,0.0,0.0,0.0,0.0,0.0,0.0,0.0,0.0,0.0,0.0,0.0,0.0,0.0,0.0,0.0,0.0,0.0,0.0,0.0,0.0,0.0,0.0,0.0,0.0,0.0,0.0,0.0,0.0,0.0,0.0,0.0,0.0,0.0,0.0,0.0,0.0,0.0,0.0,0.0,0.0,0.0,0.0,0.0,0.0,0.0,0.0,0.0,0.0,0.0,0.0,0.0,0.0,0.0,0.0,0.0,0.0,0.0,0.0,0.0,0.0,0.0,0.0,0.0,0.0,0.0,0.0,0.0,0.0,0.0,0.0,0.0,0.0,0.0,0.0,0.0,0.0,0.0,0.0,0.0,0.0,0.0,0.0,0.0,0.0,0.0,0.0,0.0,0.0,0.0,0.0,0.0,0.0,0.0,0.0,0.0,0.0,0.0,0.0,0.0,0.0,0.0,0.0,0.0,0.0,0.0,0.0,0.0,0.0,0.0,0.0,0.0,0.0,0.0,0.0,0.0,0.0,0.0,0.0,0.0,0.0,0.0,0.0
1.1758495540521559,0.0,0.0,0.0,0.0,0.0,0.0,0.0,0.0,0.0,0.0,0.0,0.0,0.0,0.0,0.0,0.0,0.0,0.0,0.0,0.0,0.0,0.0,0.0,0.0,0.0,0.0,0.0,0.0,0.0,0.0,0.0,0.0,0.0,0.0,0.0,0.0,0.0,0.0,0.0,0.0,0.0,0.0,0.0,0.0,0.0,0.0,0.0,0.0,0.0,0.0,0.0,0.0,0.0,0.0,0.0,0.0,0.0,0.0,0.0,0.0,0.0,0.0,0.0,0.0,0.0,0.0,0.0,0.0,0.0,0.0,0.0,0.0,0.0,0.0,0.0,0.0,0.0,0.0,0.0,0.0,0.0,0.0,0.0,0.0,0.0,0.0,0.0,0.0,0.0,0.0,0.0,0.0,0.0,0.0,0.0,0.0,0.0,0.0,0.0,0.0,0.0,0.0,0.0,0.0,0.0,0.0,0.0,0.0,0.0,0.0,0.0,0.0,0.0,0.0,0.0,0.0,0.0,0.0,0.0,0.0,0.0,0.0,0.0,0.0,0.0,0.0,0.0,0.0,0.0,0.0,0.0,0.0,0.0,0.0,0.0,0.0,0.0,0.0,0.0,0.0,0.0,0.0,0.0,0.0,0.0,0.0,0.0,0.0,0.0,0.0,0.0,0.0,0.0,0.0,0.0,0.0,0.0,0.0,0.0,0.0,0.0,0.0,0.0,0.0,0.0,0.0,0.0,0.0,0.0,0.0,0.0,0.0,0.0,0.0,0.0,0.0,0.0,0.0,0.0,0.0,0.0,0.0,0.0,0.0,0.0,0.0,0.0,0.0,0.0,0.0,0.0,0.0,0.0,0.0,0.0,0.0,0.0,0.0,0.0,0.0
1.2603829296797273,0.0,0.0,0.0,0.0,0.0,0.0,0.0,0.0,0.0,0.0,0.0,0.0,0.0,0.0,0.0,0.0,0.0,0.0,0.0,0.0,0.0,0.0,0.0,0.0,0.0,0.0,0.0,0.0,0.0,0.0,0.0,0.0,0.0,0.0,0.0,0.0,0.0,0.0,0.0,0.0,0.0,0.0,0.0,0.0,0.0,0.0,0.0,0.0,0.0,0.0,0.0,0.0,0.0,0.0,0.0,0.0,0.0,0.0,0.0,0.0,0.0,0.0,0.0,0.0,0.0,0.0,0.0,0.0,0.0,0.0,0.0,0.0,0.0,0.0,0.0,0.0,0.0,0.0,0.0,0.0,0.0,0.0,0.0,0.0,0.0,0.0,0.0,0.0,0.0,0.0,0.0,0.0,0.0,0.0,0.0,0.0,0.0,0.0,0.0,0.0,0.0,0.0,0.0,0.0,0.0,0.0,0.0,0.0,0.0,0.0,0.0,0.0,0.0,0.0,0.0,0.0,0.0,0.0,0.0,0.0,0.0,0.0,0.0,0.0,0.0,0.0,0.0,0.0,0.0,0.0,0.0,0.0,0.0,0.0,0.0,0.0,0.0,0.0,0.0,0.0,0.0,0.0,0.0,0.0,0.0,0.0,0.0,0.0,0.0,0.0,0.0,0.0,0.0,0.0,0.0,0.0,0.0,0.0,0.0,0.0,0.0,0.0,0.0,0.0,0.0,0.0,0.0,0.0,0.0,0.0,0.0,0.0,0.0,0.0,0.0,0.0,0.0,0.0,0.0,0.0,0.0,0.0,0.0,0.0,0.0,0.0,0.0,0.0,0.0,0.0,0.0,0.0,0.0,0.0,0.0,0.0,0.0,0.0,0.0,0.0
1.350993521198025,0.0,0.0,0.0,0.0,0.0,0.0,0.0,0.0,0.0,0.0,0.0,0.0,0.0,0.0,0.0,0.0,0.0,0.0,0.0,0.0,0.0,0.0,0.0,0.0,0.0,0.0,0.0,0.0,0.0,0.0,0.0,0.0,0.0,0.0,0.0,0.0,0.0,0.0,0.0,0.0,0.0,0.0,0.0,0.0,0.0,0.0,0.0,0.0,0.0,0.0,0.0,0.0,0.0,0.0,0.0,0.0,0.0,0.0,0.0,0.0,0.0,0.0,0.0,0.0,0.0,0.0,0.0,0.0,0.0,0.0,0.0,0.0,0.0,0.0,0.0,0.0,0.0,0.0,0.0,0.0,0.0,0.0,0.0,0.0,0.0,0.0,0.0,0.0,0.0,0.0,0.0,0.0,0.0,0.0,0.0,0.0,0.0,0.0,0.0,0.0,0.0,0.0,0.0,0.0,0.0,0.0,0.0,0.0,0.0,0.0,0.0,0.0,0.0,0.0,0.0,0.0,0.0,0.0,0.0,0.0,0.0,0.0,0.0,0.0,0.0,0.0,0.0,0.0,0.0,0.0,0.0,0.0,0.0,0.0,0.0,0.0,0.0,0.0,0.0,0.0,0.0,0.0,0.0,0.0,0.0,0.0,0.0,0.0,0.0,0.0,0.0,0.0,0.0,0.0,0.0,0.0,0.0,0.0,0.0,0.0,0.0,0.0,0.0,0.0,0.0,0.0,0.0,0.0,0.0,0.0,0.0,0.0,0.0,0.0,0.0,0.0,0.0,0.0,0.0,0.0,0.0,0.0,0.0,0.0,0.0,0.0,0.0,0.0,0.0,0.0,0.0,0.0,0.0,0.0,0.0,0.0,0.0,0.0,0.0,0.0
1.448118227674533,0.0,0.0,0.0,0.0,0.0,0.0,0.0,0.0,0.0,0.0,0.0,0.0,0.0,0.0,0.0,0.0,0.0,0.0,0.0,0.0,0.0,0.0,0.0,0.0,0.0,0.0,0.0,0.0,0.0,0.0,0.0,0.0,0.0,0.0,0.0,0.0,0.0,0.0,0.0,0.0,0.0,0.0,0.0,0.0,0.0,0.0,0.0,0.0,0.0,0.0,0.0,0.0,0.0,0.0,0.0,0.0,0.0,0.0,0.0,0.0,0.0,0.0,0.0,0.0,0.0,0.0,0.0,0.0,0.0,0.0,0.0,0.0,0.0,0.0,0.0,0.0,0.0,0.0,0.0,0.0,0.0,0.0,0.0,0.0,0.0,0.0,0.0,0.0,0.0,0.0,0.0,0.0,0.0,0.0,0.0,0.0,0.0,0.0,0.0,0.0,0.0,0.0,0.0,0.0,0.0,0.0,0.0,0.0,0.0,0.0,0.0,0.0,0.0,0.0,0.0,0.0,0.0,0.0,0.0,0.0,0.0,0.0,0.0,0.0,0.0,0.0,0.0,0.0,0.0,0.0,0.0,0.0,0.0,0.0,0.0,0.0,0.0,0.0,0.0,0.0,0.0,0.0,0.0,0.0,0.0,0.0,0.0,0.0,0.0,0.0,0.0,0.0,0.0,0.0,0.0,0.0,0.0,0.0,0.0,0.0,0.0,0.0,0.0,0.0,0.0,0.0,0.0,0.0,0.0,0.0,0.0,0.0,0.0,0.0,0.0,0.0,0.0,0.0,0.0,0.0,0.0,0.0,0.0,0.0,0.0,0.0,0.0,0.0,0.0,0.0,0.0,0.0,0.0,0.0,0.0,0.0,0.0,0.0,0.0,0.0
1.552225357427048,0.0,0.0,0.0,0.0,0.0,0.0,0.0,0.0,0.0,0.0,0.0,0.0,0.0,0.0,0.0,0.0,0.0,0.0,0.0,0.0,0.0,0.0,0.0,0.0,0.0,0.0,0.0,0.0,0.0,0.0,0.0,0.0,0.0,0.0,0.0,0.0,0.0,0.0,0.0,0.0,0.0,0.0,0.0,0.0,0.0,0.0,0.0,0.0,0.0,0.0,0.0,0.0,0.0,0.0,0.0,0.0,0.0,0.0,0.0,0.0,0.0,0.0,0.0,0.0,0.0,0.0,0.0,0.0,0.0,0.0,0.0,0.0,0.0,0.0,0.0,0.0,0.0,0.0,0.0,0.0,0.0,0.0,0.0,0.0,0.0,0.0,0.0,0.0,0.0,0.0,0.0,0.0,0.0,0.0,0.0,0.0,0.0,0.0,0.0,0.0,0.0,0.0,0.0,0.0,0.0,0.0,0.0,0.0,0.0,0.0,0.0,0.0,0.0,0.0,0.0,0.0,0.0,0.0,0.0,0.0,0.0,0.0,0.0,0.0,0.0,0.0,0.0,0.0,0.0,0.0,0.0,0.0,0.0,0.0,0.0,0.0,0.0,0.0,0.0,0.0,0.0,0.0,0.0,0.0,0.0,0.0,0.0,0.0,0.0,0.0,0.0,0.0,0.0,0.0,0.0,0.0,0.0,0.0,0.0,0.0,0.0,0.0,0.0,0.0,0.0,0.0,0.0,0.0,0.0,0.0,0.0,0.0,0.0,0.0,0.0,0.0,0.0,0.0,0.0,0.0,0.0,0.0,0.0,0.0,0.0,0.0,0.0,0.0,0.0,0.0,0.0,0.0,0.0,0.0,0.0,0.0,0.0,0.0,0.0,0.0
1.6638168860761273,0.0,0.0,0.0,0.0,0.0,0.0,0.0,0.0,0.0,0.0,0.0,0.0,0.0,0.0,0.0,0.0,0.0,0.0,0.0,0.0,0.0,0.0,0.0,0.0,0.0,0.0,0.0,0.0,0.0,0.0,0.0,0.0,0.0,0.0,0.0,0.0,0.0,0.0,0.0,0.0,0.0,0.0,0.0,0.0,0.0,0.0,0.0,0.0,0.0,0.0,0.0,0.0,0.0,0.0,0.0,0.0,0.0,0.0,0.0,0.0,0.0,0.0,0.0,0.0,0.0,0.0,0.0,0.0,0.0,0.0,0.0,0.0,0.0,0.0,0.0,0.0,0.0,0.0,0.0,0.0,0.0,0.0,0.0,0.0,0.0,0.0,0.0,0.0,0.0,0.0,0.0,0.0,0.0,0.0,0.0,0.0,0.0,0.0,0.0,0.0,0.0,0.0,0.0,0.0,0.0,0.0,0.0,0.0,0.0,0.0,0.0,0.0,0.0,0.0,0.0,0.0,0.0,0.0,0.0,0.0,0.0,0.0,0.0,0.0,0.0,0.0,0.0,0.0,0.0,0.0,0.0,0.0,0.0,0.0,0.0,0.0,0.0,0.0,0.0,0.0,0.0,0.0,0.0,0.0,0.0,0.0,0.0,0.0,0.0,0.0,0.0,0.0,0.0,0.0,0.0,0.0,0.0,0.0,0.0,0.0,0.0,0.0,0.0,0.0,0.0,0.0,0.0,0.0,0.0,0.0,0.0,0.0,0.0,0.0,0.0,0.0,0.0,0.0,0.0,0.0,0.0,0.0,0.0,0.0,0.0,0.0,0.0,0.0,0.0,0.0,0.0,0.0,0.0,0.0,0.0,0.0,0.0,0.0,0.0,0.0
1.7834308769319094,0.0,0.0,0.0,0.0,0.0,0.0,0.0,0.0,0.0,0.0,0.0,0.0,0.0,0.0,0.0,0.0,0.0,0.0,0.0,0.0,0.0,0.0,0.0,0.0,0.0,0.0,0.0,0.0,0.0,0.0,0.0,0.0,0.0,0.0,0.0,0.0,0.0,0.0,0.0,0.0,0.0,0.0,0.0,0.0,0.0,0.0,0.0,0.0,0.0,0.0,0.0,0.0,0.0,0.0,0.0,0.0,0.0,0.0,0.0,0.0,0.0,0.0,0.0,0.0,0.0,0.0,0.0,0.0,0.0,0.0,0.0,0.0,0.0,0.0,0.0,0.0,0.0,0.0,0.0,0.0,0.0,0.0,0.0,0.0,0.0,0.0,0.0,0.0,0.0,0.0,0.0,0.0,0.0,0.0,0.0,0.0,0.0,0.0,0.0,0.0,0.0,0.0,0.0,0.0,0.0,0.0,0.0,0.0,0.0,0.0,0.0,0.0,0.0,0.0,0.0,0.0,0.0,0.0,0.0,0.0,0.0,0.0,0.0,0.0,0.0,0.0,0.0,0.0,0.0,0.0,0.0,0.0,0.0,0.0,0.0,0.0,0.0,0.0,0.0,0.0,0.0,0.0,0.0,0.0,0.0,0.0,0.0,0.0,0.0,0.0,0.0,0.0,0.0,0.0,0.0,0.0,0.0,0.0,0.0,0.0,0.0,0.0,0.0,0.0,0.0,0.0,0.0,0.0,0.0,0.0,0.0,0.0,0.0,0.0,0.0,0.0,0.0,0.0,0.0,0.0,0.0,0.0,0.0,0.0,0.0,0.0,0.0,0.0,0.0,0.0,0.0,0.0,0.0,0.0,0.0,0.0,0.0,0.0,0.0,0.0
1.9116440753856998,0.0,0.0,0.0,0.0,0.0,0.0,0.0,0.0,0.0,0.0,0.0,0.0,0.0,0.0,0.0,0.0,0.0,0.0,0.0,0.0,0.0,0.0,0.0,0.0,0.0,0.0,0.0,0.0,0.0,0.0,0.0,0.0,0.0,0.0,0.0,0.0,0.0,0.0,0.0,0.0,0.0,0.0,0.0,0.0,0.0,0.0,0.0,0.0,0.0,0.0,0.0,0.0,0.0,0.0,0.0,0.0,0.0,0.0,0.0,0.0,0.0,0.0,0.0,0.0,0.0,0.0,0.0,0.0,0.0,0.0,0.0,0.0,0.0,0.0,0.0,0.0,0.0,0.0,0.0,0.0,0.0,0.0,0.0,0.0,0.0,0.0,0.0,0.0,0.0,0.0,0.0,0.0,0.0,0.0,0.0,0.0,0.0,0.0,0.0,0.0,0.0,0.0,0.0,0.0,0.0,0.0,0.0,0.0,0.0,0.0,0.0,0.0,0.0,0.0,0.0,0.0,0.0,0.0,0.0,0.0,0.0,0.0,0.0,0.0,0.0,0.0,0.0,0.0,0.0,0.0,0.0,0.0,0.0,0.0,0.0,0.0,0.0,0.0,0.0,0.0,0.0,0.0,0.0,0.0,0.0,0.0,0.0,0.0,0.0,0.0,0.0,0.0,0.0,0.0,0.0,0.0,0.0,0.0,0.0,0.0,0.0,0.0,0.0,0.0,0.0,0.0,0.0,0.0,0.0,0.0,0.0,0.0,0.0,0.0,0.0,0.0,0.0,0.0,0.0,0.0,0.0,0.0,0.0,0.0,0.0,0.0,0.0,0.0,0.0,0.0,0.0,0.0,0.0,0.0,0.0,0.0,0.0,0.0,0.0,0.0
2.0490746898158463,0.0,0.0,0.0,0.0,0.0,0.0,0.0,0.0,0.0,0.0,0.0,0.0,0.0,0.0,0.0,0.0,0.0,0.0,0.0,0.0,0.0,0.0,0.0,0.0,0.0,0.0,0.0,0.0,0.0,0.0,0.0,0.0,0.0,0.0,0.0,0.0,0.0,0.0,0.0,0.0,0.0,0.0,0.0,0.0,0.0,0.0,0.0,0.0,0.0,0.0,0.0,0.0,0.0,0.0,0.0,0.0,0.0,0.0,0.0,0.0,0.0,0.0,0.0,0.0,0.0,0.0,0.0,0.0,0.0,0.0,0.0,0.0,0.0,0.0,0.0,0.0,0.0,0.0,0.0,0.0,0.0,0.0,0.0,0.0,0.0,0.0,0.0,0.0,0.0,0.0,0.0,0.0,0.0,0.0,0.0,0.0,0.0,0.0,0.0,0.0,0.0,0.0,0.0,0.0,0.0,0.0,0.0,0.0,0.0,0.0,0.0,0.0,0.0,0.0,0.0,0.0,0.0,0.0,0.0,0.0,0.0,0.0,0.0,0.0,0.0,0.0,0.0,0.0,0.0,0.0,0.0,0.0,0.0,0.0,0.0,0.0,0.0,0.0,0.0,0.0,0.0,0.0,0.0,0.0,0.0,0.0,0.0,0.0,0.0,0.0,0.0,0.0,0.0,0.0,0.0,0.0,0.0,0.0,0.0,0.0,0.0,0.0,0.0,0.0,0.0,0.0,0.0,0.0,0.0,0.0,0.0,0.0,0.0,0.0,0.0,0.0,0.0,0.0,0.0,0.0,0.0,0.0,0.0,0.0,0.0,0.0,0.0,0.0,0.0,0.0,0.0,0.0,0.0,0.0,0.0,0.0,0.0,0.0,0.0,0.0
2.1963853724165467,0.0,0.0,0.0,0.0,0.0,0.0,0.0,0.0,0.0,0.0,0.0,0.0,0.0,0.0,0.0,0.0,0.0,0.0,0.0,0.0,0.0,0.0,0.0,0.0,0.0,0.0,0.0,0.0,0.0,0.0,0.0,0.0,0.0,0.0,0.0,0.0,0.0,0.0,0.0,0.0,0.0,0.0,0.0,0.0,0.0,0.0,0.0,0.0,0.0,0.0,0.0,0.0,0.0,0.0,0.0,0.0,0.0,0.0,0.0,0.0,0.0,0.0,0.0,0.0,0.0,0.0,0.0,0.0,0.0,0.0,0.0,0.0,0.0,0.0,0.0,0.0,0.0,0.0,0.0,0.0,0.0,0.0,0.0,0.0,0.0,0.0,0.0,0.0,0.0,0.0,0.0,0.0,0.0,0.0,0.0,0.0,0.0,0.0,0.0,0.0,0.0,0.0,0.0,0.0,0.0,0.0,0.0,0.0,0.0,0.0,0.0,0.0,0.0,0.0,0.0,0.0,0.0,0.0,0.0,0.0,0.0,0.0,0.0,0.0,0.0,0.0,0.0,0.0,0.0,0.0,0.0,0.0,0.0,0.0,0.0,0.0,0.0,0.0,0.0,0.0,0.0,0.0,0.0,0.0,0.0,0.0,0.0,0.0,0.0,0.0,0.0,0.0,0.0,0.0,0.0,0.0,0.0,0.0,0.0,0.0,0.0,0.0,0.0,0.0,0.0,0.0,0.0,0.0,0.0,0.0,0.0,0.0,0.0,0.0,0.0,0.0,0.0,0.0,0.0,0.0,0.0,0.0,0.0,0.0,0.0,0.0,0.0,0.0,0.0,0.0,0.0,0.0,0.0,0.0,0.0,0.0,0.0,0.0,0.0,0.0
2.3542864143224156,0.0,0.0,0.0,0.0,0.0,0.0,0.0,0.0,0.0,0.0,0.0,0.0,0.0,0.0,0.0,0.0,0.0,0.0,0.0,0.0,0.0,0.0,0.0,0.0,0.0,0.0,0.0,0.0,0.0,0.0,0.0,0.0,0.0,0.0,0.0,0.0,0.0,0.0,0.0,0.0,0.0,0.0,0.0,0.0,0.0,0.0,0.0,0.0,0.0,0.0,0.0,0.0,0.0,0.0,0.0,0.0,0.0,0.0,0.0,0.0,0.0,0.0,0.0,0.0,0.0,0.0,0.0,0.0,0.0,0.0,0.0,0.0,0.0,0.0,0.0,0.0,0.0,0.0,0.0,0.0,0.0,0.0,0.0,0.0,0.0,0.0,0.0,0.0,0.0,0.0,0.0,0.0,0.0,0.0,0.0,0.0,0.0,0.0,0.0,0.0,0.0,0.0,0.0,0.0,0.0,0.0,0.0,0.0,0.0,0.0,0.0,0.0,0.0,0.0,0.0,0.0,0.0,0.0,0.0,0.0,0.0,0.0,0.0,0.0,0.0,0.0,0.0,0.0,0.0,0.0,0.0,0.0,0.0,0.0,0.0,0.0,0.0,0.0,0.0,0.0,0.0,0.0,0.0,0.0,0.0,0.0,0.0,0.0,0.0,0.0,0.0,0.0,0.0,0.0,0.0,0.0,0.0,0.0,0.0,0.0,0.0,0.0,0.0,0.0,0.0,0.0,0.0,0.0,0.0,0.0,0.0,0.0,0.0,0.0,0.0,0.0,0.0,0.0,0.0,0.0,0.0,0.0,0.0,0.0,0.0,0.0,0.0,0.0,0.0,0.0,0.0,0.0,0.0,0.0,0.0,0.0,0.0,0.0,0.0,0.0
2.523539170434766,0.0,0.0,0.0,0.0,0.0,0.0,0.0,0.0,0.0,0.0,0.0,0.0,0.0,0.0,0.0,0.0,0.0,0.0,0.0,0.0,0.0,0.0,0.0,0.0,0.0,0.0,0.0,0.0,0.0,0.0,0.0,0.0,0.0,0.0,0.0,0.0,0.0,0.0,0.0,0.0,0.0,0.0,0.0,0.0,0.0,0.0,0.0,0.0,0.0,0.0,0.0,0.0,0.0,0.0,0.0,0.0,0.0,0.0,0.0,0.0,0.0,0.0,0.0,0.0,0.0,0.0,0.0,0.0,0.0,0.0,0.0,0.0,0.0,0.0,0.0,0.0,0.0,0.0,0.0,0.0,0.0,0.0,0.0,0.0,0.0,0.0,0.0,0.0,0.0,0.0,0.0,0.0,0.0,0.0,0.0,0.0,0.0,0.0,0.0,0.0,0.0,0.0,0.0,0.0,0.0,0.0,0.0,0.0,0.0,0.0,0.0,0.0,0.0,0.0,0.0,0.0,0.0,0.0,0.0,0.0,0.0,0.0,0.0,0.0,0.0,0.0,0.0,0.0,0.0,0.0,0.0,0.0,0.0,0.0,0.0,0.0,0.0,0.0,0.0,0.0,0.0,0.0,0.0,0.0,0.0,0.0,0.0,0.0,0.0,0.0,0.0,0.0,0.0,0.0,0.0,0.0,0.0,0.0,0.0,0.0,0.0,0.0,0.0,0.0,0.0,0.0,0.0,0.0,0.0,0.0,0.0,0.0,0.0,0.0,0.0,0.0,0.0,0.0,0.0,0.0,0.0,0.0,0.0,0.0,0.0,0.0,0.0,0.0,0.0,0.0,0.0,0.0,0.0,0.0,0.0,0.0,0.0,0.0,0.0,0.0
2.7049597304631314,0.0,0.0,0.0,0.0,0.0,0.0,0.0,0.0,0.0,0.0,0.0,0.0,0.0,0.0,0.0,0.0,0.0,0.0,0.0,0.0,0.0,0.0,0.0,0.0,0.0,0.0,0.0,0.0,0.0,0.0,0.0,0.0,0.0,0.0,0.0,0.0,0.0,0.0,0.0,0.0,0.0,0.0,0.0,0.0,0.0,0.0,0.0,0.0,0.0,0.0,0.0,0.0,0.0,0.0,0.0,0.0,0.0,0.0,0.0,0.0,0.0,0.0,0.0,0.0,0.0,0.0,0.0,0.0,0.0,0.0,0.0,0.0,0.0,0.0,0.0,0.0,0.0,0.0,0.0,0.0,0.0,0.0,0.0,0.0,0.0,0.0,0.0,0.0,0.0,0.0,0.0,0.0,0.0,0.0,0.0,0.0,0.0,0.0,0.0,0.0,0.0,0.0,0.0,0.0,0.0,0.0,0.0,0.0,0.0,0.0,0.0,0.0,0.0,0.0,0.0,0.0,0.0,0.0,0.0,0.0,0.0,0.0,0.0,0.0,0.0,0.0,0.0,0.0,0.0,0.0,0.0,0.0,0.0,0.0,0.0,0.0,0.0,0.0,0.0,0.0,0.0,0.0,0.0,0.0,0.0,0.0,0.0,0.0,0.0,0.0,0.0,0.0,0.0,0.0,0.0,0.0,0.0,0.0,0.0,0.0,0.0,0.0,0.0,0.0,0.0,0.0,0.0,0.0,0.0,0.0,0.0,0.0,0.0,0.0,0.0,0.0,0.0,0.0,0.0,0.0,0.0,0.0,0.0,0.0,0.0,0.0,0.0,0.0,0.0,0.0,0.0,0.0,0.0,0.0,0.0,0.0,0.0,0.0,0.0,0.0
2.899422853882875,0.0,0.0,0.0,0.0,0.0,0.0,0.0,0.0,0.0,0.0,0.0,0.0,0.0,0.0,0.0,0.0,0.0,0.0,0.0,0.0,0.0,0.0,0.0,0.0,0.0,0.0,0.0,0.0,0.0,0.0,0.0,0.0,0.0,0.0,0.0,0.0,0.0,0.0,0.0,0.0,0.0,0.0,0.0,0.0,0.0,0.0,0.0,0.0,0.0,0.0,0.0,0.0,0.0,0.0,0.0,0.0,0.0,0.0,0.0,0.0,0.0,0.0,0.0,0.0,0.0,0.0,0.0,0.0,0.0,0.0,0.0,0.0,0.0,0.0,0.0,0.0,0.0,0.0,0.0,0.0,0.0,0.0,0.0,0.0,0.0,0.0,0.0,0.0,0.0,0.0,0.0,0.0,0.0,0.0,0.0,0.0,0.0,0.0,0.0,0.0,0.0,0.0,0.0,0.0,0.0,0.0,0.0,0.0,0.0,0.0,0.0,0.0,0.0,0.0,0.0,0.0,0.0,0.0,0.0,0.0,0.0,0.0,0.0,0.0,0.0,0.0,0.0,0.0,0.0,0.0,0.0,0.0,0.0,0.0,0.0,0.0,0.0,0.0,0.0,0.0,0.0,0.0,0.0,0.0,0.0,0.0,0.0,0.0,0.0,0.0,0.0,0.0,0.0,0.0,0.0,0.0,0.0,0.0,0.0,0.0,0.0,0.0,0.0,0.0,0.0,0.0,0.0,0.0,0.0,0.0,0.0,0.0,0.0,0.0,0.0,0.0,0.0,0.0,0.0,0.0,0.0,0.0,0.0,0.0,0.0,0.0,0.0,0.0,0.0,0.0,0.0,0.0,0.0,0.0,0.0,0.0,0.0,0.0,0.0,0.0
3.107866187782014,0.0,0.0,0.0,0.0,0.0,0.0,0.0,0.0,0.0,0.0,0.0,0.0,0.0,0.0,0.0,0.0,0.0,0.0,0.0,0.0,0.0,0.0,0.0,0.0,0.0,0.0,0.0,0.0,0.0,0.0,0.0,0.0,0.0,0.0,0.0,0.0,0.0,0.0,0.0,0.0,0.0,0.0,0.0,0.0,0.0,0.0,0.0,0.0,0.0,0.0,0.0,0.0,0.0,0.0,0.0,0.0,0.0,0.0,0.0,0.0,0.0,0.0,0.0,0.0,0.0,0.0,0.0,0.0,0.0,0.0,0.0,0.0,0.0,0.0,0.0,0.0,0.0,0.0,0.0,0.0,0.0,0.0,0.0,0.0,0.0,0.0,0.0,0.0,0.0,0.0,0.0,0.0,0.0,0.0,0.0,0.0,0.0,0.0,0.0,0.0,0.0,0.0,0.0,0.0,0.0,0.0,0.0,0.0,0.0,0.0,0.0,0.0,0.0,0.0,0.0,0.0,0.0,0.0,0.0,0.0,0.0,0.0,0.0,0.0,0.0,0.0,0.0,0.0,0.0,0.0,0.0,0.0,0.0,0.0,0.0,0.0,0.0,0.0,0.0,0.0,0.0,0.0,0.0,0.0,0.0,0.0,0.0,0.0,0.0,0.0,0.0,0.0,0.0,0.0,0.0,0.0,0.0,0.0,0.0,0.0,0.0,0.0,0.0,0.0,0.0,0.0,0.0,0.0,0.0,0.0,0.0,0.0,0.0,0.0,0.0,0.0,0.0,0.0,0.0,0.0,0.0,0.0,0.0,0.0,0.0,0.0,0.0,0.0,0.0,0.0,0.0,0.0,0.0,0.0,0.0,0.0,0.0,0.0,0.0,0.0
3.33129478793467,0.0,0.0,0.0,0.0,0.0,0.0,0.0,0.0,0.0,0.0,0.0,0.0,0.0,0.0,0.0,0.0,0.0,0.0,0.0,0.0,0.0,0.0,0.0,0.0,0.0,0.0,0.0,0.0,0.0,0.0,0.0,0.0,0.0,0.0,0.0,0.0,0.0,0.0,0.0,0.0,0.0,0.0,0.0,0.0,0.0,0.0,0.0,0.0,0.0,0.0,0.0,0.0,0.0,0.0,0.0,0.0,0.0,0.0,0.0,0.0,0.0,0.0,0.0,0.0,0.0,0.0,0.0,0.0,0.0,0.0,0.0,0.0,0.0,0.0,0.0,0.0,0.0,0.0,0.0,0.0,0.0,0.0,0.0,0.0,0.0,0.0,0.0,0.0,0.0,0.0,0.0,0.0,0.0,0.0,0.0,0.0,0.0,0.0,0.0,0.0,0.0,0.0,0.0,0.0,0.0,0.0,0.0,0.0,0.0,0.0,0.0,0.0,0.0,0.0,0.0,0.0,0.0,0.0,0.0,0.0,0.0,0.0,0.0,0.0,0.0,0.0,0.0,0.0,0.0,0.0,0.0,0.0,0.0,0.0,0.0,0.0,0.0,0.0,0.0,0.0,0.0,0.0,0.0,0.0,0.0,0.0,0.0,0.0,0.0,0.0,0.0,0.0,0.0,0.0,0.0,0.0,0.0,0.0,0.0,0.0,0.0,0.0,0.0,0.0,0.0,0.0,0.0,0.0,0.0,0.0,0.0,0.0,0.0,0.0,0.0,0.0,0.0,0.0,0.0,0.0,0.0,0.0,0.0,0.0,0.0,0.0,0.0,0.0,0.0,0.0,0.0,0.0,0.0,0.0,0.0,0.0,0.0,0.0,0.0,0.0
3.5707859649004625,0.0,0.0,0.0,0.0,0.0,0.0,0.0,0.0,0.0,0.0,0.0,0.0,0.0,0.0,0.0,0.0,0.0,0.0,0.0,0.0,0.0,0.0,0.0,0.0,0.0,0.0,0.0,0.0,0.0,0.0,0.0,0.0,0.0,0.0,0.0,0.0,0.0,0.0,0.0,0.0,0.0,0.0,0.0,0.0,0.0,0.0,0.0,0.0,0.0,0.0,0.0,0.0,0.0,0.0,0.0,0.0,0.0,0.0,0.0,0.0,0.0,0.0,0.0,0.0,0.0,0.0,0.0,0.0,0.0,0.0,0.0,0.0,0.0,0.0,0.0,0.0,0.0,0.0,0.0,0.0,0.0,0.0,0.0,0.0,0.0,0.0,0.0,0.0,0.0,0.0,0.0,0.0,0.0,0.0,0.0,0.0,0.0,0.0,0.0,0.0,0.0,0.0,0.0,0.0,0.0,0.0,0.0,0.0,0.0,0.0,0.0,0.0,0.0,0.0,0.0,0.0,0.0,0.0,0.0,0.0,0.0,0.0,0.0,0.0,0.0,0.0,0.0,0.0,0.0,0.0,0.0,0.0,0.0,0.0,0.0,0.0,0.0,0.0,0.0,0.0,0.0,0.0,0.0,0.0,0.0,0.0,0.0,0.0,0.0,0.0,0.0,0.0,0.0,0.0,0.0,0.0,0.0,0.0,0.0,0.0,0.0,0.0,0.0,0.0,0.0,0.0,0.0,0.0,0.0,0.0,0.0,0.0,0.0,0.0,0.0,0.0,0.0,0.0,0.0,0.0,0.0,0.0,0.0,0.0,0.0,0.0,0.0,0.0,0.0,0.0,0.0,0.0,0.0,0.0,0.0,0.0,0.0,0.0,0.0,0.0
3.827494478516307,0.0,0.0,0.0,0.0,0.0,0.0,0.0,0.0,0.0,0.0,0.0,0.0,0.0,0.0,0.0,0.0,0.0,0.0,0.0,0.0,0.0,0.0,0.0,0.0,0.0,0.0,0.0,0.0,0.0,0.0,0.0,0.0,0.0,0.0,0.0,0.0,0.0,0.0,0.0,0.0,0.0,0.0,0.0,0.0,0.0,0.0,0.0,0.0,0.0,0.0,0.0,0.0,0.0,0.0,0.0,0.0,0.0,0.0,0.0,0.0,0.0,0.0,0.0,0.0,0.0,0.0,0.0,0.0,0.0,0.0,0.0,0.0,0.0,0.0,0.0,0.0,0.0,0.0,0.0,0.0,0.0,0.0,0.0,0.0,0.0,0.0,0.0,0.0,0.0,0.0,0.0,0.0,0.0,0.0,0.0,0.0,0.0,0.0,0.0,0.0,0.0,0.0,0.0,0.0,0.0,0.0,0.0,0.0,0.0,0.0,0.0,0.0,0.0,0.0,0.0,0.0,0.0,0.0,0.0,0.0,0.0,0.0,0.0,0.0,0.0,0.0,0.0,0.0,0.0,0.0,0.0,0.0,0.0,0.0,0.0,0.0,0.0,0.0,0.0,0.0,0.0,0.0,0.0,0.0,0.0,0.0,0.0,0.0,0.0,0.0,0.0,0.0,0.0,0.0,0.0,0.0,0.0,0.0,0.0,0.0,0.0,0.0,0.0,0.0,0.0,0.0,0.0,0.0,0.0,0.0,0.0,0.0,0.0,0.0,0.0,0.0,0.0,0.0,0.0,0.0,0.0,0.0,0.0,0.0,0.0,0.0,0.0,0.0,0.0,0.0,0.0,0.0,0.0,0.0,0.0,0.0,0.0,0.0,0.0,0.0
4.1026581058271905,0.0,0.0,0.0,0.0,0.0,0.0,0.0,0.0,0.0,0.0,0.0,0.0,0.0,0.0,0.0,0.0,0.0,0.0,0.0,0.0,0.0,0.0,0.0,0.0,0.0,0.0,0.0,0.0,0.0,0.0,0.0,0.0,0.0,0.0,0.0,0.0,0.0,0.0,0.0,0.0,0.0,0.0,0.0,0.0,0.0,0.0,0.0,0.0,0.0,0.0,0.0,0.0,0.0,0.0,0.0,0.0,0.0,0.0,0.0,0.0,0.0,0.0,0.0,0.0,0.0,0.0,0.0,0.0,0.0,0.0,0.0,0.0,0.0,0.0,0.0,0.0,0.0,0.0,0.0,0.0,0.0,0.0,0.0,0.0,0.0,0.0,0.0,0.0,0.0,0.0,0.0,0.0,0.0,0.0,0.0,0.0,0.0,0.0,0.0,0.0,0.0,0.0,0.0,0.0,0.0,0.0,0.0,0.0,0.0,0.0,0.0,0.0,0.0,0.0,0.0,0.0,0.0,0.0,0.0,0.0,0.0,0.0,0.0,0.0,0.0,0.0,0.0,0.0,0.0,0.0,0.0,0.0,0.0,0.0,0.0,0.0,0.0,0.0,0.0,0.0,0.0,0.0,0.0,0.0,0.0,0.0,0.0,0.0,0.0,0.0,0.0,0.0,0.0,0.0,0.0,0.0,0.0,0.0,0.0,0.0,0.0,0.0,0.0,0.0,0.0,0.0,0.0,0.0,0.0,0.0,0.0,0.0,0.0,0.0,0.0,0.0,0.0,0.0,0.0,0.0,0.0,0.0,0.0,0.0,0.0,0.0,0.0,0.0,0.0,0.0,0.0,0.0,0.0,0.0,0.0,0.0,0.0,0.0,0.0,0.0
4.397603609302721,0.0,0.0,0.0,0.0,0.0,0.0,0.0,0.0,0.0,0.0,0.0,0.0,0.0,0.0,0.0,0.0,0.0,0.0,0.0,0.0,0.0,0.0,0.0,0.0,0.0,0.0,0.0,0.0,0.0,0.0,0.0,0.0,0.0,0.0,0.0,0.0,0.0,0.0,0.0,0.0,0.0,0.0,0.0,0.0,0.0,0.0,0.0,0.0,0.0,0.0,0.0,0.0,0.0,0.0,0.0,0.0,0.0,0.0,0.0,0.0,0.0,0.0,0.0,0.0,0.0,0.0,0.0,0.0,0.0,0.0,0.0,0.0,0.0,0.0,0.0,0.0,0.0,0.0,0.0,0.0,0.0,0.0,0.0,0.0,0.0,0.0,0.0,0.0,0.0,0.0,0.0,0.0,0.0,0.0,0.0,0.0,0.0,0.0,0.0,0.0,0.0,0.0,0.0,0.0,0.0,0.0,0.0,0.0,0.0,0.0,0.0,0.0,0.0,0.0,0.0,0.0,0.0,0.0,0.0,0.0,0.0,0.0,0.0,0.0,0.0,0.0,0.0,0.0,0.0,0.0,0.0,0.0,0.0,0.0,0.0,0.0,0.0,0.0,0.0,0.0,0.0,0.0,0.0,0.0,0.0,0.0,0.0,0.0,0.0,0.0,0.0,0.0,0.0,0.0,0.0,0.0,0.0,0.0,0.0,0.0,0.0,0.0,0.0,0.0,0.0,0.0,0.0,0.0,0.0,0.0,0.0,0.0,0.0,0.0,0.0,0.0,0.0,0.0,0.0,0.0,0.0,0.0,0.0,0.0,0.0,0.0,0.0,0.0,0.0,0.0,0.0,0.0,0.0,0.0,0.0,0.0,0.0,0.0,0.0,0.0
4.713753134116719,0.0,0.0,0.0,0.0,0.0,0.0,0.0,0.0,0.0,0.0,0.0,0.0,0.0,0.0,0.0,0.0,0.0,0.0,0.0,0.0,0.0,0.0,0.0,0.0,0.0,0.0,0.0,0.0,0.0,0.0,0.0,0.0,0.0,0.0,0.0,0.0,0.0,0.0,0.0,0.0,0.0,0.0,0.0,0.0,0.0,0.0,0.0,0.0,0.0,0.0,0.0,0.0,0.0,0.0,0.0,0.0,0.0,0.0,0.0,0.0,0.0,0.0,0.0,0.0,0.0,0.0,0.0,0.0,0.0,0.0,0.0,0.0,0.0,0.0,0.0,0.0,0.0,0.0,0.0,0.0,0.0,0.0,0.0,0.0,0.0,0.0,0.0,0.0,0.0,0.0,0.0,0.0,0.0,0.0,0.0,0.0,0.0,0.0,0.0,0.0,0.0,0.0,0.0,0.0,0.0,0.0,0.0,0.0,0.0,0.0,0.0,0.0,0.0,0.0,0.0,0.0,0.0,0.0,0.0,0.0,0.0,0.0,0.0,0.0,0.0,0.0,0.0,0.0,0.0,0.0,0.0,0.0,0.0,0.0,0.0,0.0,0.0,0.0,0.0,0.0,0.0,0.0,0.0,0.0,0.0,0.0,0.0,0.0,0.0,0.0,0.0,0.0,0.0,0.0,0.0,0.0,0.0,0.0,0.0,0.0,0.0,0.0,0.0,0.0,0.0,0.0,0.0,0.0,0.0,0.0,0.0,0.0,0.0,0.0,0.0,0.0,0.0,0.0,0.0,0.0,0.0,0.0,0.0,0.0,0.0,0.0,0.0,0.0,0.0,0.0,0.0,0.0,0.0,0.0,0.0,0.0,0.0,0.0,0.0,0.0
5.05263106533568,0.0,0.0,0.0,0.0,0.0,0.0,0.0,0.0,0.0,0.0,0.0,0.0,0.0,0.0,0.0,0.0,0.0,0.0,0.0,0.0,0.0,0.0,0.0,0.0,0.0,0.0,0.0,0.0,0.0,0.0,0.0,0.0,0.0,0.0,0.0,0.0,0.0,0.0,0.0,0.0,0.0,0.0,0.0,0.0,0.0,0.0,0.0,0.0,0.0,0.0,0.0,0.0,0.0,0.0,0.0,0.0,0.0,0.0,0.0,0.0,0.0,0.0,0.0,0.0,0.0,0.0,0.0,0.0,0.0,0.0,0.0,0.0,0.0,0.0,0.0,0.0,0.0,0.0,0.0,0.0,0.0,0.0,0.0,0.0,0.0,0.0,0.0,0.0,0.0,0.0,0.0,0.0,0.0,0.0,0.0,0.0,0.0,0.0,0.0,0.0,0.0,0.0,0.0,0.0,0.0,0.0,0.0,0.0,0.0,0.0,0.0,0.0,0.0,0.0,0.0,0.0,0.0,0.0,0.0,0.0,0.0,0.0,0.0,0.0,0.0,0.0,0.0,0.0,0.0,0.0,0.0,0.0,0.0,0.0,0.0,0.0,0.0,0.0,0.0,0.0,0.0,0.0,0.0,0.0,0.0,0.0,0.0,0.0,0.0,0.0,0.0,0.0,0.0,0.0,0.0,0.0,0.0,0.0,0.0,0.0,0.0,0.0,0.0,0.0,0.0,0.0,0.0,0.0,0.0,0.0,0.0,0.0,0.0,0.0,0.0,0.0,0.0,0.0,0.0,0.0,0.0,0.0,0.0,0.0,0.0,0.0,0.0,0.0,0.0,0.0,0.0,0.0,0.0,0.0,0.0,0.0,0.0,0.0,0.0,0.0
5.415871378079465,0.0,0.0,0.0,0.0,0.0,0.0,0.0,0.0,0.0,0.0,0.0,0.0,0.0,0.0,0.0,0.0,0.0,0.0,0.0,0.0,0.0,0.0,0.0,0.0,0.0,0.0,0.0,0.0,0.0,0.0,0.0,0.0,0.0,0.0,0.0,0.0,0.0,0.0,0.0,0.0,0.0,0.0,0.0,0.0,0.0,0.0,0.0,0.0,0.0,0.0,0.0,0.0,0.0,0.0,0.0,0.0,0.0,0.0,0.0,0.0,0.0,0.0,0.0,0.0,0.0,0.0,0.0,0.0,0.0,0.0,0.0,0.0,0.0,0.0,0.0,0.0,0.0,0.0,0.0,0.0,0.0,0.0,0.0,0.0,0.0,0.0,0.0,0.0,0.0,0.0,0.0,0.0,0.0,0.0,0.0,0.0,0.0,0.0,0.0,0.0,0.0,0.0,0.0,0.0,0.0,0.0,0.0,0.0,0.0,0.0,0.0,0.0,0.0,0.0,0.0,0.0,0.0,0.0,0.0,0.0,0.0,0.0,0.0,0.0,0.0,0.0,0.0,0.0,0.0,0.0,0.0,0.0,0.0,0.0,0.0,0.0,0.0,0.0,0.0,0.0,0.0,0.0,0.0,0.0,0.0,0.0,0.0,0.0,0.0,0.0,0.0,0.0,0.0,0.0,0.0,0.0,0.0,0.0,0.0,0.0,0.0,0.0,0.0,0.0,0.0,0.0,0.0,0.0,0.0,0.0,0.0,0.0,0.0,0.0,0.0,0.0,0.0,0.0,0.0,0.0,0.0,0.0,0.0,0.0,0.0,0.0,0.0,0.0,0.0,0.0,0.0,0.0,0.0,0.0,0.0,0.0,0.0,0.0,0.0,0.0
5.805225516094896,0.0,0.0,0.0,0.0,0.0,0.0,0.0,0.0,0.0,0.0,0.0,0.0,0.0,0.0,0.0,0.0,0.0,0.0,0.0,0.0,0.0,0.0,0.0,0.0,0.0,0.0,0.0,0.0,0.0,0.0,0.0,0.0,0.0,0.0,0.0,0.0,0.0,0.0,0.0,0.0,0.0,0.0,0.0,0.0,0.0,0.0,0.0,0.0,0.0,0.0,0.0,0.0,0.0,0.0,0.0,0.0,0.0,0.0,0.0,0.0,0.0,0.0,0.0,0.0,0.0,0.0,0.0,0.0,0.0,0.0,0.0,0.0,0.0,0.0,0.0,0.0,0.0,0.0,0.0,0.0,0.0,0.0,0.0,0.0,0.0,0.0,0.0,0.0,0.0,0.0,0.0,0.0,0.0,0.0,0.0,0.0,0.0,0.0,0.0,0.0,0.0,0.0,0.0,0.0,0.0,0.0,0.0,0.0,0.0,0.0,0.0,0.0,0.0,0.0,0.0,0.0,0.0,0.0,0.0,0.0,0.0,0.0,0.0,0.0,0.0,0.0,0.0,0.0,0.0,0.0,0.0,0.0,0.0,0.0,0.0,0.0,0.0,0.0,0.0,0.0,0.0,0.0,0.0,0.0,0.0,0.0,0.0,0.0,0.0,0.0,0.0,0.0,0.0,0.0,0.0,0.0,0.0,0.0,0.0,0.0,0.0,0.0,0.0,0.0,0.0,0.0,0.0,0.0,0.0,0.0,0.0,0.0,0.0,0.0,0.0,0.0,0.0,0.0,0.0,0.0,0.0,0.0,0.0,0.0,0.0,0.0,0.0,0.0,0.0,0.0,0.0,0.0,0.0,0.0,0.0,0.0,0.0,0.0,0.0,0.0
6.222570836730231,0.0,0.0,0.0,0.0,0.0,0.0,0.0,0.0,0.0,0.0,0.0,0.0,0.0,0.0,0.0,0.0,0.0,0.0,0.0,0.0,0.0,0.0,0.0,0.0,0.0,0.0,0.0,0.0,0.0,0.0,0.0,0.0,0.0,0.0,0.0,0.0,0.0,0.0,0.0,0.0,0.0,0.0,0.0,0.0,0.0,0.0,0.0,0.0,0.0,0.0,0.0,0.0,0.0,0.0,0.0,0.0,0.0,0.0,0.0,0.0,0.0,0.0,0.0,0.0,0.0,0.0,0.0,0.0,0.0,0.0,0.0,0.0,0.0,0.0,0.0,0.0,0.0,0.0,0.0,0.0,0.0,0.0,0.0,0.0,0.0,0.0,0.0,0.0,0.0,0.0,0.0,0.0,0.0,0.0,0.0,0.0,0.0,0.0,0.0,0.0,0.0,0.0,0.0,0.0,0.0,0.0,0.0,0.0,0.0,0.0,0.0,0.0,0.0,0.0,0.0,0.0,0.0,0.0,0.0,0.0,0.0,0.0,0.0,0.0,0.0,0.0,0.0,0.0,0.0,0.0,0.0,0.0,0.0,0.0,0.0,0.0,0.0,0.0,0.0,0.0,0.0,0.0,0.0,0.0,0.0,0.0,0.0,0.0,0.0,0.0,0.0,0.0,0.0,0.0,0.0,0.0,0.0,0.0,0.0,0.0,0.0,0.0,0.0,0.0,0.0,0.0,0.0,0.0,0.0,0.0,0.0,0.0,0.0,0.0,0.0,0.0,0.0,0.0,0.0,0.0,0.0,0.0,0.0,0.0,0.0,0.0,0.0,0.0,0.0,0.0,0.0,0.0,0.0,0.0,0.0,0.0,0.0,0.0,0.0,0.0
6.669919663030115,0.0,0.0,0.0,0.0,0.0,0.0,0.0,0.0,0.0,0.0,0.0,0.0,0.0,0.0,0.0,0.0,0.0,0.0,0.0,0.0,0.0,0.0,0.0,0.0,0.0,0.0,0.0,0.0,0.0,0.0,0.0,0.0,0.0,0.0,0.0,0.0,0.0,0.0,0.0,0.0,0.0,0.0,0.0,0.0,0.0,0.0,0.0,0.0,0.0,0.0,0.0,0.0,0.0,0.0,0.0,0.0,0.0,0.0,0.0,0.0,0.0,0.0,0.0,0.0,0.0,0.0,0.0,0.0,0.0,0.0,0.0,0.0,0.0,0.0,0.0,0.0,0.0,0.0,0.0,0.0,0.0,0.0,0.0,0.0,0.0,0.0,0.0,0.0,0.0,0.0,0.0,0.0,0.0,0.0,0.0,0.0,0.0,0.0,0.0,0.0,0.0,0.0,0.0,0.0,0.0,0.0,0.0,0.0,0.0,0.0,0.0,0.0,0.0,0.0,0.0,0.0,0.0,0.0,0.0,0.0,0.0,0.0,0.0,0.0,0.0,0.0,0.0,0.0,0.0,0.0,0.0,0.0,0.0,0.0,0.0,0.0,0.0,0.0,0.0,0.0,0.0,0.0,0.0,0.0,0.0,0.0,0.0,0.0,0.0,0.0,0.0,0.0,0.0,0.0,0.0,0.0,0.0,0.0,0.0,0.0,0.0,0.0,0.0,0.0,0.0,0.0,0.0,0.0,0.0,0.0,0.0,0.0,0.0,0.0,0.0,0.0,0.0,0.0,0.0,0.0,0.0,0.0,0.0,0.0,0.0,0.0,0.0,0.0,0.0,0.0,0.0,0.0,0.0,0.0,0.0,0.0,0.0,0.0,0.0,0.0
7.149428986597577,0.0,0.0,0.0,0.0,0.0,0.0,0.0,0.0,0.0,0.0,0.0,0.0,0.0,0.0,0.0,0.0,0.0,0.0,0.0,0.0,0.0,0.0,0.0,0.0,0.0,0.0,0.0,0.0,0.0,0.0,0.0,0.0,0.0,0.0,0.0,0.0,0.0,0.0,0.0,0.0,0.0,0.0,0.0,0.0,0.0,0.0,0.0,0.0,0.0,0.0,0.0,0.0,0.0,0.0,0.0,0.0,0.0,0.0,0.0,0.0,0.0,0.0,0.0,0.0,0.0,0.0,0.0,0.0,0.0,0.0,0.0,0.0,0.0,0.0,0.0,0.0,0.0,0.0,0.0,0.0,0.0,0.0,0.0,0.0,0.0,0.0,0.0,0.0,0.0,0.0,0.0,0.0,0.0,0.0,0.0,0.0,0.0,0.0,0.0,0.0,0.0,0.0,0.0,0.0,0.0,0.0,0.0,0.0,0.0,0.0,0.0,0.0,0.0,0.0,0.0,0.0,0.0,0.0,0.0,0.0,0.0,0.0,0.0,0.0,0.0,0.0,0.0,0.0,0.0,0.0,0.0,0.0,0.0,0.0,0.0,0.0,0.0,0.0,0.0,0.0,0.0,0.0,0.0,0.0,0.0,0.0,0.0,0.0,0.0,0.0,0.0,0.0,0.0,0.0,0.0,0.0,0.0,0.0,0.0,0.0,0.0,0.0,0.0,0.0,0.0,0.0,0.0,0.0,0.0,0.0,0.0,0.0,0.0,0.0,0.0,0.0,0.0,0.0,0.0,0.0,0.0,0.0,0.0,0.0,0.0,0.0,0.0,0.0,0.0,0.0,0.0,0.0,0.0,0.0,0.0,0.0,0.0,0.0,0.0,0.0
7.663410868007447,0.0,0.0,0.0,0.0,0.0,0.0,0.0,0.0,0.0,0.0,0.0,0.0,0.0,0.0,0.0,0.0,0.0,0.0,0.0,0.0,0.0,0.0,0.0,0.0,0.0,0.0,0.0,0.0,0.0,0.0,0.0,0.0,0.0,0.0,0.0,0.0,0.0,0.0,0.0,0.0,0.0,0.0,0.0,0.0,0.0,0.0,0.0,0.0,0.0,0.0,0.0,0.0,0.0,0.0,0.0,0.0,0.0,0.0,0.0,0.0,0.0,0.0,0.0,0.0,0.0,0.0,0.0,0.0,0.0,0.0,0.0,0.0,0.0,0.0,0.0,0.0,0.0,0.0,0.0,0.0,0.0,0.0,0.0,0.0,0.0,0.0,0.0,0.0,0.0,0.0,0.0,0.0,0.0,0.0,0.0,0.0,0.0,0.0,0.0,0.0,0.0,0.0,0.0,0.0,0.0,0.0,0.0,0.0,0.0,0.0,0.0,0.0,0.0,0.0,0.0,0.0,0.0,0.0,0.0,0.0,0.0,0.0,0.0,0.0,0.0,0.0,0.0,0.0,0.0,0.0,0.0,0.0,0.0,0.0,0.0,0.0,0.0,0.0,0.0,0.0,0.0,0.0,0.0,0.0,0.0,0.0,0.0,0.0,0.0,0.0,0.0,0.0,0.0,0.0,0.0,0.0,0.0,0.0,0.0,0.0,0.0,0.0,0.0,0.0,0.0,0.0,0.0,0.0,0.0,0.0,0.0,0.0,0.0,0.0,0.0,0.0,0.0,0.0,0.0,0.0,0.0,0.0,0.0,0.0,0.0,0.0,0.0,0.0,0.0,0.0,0.0,0.0,0.0,0.0,0.0,0.0,0.0,0.0,0.0,0.0
8.214343584919423,0.0,0.0,0.0,0.0,0.0,0.0,0.0,0.0,0.0,0.0,0.0,0.0,0.0,0.0,0.0,0.0,0.0,0.0,0.0,0.0,0.0,0.0,0.0,0.0,0.0,0.0,0.0,0.0,0.0,0.0,0.0,0.0,0.0,0.0,0.0,0.0,0.0,0.0,0.0,0.0,0.0,0.0,0.0,0.0,0.0,0.0,0.0,0.0,0.0,0.0,0.0,0.0,0.0,0.0,0.0,0.0,0.0,0.0,0.0,0.0,0.0,0.0,0.0,0.0,0.0,0.0,0.0,0.0,0.0,0.0,0.0,0.0,0.0,0.0,0.0,0.0,0.0,0.0,0.0,0.0,0.0,0.0,0.0,0.0,0.0,0.0,0.0,0.0,0.0,0.0,0.0,0.0,0.0,0.0,0.0,0.0,0.0,0.0,0.0,0.0,0.0,0.0,0.0,0.0,0.0,0.0,0.0,0.0,0.0,0.0,0.0,0.0,0.0,0.0,0.0,0.0,0.0,0.0,0.0,0.0,0.0,0.0,0.0,0.0,0.0,0.0,0.0,0.0,0.0,0.0,0.0,0.0,0.0,0.0,0.0,0.0,0.0,0.0,0.0,0.0,0.0,0.0,0.0,0.0,0.0,0.0,0.0,0.0,0.0,0.0,0.0,0.0,0.0,0.0,0.0,0.0,0.0,0.0,0.0,0.0,0.0,0.0,0.0,0.0,0.0,0.0,0.0,0.0,0.0,0.0,0.0,0.0,0.0,0.0,0.0,0.0,0.0,0.0,0.0,0.0,0.0,0.0,0.0,0.0,0.0,0.0,0.0,0.0,0.0,0.0,0.0,0.0,0.0,0.0,0.0,0.0,0.0,0.0,0.0,0.0
8.804883581643464,0.0,0.0,0.0,0.0,0.0,0.0,0.0,0.0,0.0,0.0,0.0,0.0,0.0,0.0,0.0,0.0,0.0,0.0,0.0,0.0,0.0,0.0,0.0,0.0,0.0,0.0,0.0,0.0,0.0,0.0,0.0,0.0,0.0,0.0,0.0,0.0,0.0,0.0,0.0,0.0,0.0,0.0,0.0,0.0,0.0,0.0,0.0,0.0,0.0,0.0,0.0,0.0,0.0,0.0,0.0,0.0,0.0,0.0,0.0,0.0,0.0,0.0,0.0,0.0,0.0,0.0,0.0,0.0,0.0,0.0,0.0,0.0,0.0,0.0,0.0,0.0,0.0,0.0,0.0,0.0,0.0,0.0,0.0,0.0,0.0,0.0,0.0,0.0,0.0,0.0,0.0,0.0,0.0,0.0,0.0,0.0,0.0,0.0,0.0,0.0,0.0,0.0,0.0,0.0,0.0,0.0,0.0,0.0,0.0,0.0,0.0,0.0,0.0,0.0,0.0,0.0,0.0,0.0,0.0,0.0,0.0,0.0,0.0,0.0,0.0,0.0,0.0,0.0,0.0,0.0,0.0,0.0,0.0,0.0,0.0,0.0,0.0,0.0,0.0,0.0,0.0,0.0,0.0,0.0,0.0,0.0,0.0,0.0,0.0,0.0,0.0,0.0,0.0,0.0,0.0,0.0,0.0,0.0,0.0,0.0,0.0,0.0,0.0,0.0,0.0,0.0,0.0,0.0,0.0,0.0,0.0,0.0,0.0,0.0,0.0,0.0,0.0,0.0,0.0,0.0,0.0,0.0,0.0,0.0,0.0,0.0,0.0,0.0,0.0,0.0,0.0,0.0,0.0,0.0,0.0,0.0,0.0,0.0,0.0,0.0
9.437878277775372,0.0,0.0,0.0,0.0,0.0,0.0,0.0,0.0,0.0,0.0,0.0,0.0,0.0,0.0,0.0,0.0,0.0,0.0,0.0,0.0,0.0,0.0,0.0,0.0,0.0,0.0,0.0,0.0,0.0,0.0,0.0,0.0,0.0,0.0,0.0,0.0,0.0,0.0,0.0,0.0,0.0,0.0,0.0,0.0,0.0,0.0,0.0,0.0,0.0,0.0,0.0,0.0,0.0,0.0,0.0,0.0,0.0,0.0,0.0,0.0,0.0,0.0,0.0,0.0,0.0,0.0,0.0,0.0,0.0,0.0,0.0,0.0,0.0,0.0,0.0,0.0,0.0,0.0,0.0,0.0,0.0,0.0,0.0,0.0,0.0,0.0,0.0,0.0,0.0,0.0,0.0,0.0,0.0,0.0,0.0,0.0,0.0,0.0,0.0,0.0,0.0,0.0,0.0,0.0,0.0,0.0,0.0,0.0,0.0,0.0,0.0,0.0,0.0,0.0,0.0,0.0,0.0,0.0,0.0,0.0,0.0,0.0,0.0,0.0,0.0,0.0,0.0,0.0,0.0,0.0,0.0,0.0,0.0,0.0,0.0,0.0,0.0,0.0,0.0,0.0,0.0,0.0,0.0,0.0,0.0,0.0,0.0,0.0,0.0,0.0,0.0,0.0,0.0,0.0,0.0,0.0,0.0,0.0,0.0,0.0,0.0,0.0,0.0,0.0,0.0,0.0,0.0,0.0,0.0,0.0,0.0,0.0,0.0,0.0,0.0,0.0,0.0,0.0,0.0,0.0,0.0,0.0,0.0,0.0,0.0,0.0,0.0,0.0,0.0,0.0,0.0,0.0,0.0,0.0,0.0,0.0,0.0,0.0,0.0,0.0
10.11637979766207,0.0,0.0,0.0,0.0,0.0,0.0,0.0,0.0,0.0,0.0,0.0,0.0,0.0,0.0,0.0,0.0,0.0,0.0,0.0,0.0,0.0,0.0,0.0,0.0,0.0,0.0,0.0,0.0,0.0,0.0,0.0,0.0,0.0,0.0,0.0,0.0,0.0,0.0,0.0,0.0,0.0,0.0,0.0,0.0,0.0,0.0,0.0,0.0,0.0,0.0,0.0,0.0,0.0,0.0,0.0,0.0,0.0,0.0,0.0,0.0,0.0,0.0,0.0,0.0,0.0,0.0,0.0,0.0,0.0,0.0,0.0,0.0,0.0,0.0,0.0,0.0,0.0,0.0,0.0,0.0,0.0,0.0,0.0,0.0,0.0,0.0,0.0,0.0,0.0,0.0,0.0,0.0,0.0,0.0,0.0,0.0,0.0,0.0,0.0,0.0,0.0,0.0,0.0,0.0,0.0,0.0,0.0,0.0,0.0,0.0,0.0,0.0,0.0,0.0,0.0,0.0,0.0,0.0,0.0,0.0,0.0,0.0,0.0,0.0,0.0,0.0,0.0,0.0,0.0,0.0,0.0,0.0,0.0,0.0,0.0,0.0,0.0,0.0,0.0,0.0,0.0,0.0,0.0,0.0,0.0,0.0,0.0,0.0,0.0,0.0,0.0,0.0,0.0,0.0,0.0,0.0,0.0,0.0,0.0,0.0,0.0,0.0,0.0,0.0,0.0,0.0,0.0,0.0,0.0,0.0,0.0,0.0,0.0,0.0,0.0,0.0,0.0,0.0,0.0,0.0,0.0,0.0,0.0,0.0,0.0,0.0,0.0,0.0,0.0,0.0,0.0,0.0,0.0,0.0,0.0,0.0,0.0,0.0,0.0,0.0
10.843659686896087,0.0,0.0,0.0,0.0,0.0,0.0,0.0,0.0,0.0,0.0,0.0,0.0,0.0,0.0,0.0,0.0,0.0,0.0,0.0,0.0,0.0,0.0,0.0,0.0,0.0,0.0,0.0,0.0,0.0,0.0,0.0,0.0,0.0,0.0,0.0,0.0,0.0,0.0,0.0,0.0,0.0,0.0,0.0,0.0,0.0,0.0,0.0,0.0,0.0,0.0,0.0,0.0,0.0,0.0,0.0,0.0,0.0,0.0,0.0,0.0,0.0,0.0,0.0,0.0,0.0,0.0,0.0,0.0,0.0,0.0,0.0,0.0,0.0,0.0,0.0,0.0,0.0,0.0,0.0,0.0,0.0,0.0,0.0,0.0,0.0,0.0,0.0,0.0,0.0,0.0,0.0,0.0,0.0,0.0,0.0,0.0,0.0,0.0,0.0,0.0,0.0,0.0,0.0,0.0,0.0,0.0,0.0,0.0,0.0,0.0,0.0,0.0,0.0,0.0,0.0,0.0,0.0,0.0,0.0,0.0,0.0,0.0,0.0,0.0,0.0,0.0,0.0,0.0,0.0,0.0,0.0,0.0,0.0,0.0,0.0,0.0,0.0,0.0,0.0,0.0,0.0,0.0,0.0,0.0,0.0,0.0,0.0,0.0,0.0,0.0,0.0,0.0,0.0,0.0,0.0,0.0,0.0,0.0,0.0,0.0,0.0,0.0,0.0,0.0,0.0,0.0,0.0,0.0,0.0,0.0,0.0,0.0,0.0,0.0,0.0,0.0,0.0,0.0,0.0,0.0,0.0,0.0,0.0,0.0,0.0,0.0,0.0,0.0,0.0,0.0,0.0,0.0,0.0,0.0,0.0,0.0,0.0,0.0,0.0,0.0
11.623224686798519,0.0,0.0,0.0,0.0,0.0,0.0,0.0,0.0,0.0,0.0,0.0,0.0,0.0,0.0,0.0,0.0,0.0,0.0,0.0,0.0,0.0,0.0,0.0,0.0,0.0,0.0,0.0,0.0,0.0,0.0,0.0,0.0,0.0,0.0,0.0,0.0,0.0,0.0,0.0,0.0,0.0,0.0,0.0,0.0,0.0,0.0,0.0,0.0,0.0,0.0,0.0,0.0,0.0,0.0,0.0,0.0,0.0,0.0,0.0,0.0,0.0,0.0,0.0,0.0,0.0,0.0,0.0,0.0,0.0,0.0,0.0,0.0,0.0,0.0,0.0,0.0,0.0,0.0,0.0,0.0,0.0,0.0,0.0,0.0,0.0,0.0,0.0,0.0,0.0,0.0,0.0,0.0,0.0,0.0,0.0,0.0,0.0,0.0,0.0,0.0,0.0,0.0,0.0,0.0,0.0,0.0,0.0,0.0,0.0,0.0,0.0,0.0,0.0,0.0,0.0,0.0,0.0,0.0,0.0,0.0,0.0,0.0,0.0,0.0,0.0,0.0,0.0,0.0,0.0,0.0,0.0,0.0,0.0,0.0,0.0,0.0,0.0,0.0,0.0,0.0,0.0,0.0,0.0,0.0,0.0,0.0,0.0,0.0,0.0,0.0,0.0,0.0,0.0,0.0,0.0,0.0,0.0,0.0,0.0,0.0,0.0,0.0,0.0,0.0,0.0,0.0,0.0,0.0,0.0,0.0,0.0,0.0,0.0,0.0,0.0,0.0,0.0,0.0,0.0,0.0,0.0,0.0,0.0,0.0,0.0,0.0,0.0,0.0,0.0,0.0,0.0,0.0,0.0,0.0,0.0,0.0,0.0,0.0,0.0,0.0
12.458833642950081,0.0,0.0,0.0,0.0,0.0,0.0,0.0,0.0,0.0,0.0,0.0,0.0,0.0,0.0,0.0,0.0,0.0,0.0,0.0,0.0,0.0,0.0,0.0,0.0,0.0,0.0,0.0,0.0,0.0,0.0,0.0,0.0,0.0,0.0,0.0,0.0,0.0,0.0,0.0,0.0,0.0,0.0,0.0,0.0,0.0,0.0,0.0,0.0,0.0,0.0,0.0,0.0,0.0,0.0,0.0,0.0,0.0,0.0,0.0,0.0,0.0,0.0,0.0,0.0,0.0,0.0,0.0,0.0,0.0,0.0,0.0,0.0,0.0,0.0,0.0,0.0,0.0,0.0,0.0,0.0,0.0,0.0,0.0,0.0,0.0,0.0,0.0,0.0,0.0,0.0,0.0,0.0,0.0,0.0,0.0,0.0,0.0,0.0,0.0,0.0,0.0,0.0,0.0,0.0,0.0,0.0,0.0,0.0,0.0,0.0,0.0,0.0,0.0,0.0,0.0,0.0,0.0,0.0,0.0,0.0,0.0,0.0,0.0,0.0,0.0,0.0,0.0,0.0,0.0,0.0,0.0,0.0,0.0,0.0,0.0,0.0,0.0,0.0,0.0,0.0,0.0,0.0,0.0,0.0,0.0,0.0,0.0,0.0,0.0,0.0,0.0,0.0,0.0,0.0,0.0,0.0,0.0,0.0,0.0,0.0,0.0,0.0,0.0,0.0,0.0,0.0,0.0,0.0,0.0,0.0,0.0,0.0,0.0,0.0,0.0,0.0,0.0,0.0,0.0,0.0,0.0,0.0,0.0,0.0,0.0,0.0,0.0,0.0,0.0,0.0,0.0,0.0,0.0,0.0,0.0,0.0,0.0,0.0,0.0,0.0
13.354515629298973,0.0,0.0,0.0,0.0,0.0,0.0,0.0,0.0,0.0,0.0,0.0,0.0,0.0,0.0,0.0,0.0,0.0,0.0,0.0,0.0,0.0,0.0,0.0,0.0,0.0,0.0,0.0,0.0,0.0,0.0,0.0,0.0,0.0,0.0,0.0,0.0,0.0,0.0,0.0,0.0,0.0,0.0,0.0,0.0,0.0,0.0,0.0,0.0,0.0,0.0,0.0,0.0,0.0,0.0,0.0,0.0,0.0,0.0,0.0,0.0,0.0,0.0,0.0,0.0,0.0,0.0,0.0,0.0,0.0,0.0,0.0,0.0,0.0,0.0,0.0,0.0,0.0,0.0,0.0,0.0,0.0,0.0,0.0,0.0,0.0,0.0,0.0,0.0,0.0,0.0,0.0,0.0,0.0,0.0,0.0,0.0,0.0,0.0,0.0,0.0,0.0,0.0,0.0,0.0,0.0,0.0,0.0,0.0,0.0,0.0,0.0,0.0,0.0,0.0,0.0,0.0,0.0,0.0,0.0,0.0,0.0,0.0,0.0,0.0,0.0,0.0,0.0,0.0,0.0,0.0,0.0,0.0,0.0,0.0,0.0,0.0,0.0,0.0,0.0,0.0,0.0,0.0,0.0,0.0,0.0,0.0,0.0,0.0,0.0,0.0,0.0,0.0,0.0,0.0,0.0,0.0,0.0,0.0,0.0,0.0,0.0,0.0,0.0,0.0,0.0,0.0,0.0,0.0,0.0,0.0,0.0,0.0,0.0,0.0,0.0,0.0,0.0,0.0,0.0,0.0,0.0,0.0,0.0,0.0,0.0,0.0,0.0,0.0,0.0,0.0,0.0,0.0,0.0,0.0,0.0,0.0,0.0,0.0,0.0,0.0
14.314589375234785,0.0,0.0,0.0,0.0,0.0,0.0,0.0,0.0,0.0,0.0,0.0,0.0,0.0,0.0,0.0,0.0,0.0,0.0,0.0,0.0,0.0,0.0,0.0,0.0,0.0,0.0,0.0,0.0,0.0,0.0,0.0,0.0,0.0,0.0,0.0,0.0,0.0,0.0,0.0,0.0,0.0,0.0,0.0,0.0,0.0,0.0,0.0,0.0,0.0,0.0,0.0,0.0,0.0,0.0,0.0,0.0,0.0,0.0,0.0,0.0,0.0,0.0,0.0,0.0,0.0,0.0,0.0,0.0,0.0,0.0,0.0,0.0,0.0,0.0,0.0,0.0,0.0,0.0,0.0,0.0,0.0,0.0,0.0,0.0,0.0,0.0,0.0,0.0,0.0,0.0,0.0,0.0,0.0,0.0,0.0,0.0,0.0,0.0,0.0,0.0,0.0,0.0,0.0,0.0,0.0,0.0,0.0,0.0,0.0,0.0,0.0,0.0,0.0,0.0,0.0,0.0,0.0,0.0,0.0,0.0,0.0,0.0,0.0,0.0,0.0,0.0,0.0,0.0,0.0,0.0,0.0,0.0,0.0,0.0,0.0,0.0,0.0,0.0,0.0,0.0,0.0,0.0,0.0,0.0,0.0,0.0,0.0,0.0,0.0,0.0,0.0,0.0,0.0,0.0,0.0,0.0,0.0,0.0,0.0,0.0,0.0,0.0,0.0,0.0,0.0,0.0,0.0,0.0,0.0,0.0,0.0,0.0,0.0,0.0,0.0,0.0,0.0,0.0,0.0,0.0,0.0,0.0,0.0,0.0,0.0,0.0,0.0,0.0,0.0,0.0,0.0,0.0,0.0,0.0,0.0,0.0,0.0,0.0,0.0,0.0
15.343684089300101,0.0,0.0,0.0,0.0,0.0,0.0,0.0,0.0,0.0,0.0,0.0,0.0,0.0,0.0,0.0,0.0,0.0,0.0,0.0,0.0,0.0,0.0,0.0,0.0,0.0,0.0,0.0,0.0,0.0,0.0,0.0,0.0,0.0,0.0,0.0,0.0,0.0,0.0,0.0,0.0,0.0,0.0,0.0,0.0,0.0,0.0,0.0,0.0,0.0,0.0,0.0,0.0,0.0,0.0,0.0,0.0,0.0,0.0,0.0,0.0,0.0,0.0,0.0,0.0,0.0,0.0,0.0,0.0,0.0,0.0,0.0,0.0,0.0,0.0,0.0,0.0,0.0,0.0,0.0,0.0,0.0,0.0,0.0,0.0,0.0,0.0,0.0,0.0,0.0,0.0,0.0,0.0,0.0,0.0,0.0,0.0,0.0,0.0,0.0,0.0,0.0,0.0,0.0,0.0,0.0,0.0,0.0,0.0,0.0,0.0,0.0,0.0,0.0,0.0,0.0,0.0,0.0,0.0,0.0,0.0,0.0,0.0,0.0,0.0,0.0,0.0,0.0,0.0,0.0,0.0,0.0,0.0,0.0,0.0,0.0,0.0,0.0,0.0,0.0,0.0,0.0,0.0,0.0,0.0,0.0,0.0,0.0,0.0,0.0,0.0,0.0,0.0,0.0,0.0,0.0,0.0,0.0,0.0,0.0,0.0,0.0,0.0,0.0,0.0,0.0,0.0,0.0,0.0,0.0,0.0,0.0,0.0,0.0,0.0,0.0,0.0,0.0,0.0,0.0,0.0,0.0,0.0,0.0,0.0,0.0,0.0,0.0,0.0,0.0,0.0,0.0,0.0,0.0,0.0,0.0,0.0,0.0,0.0,0.0,0.0
16.446761779946627,0.0,0.0,0.0,0.0,0.0,0.0,0.0,0.0,0.0,0.0,0.0,0.0,0.0,0.0,0.0,0.0,0.0,0.0,0.0,0.0,0.0,0.0,0.0,0.0,0.0,0.0,0.0,0.0,0.0,0.0,0.0,0.0,0.0,0.0,0.0,0.0,0.0,0.0,0.0,0.0,0.0,0.0,0.0,0.0,0.0,0.0,0.0,0.0,0.0,0.0,0.0,0.0,0.0,0.0,0.0,0.0,0.0,0.0,0.0,0.0,0.0,0.0,0.0,0.0,0.0,0.0,0.0,0.0,0.0,0.0,0.0,0.0,0.0,0.0,0.0,0.0,0.0,0.0,0.0,0.0,0.0,0.0,0.0,0.0,0.0,0.0,0.0,0.0,0.0,0.0,0.0,0.0,0.0,0.0,0.0,0.0,0.0,0.0,0.0,0.0,0.0,0.0,0.0,0.0,0.0,0.0,0.0,0.0,0.0,0.0,0.0,0.0,0.0,0.0,0.0,0.0,0.0,0.0,0.0,0.0,0.0,0.0,0.0,0.0,0.0,0.0,0.0,0.0,0.0,0.0,0.0,0.0,0.0,0.0,0.0,0.0,0.0,0.0,0.0,0.0,0.0,0.0,0.0,0.0,0.0,0.0,0.0,0.0,0.0,0.0,0.0,0.0,0.0,0.0,0.0,0.0,0.0,0.0,0.0,0.0,0.0,0.0,0.0,0.0,0.0,0.0,0.0,0.0,0.0,0.0,0.0,0.0,0.0,0.0,0.0,0.0,0.0,0.0,0.0,0.0,0.0,0.0,0.0,0.0,0.0,0.0,0.0,0.0,0.0,0.0,0.0,0.0,0.0,0.0,0.0,0.0,0.0,0.0,0.0,0.0
17.62914118095948,0.0,0.0,0.0,0.0,0.0,0.0,0.0,0.0,0.0,0.0,0.0,0.0,0.0,0.0,0.0,0.0,0.0,0.0,0.0,0.0,0.0,0.0,0.0,0.0,0.0,0.0,0.0,0.0,0.0,0.0,0.0,0.0,0.0,0.0,0.0,0.0,0.0,0.0,0.0,0.0,0.0,0.0,0.0,0.0,0.0,0.0,0.0,0.0,0.0,0.0,0.0,0.0,0.0,0.0,0.0,0.0,0.0,0.0,0.0,0.0,0.0,0.0,0.0,0.0,0.0,0.0,0.0,0.0,0.0,0.0,0.0,0.0,0.0,0.0,0.0,0.0,0.0,0.0,0.0,0.0,0.0,0.0,0.0,0.0,0.0,0.0,0.0,0.0,0.0,0.0,0.0,0.0,0.0,0.0,0.0,0.0,0.0,0.0,0.0,0.0,0.0,0.0,0.0,0.0,0.0,0.0,0.0,0.0,0.0,0.0,0.0,0.0,0.0,0.0,0.0,0.0,0.0,0.0,0.0,0.0,0.0,0.0,0.0,0.0,0.0,0.0,0.0,0.0,0.0,0.0,0.0,0.0,0.0,0.0,0.0,0.0,0.0,0.0,0.0,0.0,0.0,0.0,0.0,0.0,0.0,0.0,0.0,0.0,0.0,0.0,0.0,0.0,0.0,0.0,0.0,0.0,0.0,0.0,0.0,0.0,0.0,0.0,0.0,0.0,0.0,0.0,0.0,0.0,0.0,0.0,0.0,0.0,0.0,0.0,0.0,0.0,0.0,0.0,0.0,0.0,0.0,0.0,0.0,0.0,0.0,0.0,0.0,0.0,0.0,0.0,0.0,0.0,0.0,0.0,0.0,0.0,0.0,0.0,0.0,0.0
18.896523396912077,0.0,0.0,0.0,0.0,0.0,0.0,0.0,0.0,0.0,0.0,0.0,0.0,0.0,0.0,0.0,0.0,0.0,0.0,0.0,0.0,0.0,0.0,0.0,0.0,0.0,0.0,0.0,0.0,0.0,0.0,0.0,0.0,0.0,0.0,0.0,0.0,0.0,0.0,0.0,0.0,0.0,0.0,0.0,0.0,0.0,0.0,0.0,0.0,0.0,0.0,0.0,0.0,0.0,0.0,0.0,0.0,0.0,0.0,0.0,0.0,0.0,0.0,0.0,0.0,0.0,0.0,0.0,0.0,0.0,0.0,0.0,0.0,0.0,0.0,0.0,0.0,0.0,0.0,0.0,0.0,0.0,0.0,0.0,0.0,0.0,0.0,0.0,0.0,0.0,0.0,0.0,0.0,0.0,0.0,0.0,0.0,0.0,0.0,0.0,0.0,0.0,0.0,0.0,0.0,0.0,0.0,0.0,0.0,0.0,0.0,0.0,0.0,0.0,0.0,0.0,0.0,0.0,0.0,0.0,0.0,0.0,0.0,0.0,0.0,0.0,0.0,0.0,0.0,0.0,0.0,0.0,0.0,0.0,0.0,0.0,0.0,0.0,0.0,0.0,0.0,0.0,0.0,0.0,0.0,0.0,0.0,0.0,0.0,0.0,0.0,0.0,0.0,0.0,0.0,0.0,0.0,0.0,0.0,0.0,0.0,0.0,0.0,0.0,0.0,0.0,0.0,0.0,0.0,0.0,0.0,0.0,0.0,0.0,0.0,0.0,0.0,0.0,0.0,0.0,0.0,0.0,0.0,0.0,0.0,0.0,0.0,0.0,0.0,0.0,0.0,0.0,0.0,0.0,0.0,0.0,0.0,0.0,0.0,0.0,0.0
20.255019392306664,0.0,0.0,0.0,0.0,0.0,0.0,0.0,0.0,0.0,0.0,0.0,0.0,0.0,0.0,0.0,0.0,0.0,0.0,0.0,0.0,0.0,0.0,0.0,0.0,0.0,0.0,0.0,0.0,0.0,0.0,0.0,0.0,0.0,0.0,0.0,0.0,0.0,0.0,0.0,0.0,0.0,0.0,0.0,0.0,0.0,0.0,0.0,0.0,0.0,0.0,0.0,0.0,0.0,0.0,0.0,0.0,0.0,0.0,0.0,0.0,0.0,0.0,0.0,0.0,0.0,0.0,0.0,0.0,0.0,0.0,0.0,0.0,0.0,0.0,0.0,0.0,0.0,0.0,0.0,0.0,0.0,0.0,0.0,0.0,0.0,0.0,0.0,0.0,0.0,0.0,0.0,0.0,0.0,0.0,0.0,0.0,0.0,0.0,0.0,0.0,0.0,0.0,0.0,0.0,0.0,0.0,0.0,0.0,0.0,0.0,0.0,0.0,0.0,0.0,0.0,0.0,0.0,0.0,0.0,0.0,0.0,0.0,0.0,0.0,0.0,0.0,0.0,0.0,0.0,0.0,0.0,0.0,0.0,0.0,0.0,0.0,0.0,0.0,0.0,0.0,0.0,0.0,0.0,0.0,0.0,0.0,0.0,0.0,0.0,0.0,0.0,0.0,0.0,0.0,0.0,0.0,0.0,0.0,0.0,0.0,0.0,0.0,0.0,0.0,0.0,0.0,0.0,0.0,0.0,0.0,0.0,0.0,0.0,0.0,0.0,0.0,0.0,0.0,0.0,0.0,0.0,0.0,0.0,0.0,0.0,0.0,0.0,0.0,0.0,0.0,0.0,0.0,0.0,0.0,0.0,0.0,0.0,0.0,0.0,0.0
21.711179456945008,0.0,0.0,0.0,0.0,0.0,0.0,0.0,0.0,0.0,0.0,0.0,0.0,0.0,0.0,0.0,0.0,0.0,0.0,0.0,0.0,0.0,0.0,0.0,0.0,0.0,0.0,0.0,0.0,0.0,0.0,0.0,0.0,0.0,0.0,0.0,0.0,0.0,0.0,0.0,0.0,0.0,0.0,0.0,0.0,0.0,0.0,0.0,0.0,0.0,0.0,0.0,0.0,0.0,0.0,0.0,0.0,0.0,0.0,0.0,0.0,0.0,0.0,0.0,0.0,0.0,0.0,0.0,0.0,0.0,0.0,0.0,0.0,0.0,0.0,0.0,0.0,0.0,0.0,0.0,0.0,0.0,0.0,0.0,0.0,0.0,0.0,0.0,0.0,0.0,0.0,0.0,0.0,0.0,0.0,0.0,0.0,0.0,0.0,0.0,0.0,0.0,0.0,0.0,0.0,0.0,0.0,0.0,0.0,0.0,0.0,0.0,0.0,0.0,0.0,0.0,0.0,0.0,0.0,0.0,0.0,0.0,0.0,0.0,0.0,0.0,0.0,0.0,0.0,0.0,0.0,0.0,0.0,0.0,0.0,0.0,0.0,0.0,0.0,0.0,0.0,0.0,0.0,0.0,0.0,0.0,0.0,0.0,0.0,0.0,0.0,0.0,0.0,0.0,0.0,0.0,0.0,0.0,0.0,0.0,0.0,0.0,0.0,0.0,0.0,0.0,0.0,0.0,0.0,0.0,0.0,0.0,0.0,0.0,0.0,0.0,0.0,0.0,0.0,0.0,0.0,0.0,0.0,0.0,0.0,0.0,0.0,0.0,0.0,0.0,0.0,0.0,0.0,0.0,0.0,0.0,0.0,0.0,0.0,0.0,0.0
23.272024789604075,0.0,0.0,0.0,0.0,0.0,0.0,0.0,0.0,0.0,0.0,0.0,0.0,0.0,0.0,0.0,0.0,0.0,0.0,0.0,0.0,0.0,0.0,0.0,0.0,0.0,0.0,0.0,0.0,0.0,0.0,0.0,0.0,0.0,0.0,0.0,0.0,0.0,0.0,0.0,0.0,0.0,0.0,0.0,0.0,0.0,0.0,0.0,0.0,0.0,0.0,0.0,0.0,0.0,0.0,0.0,0.0,0.0,0.0,0.0,0.0,0.0,0.0,0.0,0.0,0.0,0.0,0.0,0.0,0.0,0.0,0.0,0.0,0.0,0.0,0.0,0.0,0.0,0.0,0.0,0.0,0.0,0.0,0.0,0.0,0.0,0.0,0.0,0.0,0.0,0.0,0.0,0.0,0.0,0.0,0.0,0.0,0.0,0.0,0.0,0.0,0.0,0.0,0.0,0.0,0.0,0.0,0.0,0.0,0.0,0.0,0.0,0.0,0.0,0.0,0.0,0.0,0.0,0.0,0.0,0.0,0.0,0.0,0.0,0.0,0.0,0.0,0.0,0.0,0.0,0.0,0.0,0.0,0.0,0.0,0.0,0.0,0.0,0.0,0.0,0.0,0.0,0.0,0.0,0.0,0.0,0.0,0.0,0.0,0.0,0.0,0.0,0.0,0.0,0.0,0.0,0.0,0.0,0.0,0.0,0.0,0.0,0.0,0.0,0.0,0.0,0.0,0.0,0.0,0.0,0.0,0.0,0.0,0.0,0.0,0.0,0.0,0.0,0.0,0.0,0.0,0.0,0.0,0.0,0.0,0.0,0.0,0.0,0.0,0.0,0.0,0.0,0.0,0.0,0.0,0.0,0.0,0.0,0.0,0.0,0.0
24.945081352303166,0.0,0.0,0.0,0.0,0.0,0.0,0.0,0.0,0.0,0.0,0.0,0.0,0.0,0.0,0.0,0.0,0.0,0.0,0.0,0.0,0.0,0.0,0.0,0.0,0.0,0.0,0.0,0.0,0.0,0.0,0.0,0.0,0.0,0.0,0.0,0.0,0.0,0.0,0.0,0.0,0.0,0.0,0.0,0.0,0.0,0.0,0.0,0.0,0.0,0.0,0.0,0.0,0.0,0.0,0.0,0.0,0.0,0.0,0.0,0.0,0.0,0.0,0.0,0.0,0.0,0.0,0.0,0.0,0.0,0.0,0.0,0.0,0.0,0.0,0.0,0.0,0.0,0.0,0.0,0.0,0.0,0.0,0.0,0.0,0.0,0.0,0.0,0.0,0.0,0.0,0.0,0.0,0.0,0.0,0.0,0.0,0.0,0.0,0.0,0.0,0.0,0.0,0.0,0.0,0.0,0.0,0.0,0.0,0.0,0.0,0.0,0.0,0.0,0.0,0.0,0.0,0.0,0.0,0.0,0.0,0.0,0.0,0.0,0.0,0.0,0.0,0.0,0.0,0.0,0.0,0.0,0.0,0.0,0.0,0.0,0.0,0.0,0.0,0.0,0.0,0.0,0.0,0.0,0.0,0.0,0.0,0.0,0.0,0.0,0.0,0.0,0.0,0.0,0.0,0.0,0.0,0.0,0.0,0.0,0.0,0.0,0.0,0.0,0.0,0.0,0.0,0.0,0.0,0.0,0.0,0.0,0.0,0.0,0.0,0.0,0.0,0.0,0.0,0.0,0.0,0.0,0.0,0.0,0.0,0.0,0.0,0.0,0.0,0.0,0.0,0.0,0.0,0.0,0.0,0.0,0.0,0.0,0.0,0.0,0.0
26.73841615839944,0.0,0.0,0.0,0.0,0.0,0.0,0.0,0.0,0.0,0.0,0.0,0.0,0.0,0.0,0.0,0.0,0.0,0.0,0.0,0.0,0.0,0.0,0.0,0.0,0.0,0.0,0.0,0.0,0.0,0.0,0.0,0.0,0.0,0.0,0.0,0.0,0.0,0.0,0.0,0.0,0.0,0.0,0.0,0.0,0.0,0.0,0.0,0.0,0.0,0.0,0.0,0.0,0.0,0.0,0.0,0.0,0.0,0.0,0.0,0.0,0.0,0.0,0.0,0.0,0.0,0.0,0.0,0.0,0.0,0.0,0.0,0.0,0.0,0.0,0.0,0.0,0.0,0.0,0.0,0.0,0.0,0.0,0.0,0.0,0.0,0.0,0.0,0.0,0.0,0.0,0.0,0.0,0.0,0.0,0.0,0.0,0.0,0.0,0.0,0.0,0.0,0.0,0.0,0.0,0.0,0.0,0.0,0.0,0.0,0.0,0.0,0.0,0.0,0.0,0.0,0.0,0.0,0.0,0.0,0.0,0.0,0.0,0.0,0.0,0.0,0.0,0.0,0.0,0.0,0.0,0.0,0.0,0.0,0.0,0.0,0.0,0.0,0.0,0.0,0.0,0.0,0.0,0.0,0.0,0.0,0.0,0.0,0.0,0.0,0.0,0.0,0.0,0.0,0.0,0.0,0.0,0.0,0.0,0.0,0.0,0.0,0.0,0.0,0.0,0.0,0.0,0.0,0.0,0.0,0.0,0.0,0.0,0.0,0.0,0.0,0.0,0.0,0.0,0.0,0.0,0.0,0.0,0.0,0.0,0.0,0.0,0.0,0.0,0.0,0.0,0.0,0.0,0.0,0.0,0.0,0.0,0.0,0.0,0.0,0.0
28.660676169482503,0.0,0.0,0.0,0.0,0.0,0.0,0.0,0.0,0.0,0.0,0.0,0.0,0.0,0.0,0.0,0.0,0.0,0.0,0.0,0.0,0.0,0.0,0.0,0.0,0.0,0.0,0.0,0.0,0.0,0.0,0.0,0.0,0.0,0.0,0.0,0.0,0.0,0.0,0.0,0.0,0.0,0.0,0.0,0.0,0.0,0.0,0.0,0.0,0.0,0.0,0.0,0.0,0.0,0.0,0.0,0.0,0.0,0.0,0.0,0.0,0.0,0.0,0.0,0.0,0.0,0.0,0.0,0.0,0.0,0.0,0.0,0.0,0.0,0.0,0.0,0.0,0.0,0.0,0.0,0.0,0.0,0.0,0.0,0.0,0.0,0.0,0.0,0.0,0.0,0.0,0.0,0.0,0.0,0.0,0.0,0.0,0.0,0.0,0.0,0.0,0.0,0.0,0.0,0.0,0.0,0.0,0.0,0.0,0.0,0.0,0.0,0.0,0.0,0.0,0.0,0.0,0.0,0.0,0.0,0.0,0.0,0.0,0.0,0.0,0.0,0.0,0.0,0.0,0.0,0.0,0.0,0.0,0.0,0.0,0.0,0.0,0.0,0.0,0.0,0.0,0.0,0.0,0.0,0.0,0.0,0.0,0.0,0.0,0.0,0.0,0.0,0.0,0.0,0.0,0.0,0.0,0.0,0.0,0.0,0.0,0.0,0.0,0.0,0.0,0.0,0.0,0.0,0.0,0.0,0.0,0.0,0.0,0.0,0.0,0.0,0.0,0.0,0.0,0.0,0.0,0.0,0.0,0.0,0.0,0.0,0.0,0.0,0.0,0.0,0.0,0.0,0.0,0.0,0.0,0.0,0.0,0.0,0.0,0.0,0.0
30.72112998861753,0.0,0.0,0.0,0.0,0.0,0.0,0.0,0.0,0.0,0.0,0.0,0.0,0.0,0.0,0.0,0.0,0.0,0.0,0.0,0.0,0.0,0.0,0.0,0.0,0.0,0.0,0.0,0.0,0.0,0.0,0.0,0.0,0.0,0.0,0.0,0.0,0.0,0.0,0.0,0.0,0.0,0.0,0.0,0.0,0.0,0.0,0.0,0.0,0.0,0.0,0.0,0.0,0.0,0.0,0.0,0.0,0.0,0.0,0.0,0.0,0.0,0.0,0.0,0.0,0.0,0.0,0.0,0.0,0.0,0.0,0.0,0.0,0.0,0.0,0.0,0.0,0.0,0.0,0.0,0.0,0.0,0.0,0.0,0.0,0.0,0.0,0.0,0.0,0.0,0.0,0.0,0.0,0.0,0.0,0.0,0.0,0.0,0.0,0.0,0.0,0.0,0.0,0.0,0.0,0.0,0.0,0.0,0.0,0.0,0.0,0.0,0.0,0.0,0.0,0.0,0.0,0.0,0.0,0.0,0.0,0.0,0.0,0.0,0.0,0.0,0.0,0.0,0.0,0.0,0.0,0.0,0.0,0.0,0.0,0.0,0.0,0.0,0.0,0.0,0.0,0.0,0.0,0.0,0.0,0.0,0.0,0.0,0.0,0.0,0.0,0.0,0.0,0.0,0.0,0.0,0.0,0.0,0.0,0.0,0.0,0.0,0.0,0.0,0.0,0.0,0.0,0.0,0.0,0.0,0.0,0.0,0.0,0.0,0.0,0.0,0.0,0.0,0.0,0.0,0.0,0.0,0.0,0.0,0.0,0.0,0.0,0.0,0.0,0.0,0.0,0.0,0.0,0.0,0.0,0.0,0.0,0.0,0.0,0.0,0.0
32.92971255097148,0.0,0.0,0.0,0.0,0.0,0.0,0.0,0.0,0.0,0.0,0.0,0.0,0.0,0.0,0.0,0.0,0.0,0.0,0.0,0.0,0.0,0.0,0.0,0.0,0.0,0.0,0.0,0.0,0.0,0.0,0.0,0.0,0.0,0.0,0.0,0.0,0.0,0.0,0.0,0.0,0.0,0.0,0.0,0.0,0.0,0.0,0.0,0.0,0.0,0.0,0.0,0.0,0.0,0.0,0.0,0.0,0.0,0.0,0.0,0.0,0.0,0.0,0.0,0.0,0.0,0.0,0.0,0.0,0.0,0.0,0.0,0.0,0.0,0.0,0.0,0.0,0.0,0.0,0.0,0.0,0.0,0.0,0.0,0.0,0.0,0.0,0.0,0.0,0.0,0.0,0.0,0.0,0.0,0.0,0.0,0.0,0.0,0.0,0.0,0.0,0.0,0.0,0.0,0.0,0.0,0.0,0.0,0.0,0.0,0.0,0.0,0.0,0.0,0.0,0.0,0.0,0.0,0.0,0.0,0.0,0.0,0.0,0.0,0.0,0.0,0.0,0.0,0.0,0.0,0.0,0.0,0.0,0.0,0.0,0.0,0.0,0.0,0.0,0.0,0.0,0.0,0.0,0.0,0.0,0.0,0.0,0.0,0.0,0.0,0.0,0.0,0.0,0.0,0.0,0.0,0.0,0.0,0.0,0.0,0.0,0.0,0.0,0.0,0.0,0.0,0.0,0.0,0.0,0.0,0.0,0.0,0.0,0.0,0.0,0.0,0.0,0.0,0.0,0.0,0.0,0.0,0.0,0.0,0.0,0.0,0.0,0.0,0.0,0.0,0.0,0.0,0.0,0.0,0.0,0.0,0.0,0.0,0.0,0.0,0.0
35.2970730273065,0.0,0.0,0.0,0.0,0.0,0.0,0.0,0.0,0.0,0.0,0.0,0.0,0.0,0.0,0.0,0.0,0.0,0.0,0.0,0.0,0.0,0.0,0.0,0.0,0.0,0.0,0.0,0.0,0.0,0.0,0.0,0.0,0.0,0.0,0.0,0.0,0.0,0.0,0.0,0.0,0.0,0.0,0.0,0.0,0.0,0.0,0.0,0.0,0.0,0.0,0.0,0.0,0.0,0.0,0.0,0.0,0.0,0.0,0.0,0.0,0.0,0.0,0.0,0.0,0.0,0.0,0.0,0.0,0.0,0.0,0.0,0.0,0.0,0.0,0.0,0.0,0.0,0.0,0.0,0.0,0.0,0.0,0.0,0.0,0.0,0.0,0.0,0.0,0.0,0.0,0.0,0.0,0.0,0.0,0.0,0.0,0.0,0.0,0.0,0.0,0.0,0.0,0.0,0.0,0.0,0.0,0.0,0.0,0.0,0.0,0.0,0.0,0.0,0.0,0.0,0.0,0.0,0.0,0.0,0.0,0.0,0.0,0.0,0.0,0.0,0.0,0.0,0.0,0.0,0.0,0.0,0.0,0.0,0.0,0.0,0.0,0.0,0.0,0.0,0.0,0.0,0.0,0.0,0.0,0.0,0.0,0.0,0.0,0.0,0.0,0.0,0.0,0.0,0.0,0.0,0.0,0.0,0.0,0.0,0.0,0.0,0.0,0.0,0.0,0.0,0.0,0.0,0.0,0.0,0.0,0.0,0.0,0.0,0.0,0.0,0.0,0.0,0.0,0.0,0.0,0.0,0.0,0.0,0.0,0.0,0.0,0.0,0.0,0.0,0.0,0.0,0.0,0.0,0.0,0.0,0.0,0.0,0.0,0.0,0.0
37.83462617131925,0.0,0.0,0.0,0.0,0.0,0.0,0.0,0.0,0.0,0.0,0.0,0.0,0.0,0.0,0.0,0.0,0.0,0.0,0.0,0.0,0.0,0.0,0.0,0.0,0.0,0.0,0.0,0.0,0.0,0.0,0.0,0.0,0.0,0.0,0.0,0.0,0.0,0.0,0.0,0.0,0.0,0.0,0.0,0.0,0.0,0.0,0.0,0.0,0.0,0.0,0.0,0.0,0.0,0.0,0.0,0.0,0.0,0.0,0.0,0.0,0.0,0.0,0.0,0.0,0.0,0.0,0.0,0.0,0.0,0.0,0.0,0.0,0.0,0.0,0.0,0.0,0.0,0.0,0.0,0.0,0.0,0.0,0.0,0.0,0.0,0.0,0.0,0.0,0.0,0.0,0.0,0.0,0.0,0.0,0.0,0.0,0.0,0.0,0.0,0.0,0.0,0.0,0.0,0.0,0.0,0.0,0.0,0.0,0.0,0.0,0.0,0.0,0.0,0.0,0.0,0.0,0.0,0.0,0.0,0.0,0.0,0.0,0.0,0.0,0.0,0.0,0.0,0.0,0.0,0.0,0.0,0.0,0.0,0.0,0.0,0.0,0.0,0.0,0.0,0.0,0.0,0.0,0.0,0.0,0.0,0.0,0.0,0.0,0.0,0.0,0.0,0.0,0.0,0.0,0.0,0.0,0.0,0.0,0.0,0.0,0.0,0.0,0.0,0.0,0.0,0.0,0.0,0.0,0.0,0.0,0.0,0.0,0.0,0.0,0.0,0.0,0.0,0.0,0.0,0.0,0.0,0.0,0.0,0.0,0.0,0.0,0.0,0.0,0.0,0.0,0.0,0.0,0.0,0.0,0.0,0.0,0.0,0.0,0.0,0.0
40.554607358408276,0.0,0.0,0.0,0.0,0.0,0.0,0.0,0.0,0.0,0.0,0.0,0.0,0.0,0.0,0.0,0.0,0.0,0.0,0.0,0.0,0.0,0.0,0.0,0.0,0.0,0.0,0.0,0.0,0.0,0.0,0.0,0.0,0.0,0.0,0.0,0.0,0.0,0.0,0.0,0.0,0.0,0.0,0.0,0.0,0.0,0.0,0.0,0.0,0.0,0.0,0.0,0.0,0.0,0.0,0.0,0.0,0.0,0.0,0.0,0.0,0.0,0.0,0.0,0.0,0.0,0.0,0.0,0.0,0.0,0.0,0.0,0.0,0.0,0.0,0.0,0.0,0.0,0.0,0.0,0.0,0.0,0.0,0.0,0.0,0.0,0.0,0.0,0.0,0.0,0.0,0.0,0.0,0.0,0.0,0.0,0.0,0.0,0.0,0.0,0.0,0.0,0.0,0.0,0.0,0.0,0.0,0.0,0.0,0.0,0.0,0.0,0.0,0.0,0.0,0.0,0.0,0.0,0.0,0.0,0.0,0.0,0.0,0.0,0.0,0.0,0.0,0.0,0.0,0.0,0.0,0.0,0.0,0.0,0.0,0.0,0.0,0.0,0.0,0.0,0.0,0.0,0.0,0.0,0.0,0.0,0.0,0.0,0.0,0.0,0.0,0.0,0.0,0.0,0.0,0.0,0.0,0.0,0.0,0.0,0.0,0.0,0.0,0.0,0.0,0.0,0.0,0.0,0.0,0.0,0.0,0.0,0.0,0.0,0.0,0.0,0.0,0.0,0.0,0.0,0.0,0.0,0.0,0.0,0.0,0.0,0.0,0.0,0.0,0.0,0.0,0.0,0.0,0.0,0.0,0.0,0.0,0.0,0.0,0.0,0.0
43.47013158125017,0.0,0.0,0.0,0.0,0.0,0.0,0.0,0.0,0.0,0.0,0.0,0.0,0.0,0.0,0.0,0.0,0.0,0.0,0.0,0.0,0.0,0.0,0.0,0.0,0.0,0.0,0.0,0.0,0.0,0.0,0.0,0.0,0.0,0.0,0.0,0.0,0.0,0.0,0.0,0.0,0.0,0.0,0.0,0.0,0.0,0.0,0.0,0.0,0.0,0.0,0.0,0.0,0.0,0.0,0.0,0.0,0.0,0.0,0.0,0.0,0.0,0.0,0.0,0.0,0.0,0.0,0.0,0.0,0.0,0.0,0.0,0.0,0.0,0.0,0.0,0.0,0.0,0.0,0.0,0.0,0.0,0.0,0.0,0.0,0.0,0.0,0.0,0.0,0.0,0.0,0.0,0.0,0.0,0.0,0.0,0.0,0.0,0.0,0.0,0.0,0.0,0.0,0.0,0.0,0.0,0.0,0.0,0.0,0.0,0.0,0.0,0.0,0.0,0.0,0.0,0.0,0.0,0.0,0.0,0.0,0.0,0.0,0.0,0.0,0.0,0.0,0.0,0.0,0.0,0.0,0.0,0.0,0.0,0.0,0.0,0.0,0.0,0.0,0.0,0.0,0.0,0.0,0.0,0.0,0.0,0.0,0.0,0.0,0.0,0.0,0.0,0.0,0.0,0.0,0.0,0.0,0.0,0.0,0.0,0.0,0.0,0.0,0.0,0.0,0.0,0.0,0.0,0.0,0.0,0.0,0.0,0.0,0.0,0.0,0.0,0.0,0.0,0.0,0.0,0.0,0.0,0.0,0.0,0.0,0.0,0.0,0.0,0.0,0.0,0.0,0.0,0.0,0.0,0.0,0.0,0.0,0.0,0.0,0.0,0.0
46.59525668664677,0.0,0.0,0.0,0.0,0.0,0.0,0.0,0.0,0.0,0.0,0.0,0.0,0.0,0.0,0.0,0.0,0.0,0.0,0.0,0.0,0.0,0.0,0.0,0.0,0.0,0.0,0.0,0.0,0.0,0.0,0.0,0.0,0.0,0.0,0.0,0.0,0.0,0.0,0.0,0.0,0.0,0.0,0.0,0.0,0.0,0.0,0.0,0.0,0.0,0.0,0.0,0.0,0.0,0.0,0.0,0.0,0.0,0.0,0.0,0.0,0.0,0.0,0.0,0.0,0.0,0.0,0.0,0.0,0.0,0.0,0.0,0.0,0.0,0.0,0.0,0.0,0.0,0.0,0.0,0.0,0.0,0.0,0.0,0.0,0.0,0.0,0.0,0.0,0.0,0.0,0.0,0.0,0.0,0.0,0.0,0.0,0.0,0.0,0.0,0.0,0.0,0.0,0.0,0.0,0.0,0.0,0.0,0.0,0.0,0.0,0.0,0.0,0.0,0.0,0.0,0.0,0.0,0.0,0.0,0.0,0.0,0.0,0.0,0.0,0.0,0.0,0.0,0.0,0.0,0.0,0.0,0.0,0.0,0.0,0.0,0.0,0.0,0.0,0.0,0.0,0.0,0.0,0.0,0.0,0.0,0.0,0.0,0.0,0.0,0.0,0.0,0.0,0.0,0.0,0.0,0.0,0.0,0.0,0.0,0.0,0.0,0.0,0.0,0.0,0.0,0.0,0.0,0.0,0.0,0.0,0.0,0.0,0.0,0.0,0.0,0.0,0.0,0.0,0.0,0.0,0.0,0.0,0.0,0.0,0.0,0.0,0.0,0.0,0.0,0.0,0.0,0.0,0.0,0.0,0.0,0.0,0.0,0.0,0.0,0.0
49.9450511585514,0.0,0.0,0.0,0.0,0.0,0.0,0.0,0.0,0.0,0.0,0.0,0.0,0.0,0.0,0.0,0.0,0.0,0.0,0.0,0.0,0.0,0.0,0.0,0.0,0.0,0.0,0.0,0.0,0.0,0.0,0.0,0.0,0.0,0.0,0.0,0.0,0.0,0.0,0.0,0.0,0.0,0.0,0.0,0.0,0.0,0.0,0.0,0.0,0.0,0.0,0.0,0.0,0.0,0.0,0.0,0.0,0.0,0.0,0.0,0.0,0.0,0.0,0.0,0.0,0.0,0.0,0.0,0.0,0.0,0.0,0.0,0.0,0.0,0.0,0.0,0.0,0.0,0.0,0.0,0.0,0.0,0.0,0.0,0.0,0.0,0.0,0.0,0.0,0.0,0.0,0.0,0.0,0.0,0.0,0.0,0.0,0.0,0.0,0.0,0.0,0.0,0.0,0.0,0.0,0.0,0.0,0.0,0.0,0.0,0.0,0.0,0.0,0.0,0.0,0.0,0.0,0.0,0.0,0.0,0.0,0.0,0.0,0.0,0.0,0.0,0.0,0.0,0.0,0.0,0.0,0.0,0.0,0.0,0.0,0.0,0.0,0.0,0.0,0.0,0.0,0.0,0.0,0.0,0.0,0.0,0.0,0.0,0.0,0.0,0.0,0.0,0.0,0.0,0.0,0.0,0.0,0.0,0.0,0.0,0.0,0.0,0.0,0.0,0.0,0.0,0.0,0.0,0.0,0.0,0.0,0.0,0.0,0.0,0.0,0.0,0.0,0.0,0.0,0.0,0.0,0.0,0.0,0.0,0.0,0.0,0.0,0.0,0.0,0.0,0.0,0.0,0.0,0.0,0.0,0.0,0.0,0.0,0.0,0.0,0.0
53.53566677410719,0.0,0.0,0.0,0.0,0.0,0.0,0.0,0.0,0.0,0.0,0.0,0.0,0.0,0.0,0.0,0.0,0.0,0.0,0.0,0.0,0.0,0.0,0.0,0.0,0.0,0.0,0.0,0.0,0.0,0.0,0.0,0.0,0.0,0.0,0.0,0.0,0.0,0.0,0.0,0.0,0.0,0.0,0.0,0.0,0.0,0.0,0.0,0.0,0.0,0.0,0.0,0.0,0.0,0.0,0.0,0.0,0.0,0.0,0.0,0.0,0.0,0.0,0.0,0.0,0.0,0.0,0.0,0.0,0.0,0.0,0.0,0.0,0.0,0.0,0.0,0.0,0.0,0.0,0.0,0.0,0.0,0.0,0.0,0.0,0.0,0.0,0.0,0.0,0.0,0.0,0.0,0.0,0.0,0.0,0.0,0.0,0.0,0.0,0.0,0.0,0.0,0.0,0.0,0.0,0.0,0.0,0.0,0.0,0.0,0.0,0.0,0.0,0.0,0.0,0.0,0.0,0.0,0.0,0.0,0.0,0.0,0.0,0.0,0.0,0.0,0.0,0.0,0.0,0.0,0.0,0.0,0.0,0.0,0.0,0.0,0.0,0.0,0.0,0.0,0.0,0.0,0.0,0.0,0.0,0.0,0.0,0.0,0.0,0.0,0.0,0.0,0.0,0.0,0.0,0.0,0.0,0.0,0.0,0.0,0.0,0.0,0.0,0.0,0.0,0.0,0.0,0.0,0.0,0.0,0.0,0.0,0.0,0.0,0.0,0.0,0.0,0.0,0.0,0.0,0.0,0.0,0.0,0.0,0.0,0.0,0.0,0.0,0.0,0.0,0.0,0.0,0.0,0.0,0.0,0.0,0.0,0.0,0.0,0.0,0.0
57.38441648302393,0.0,0.0,0.0,0.0,0.0,0.0,0.0,0.0,0.0,0.0,0.0,0.0,0.0,0.0,0.0,0.0,0.0,0.0,0.0,0.0,0.0,0.0,0.0,0.0,0.0,0.0,0.0,0.0,0.0,0.0,0.0,0.0,0.0,0.0,0.0,0.0,0.0,0.0,0.0,0.0,0.0,0.0,0.0,0.0,0.0,0.0,0.0,0.0,0.0,0.0,0.0,0.0,0.0,0.0,0.0,0.0,0.0,0.0,0.0,0.0,0.0,0.0,0.0,0.0,0.0,0.0,0.0,0.0,0.0,0.0,0.0,0.0,0.0,0.0,0.0,0.0,0.0,0.0,0.0,0.0,0.0,0.0,0.0,0.0,0.0,0.0,0.0,0.0,0.0,0.0,0.0,0.0,0.0,0.0,0.0,0.0,0.0,0.0,0.0,0.0,0.0,0.0,0.0,0.0,0.0,0.0,0.0,0.0,0.0,0.0,0.0,0.0,0.0,0.0,0.0,0.0,0.0,0.0,0.0,0.0,0.0,0.0,0.0,0.0,0.0,0.0,0.0,0.0,0.0,0.0,0.0,0.0,0.0,0.0,0.0,0.0,0.0,0.0,0.0,0.0,0.0,0.0,0.0,0.0,0.0,0.0,0.0,0.0,0.0,0.0,0.0,0.0,0.0,0.0,0.0,0.0,0.0,0.0,0.0,0.0,0.0,0.0,0.0,0.0,0.0,0.0,0.0,0.0,0.0,0.0,0.0,0.0,0.0,0.0,0.0,0.0,0.0,0.0,0.0,0.0,0.0,0.0,0.0,0.0,0.0,0.0,0.0,0.0,0.0,0.0,0.0,0.0,0.0,0.0,0.0,0.0,0.0,0.0,0.0,0.0
61.50985788580504,0.0,0.0,0.0,0.0,0.0,0.0,0.0,0.0,0.0,0.0,0.0,0.0,0.0,0.0,0.0,0.0,0.0,0.0,0.0,0.0,0.0,0.0,0.0,0.0,0.0,0.0,0.0,0.0,0.0,0.0,0.0,0.0,0.0,0.0,0.0,0.0,0.0,0.0,0.0,0.0,0.0,0.0,0.0,0.0,0.0,0.0,0.0,0.0,0.0,0.0,0.0,0.0,0.0,0.0,0.0,0.0,0.0,0.0,0.0,0.0,0.0,0.0,0.0,0.0,0.0,0.0,0.0,0.0,0.0,0.0,0.0,0.0,0.0,0.0,0.0,0.0,0.0,0.0,0.0,0.0,0.0,0.0,0.0,0.0,0.0,0.0,0.0,0.0,0.0,0.0,0.0,0.0,0.0,0.0,0.0,0.0,0.0,0.0,0.0,0.0,0.0,0.0,0.0,0.0,0.0,0.0,0.0,0.0,0.0,0.0,0.0,0.0,0.0,0.0,0.0,0.0,0.0,0.0,0.0,0.0,0.0,0.0,0.0,0.0,0.0,0.0,0.0,0.0,0.0,0.0,0.0,0.0,0.0,0.0,0.0,0.0,0.0,0.0,0.0,0.0,0.0,0.0,0.0,0.0,0.0,0.0,0.0,0.0,0.0,0.0,0.0,0.0,0.0,0.0,0.0,0.0,0.0,0.0,0.0,0.0,0.0,0.0,0.0,0.0,0.0,0.0,0.0,0.0,0.0,0.0,0.0,0.0,0.0,0.0,0.0,0.0,0.0,0.0,0.0,0.0,0.0,0.0,0.0,0.0,0.0,0.0,0.0,0.0,0.0,0.0,0.0,0.0,0.0,0.0,0.0,0.0,0.0,0.0,0.0,0.0
65.93188271333541,0.0,0.0,0.0,0.0,0.0,0.0,0.0,0.0,0.0,0.0,0.0,0.0,0.0,0.0,0.0,0.0,0.0,0.0,0.0,0.0,0.0,0.0,0.0,0.0,0.0,0.0,0.0,0.0,0.0,0.0,0.0,0.0,0.0,0.0,0.0,0.0,0.0,0.0,0.0,0.0,0.0,0.0,0.0,0.0,0.0,0.0,0.0,0.0,0.0,0.0,0.0,0.0,0.0,0.0,0.0,0.0,0.0,0.0,0.0,0.0,0.0,0.0,0.0,0.0,0.0,0.0,0.0,0.0,0.0,0.0,0.0,0.0,0.0,0.0,0.0,0.0,0.0,0.0,0.0,0.0,0.0,0.0,0.0,0.0,0.0,0.0,0.0,0.0,0.0,0.0,0.0,0.0,0.0,0.0,0.0,0.0,0.0,0.0,0.0,0.0,0.0,0.0,0.0,0.0,0.0,0.0,0.0,0.0,0.0,0.0,0.0,0.0,0.0,0.0,0.0,0.0,0.0,0.0,0.0,0.0,0.0,0.0,0.0,0.0,0.0,0.0,0.0,0.0,0.0,0.0,0.0,0.0,0.0,0.0,0.0,0.0,0.0,0.0,0.0,0.0,0.0,0.0,0.0,0.0,0.0,0.0,0.0,0.0,0.0,0.0,0.0,0.0,0.0,0.0,0.0,0.0,0.0,0.0,0.0,0.0,0.0,0.0,0.0,0.0,0.0,0.0,0.0,0.0,0.0,0.0,0.0,0.0,0.0,0.0,0.0,0.0,0.0,0.0,0.0,0.0,0.0,0.0,0.0,0.0,0.0,0.0,0.0,0.0,0.0,0.0,0.0,0.0,0.0,0.0,0.0,0.0,0.0,0.0,0.0,0.0
70.67181273927491,0.0,0.0,0.0,0.0,0.0,0.0,0.0,0.0,0.0,0.0,0.0,0.0,0.0,0.0,0.0,0.0,0.0,0.0,0.0,0.0,0.0,0.0,0.0,0.0,0.0,0.0,0.0,0.0,0.0,0.0,0.0,0.0,0.0,0.0,0.0,0.0,0.0,0.0,0.0,0.0,0.0,0.0,0.0,0.0,0.0,0.0,0.0,0.0,0.0,0.0,0.0,0.0,0.0,0.0,0.0,0.0,0.0,0.0,0.0,0.0,0.0,0.0,0.0,0.0,0.0,0.0,0.0,0.0,0.0,0.0,0.0,0.0,0.0,0.0,0.0,0.0,0.0,0.0,0.0,0.0,0.0,0.0,0.0,0.0,0.0,0.0,0.0,0.0,0.0,0.0,0.0,0.0,0.0,0.0,0.0,0.0,0.0,0.0,0.0,0.0,0.0,0.0,0.0,0.0,0.0,0.0,0.0,0.0,0.0,0.0,0.0,0.0,0.0,0.0,0.0,0.0,0.0,0.0,0.0,0.0,0.0,0.0,0.0,0.0,0.0,0.0,0.0,0.0,0.0,0.0,0.0,0.0,0.0,0.0,0.0,0.0,0.0,0.0,0.0,0.0,0.0,0.0,0.0,0.0,0.0,0.0,0.0,0.0,0.0,0.0,0.0,0.0,0.0,0.0,0.0,0.0,0.0,0.0,0.0,0.0,0.0,0.0,0.0,0.0,0.0,0.0,0.0,0.0,0.0,0.0,0.0,0.0,0.0,0.0,0.0,0.0,0.0,0.0,0.0,0.0,0.0,0.0,0.0,0.0,0.0,0.0,0.0,0.0,0.0,0.0,0.0,0.0,0.0,0.0,0.0,0.0,0.0,0.0,0.0,0.0
75.75250258771905,0.0,0.0,0.0,0.0,0.0,0.0,0.0,0.0,0.0,0.0,0.0,0.0,0.0,0.0,0.0,0.0,0.0,0.0,0.0,0.0,0.0,0.0,0.0,0.0,0.0,0.0,0.0,0.0,0.0,0.0,0.0,0.0,0.0,0.0,0.0,0.0,0.0,0.0,0.0,0.0,0.0,0.0,0.0,0.0,0.0,0.0,0.0,0.0,0.0,0.0,0.0,0.0,0.0,0.0,0.0,0.0,0.0,0.0,0.0,0.0,0.0,0.0,0.0,0.0,0.0,0.0,0.0,0.0,0.0,0.0,0.0,0.0,0.0,0.0,0.0,0.0,0.0,0.0,0.0,0.0,0.0,0.0,0.0,0.0,0.0,0.0,0.0,0.0,0.0,0.0,0.0,0.0,0.0,0.0,0.0,0.0,0.0,0.0,0.0,0.0,0.0,0.0,0.0,0.0,0.0,0.0,0.0,0.0,0.0,0.0,0.0,0.0,0.0,0.0,0.0,0.0,0.0,0.0,0.0,0.0,0.0,0.0,0.0,0.0,0.0,0.0,0.0,0.0,0.0,0.0,0.0,0.0,0.0,0.0,0.0,0.0,0.0,0.0,0.0,0.0,0.0,0.0,0.0,0.0,0.0,0.0,0.0,0.0,0.0,0.0,0.0,0.0,0.0,0.0,0.0,0.0,0.0,0.0,0.0,0.0,0.0,0.0,0.0,0.0,0.0,0.0,0.0,0.0,0.0,0.0,0.0,0.0,0.0,0.0,0.0,0.0,0.0,0.0,0.0,0.0,0.0,0.0,0.0,0.0,0.0,0.0,0.0,0.0,0.0,0.0,0.0,0.0,0.0,0.0,0.0,0.0,0.0,0.0,0.0,0.0
81.19844993184009,0.0,0.0,0.0,0.0,0.0,0.0,0.0,0.0,0.0,0.0,0.0,0.0,0.0,0.0,0.0,0.0,0.0,0.0,0.0,0.0,0.0,0.0,0.0,0.0,0.0,0.0,0.0,0.0,0.0,0.0,0.0,0.0,0.0,0.0,0.0,0.0,0.0,0.0,0.0,0.0,0.0,0.0,0.0,0.0,0.0,0.0,0.0,0.0,0.0,0.0,0.0,0.0,0.0,0.0,0.0,0.0,0.0,0.0,0.0,0.0,0.0,0.0,0.0,0.0,0.0,0.0,0.0,0.0,0.0,0.0,0.0,0.0,0.0,0.0,0.0,0.0,0.0,0.0,0.0,0.0,0.0,0.0,0.0,0.0,0.0,0.0,0.0,0.0,0.0,0.0,0.0,0.0,0.0,0.0,0.0,0.0,0.0,0.0,0.0,0.0,0.0,0.0,0.0,0.0,0.0,0.0,0.0,0.0,0.0,0.0,0.0,0.0,0.0,0.0,0.0,0.0,0.0,0.0,0.0,0.0,0.0,0.0,0.0,0.0,0.0,0.0,0.0,0.0,0.0,0.0,0.0,0.0,0.0,0.0,0.0,0.0,0.0,0.0,0.0,0.0,0.0,0.0,0.0,0.0,0.0,0.0,0.0,0.0,0.0,0.0,0.0,0.0,0.0,0.0,0.0,0.0,0.0,0.0,0.0,0.0,0.0,0.0,0.0,0.0,0.0,0.0,0.0,0.0,0.0,0.0,0.0,0.0,0.0,0.0,0.0,0.0,0.0,0.0,0.0,0.0,0.0,0.0,0.0,0.0,0.0,0.0,0.0,0.0,0.0,0.0,0.0,0.0,0.0,0.0,0.0,0.0,0.0,0.0,0.0,0.0
87.03591361485165,0.0,0.0,0.0,0.0,0.0,0.0,0.0,0.0,0.0,0.0,0.0,0.0,0.0,0.0,0.0,0.0,0.0,0.0,0.0,0.0,0.0,0.0,0.0,0.0,0.0,0.0,0.0,0.0,0.0,0.0,0.0,0.0,0.0,0.0,0.0,0.0,0.0,0.0,0.0,0.0,0.0,0.0,0.0,0.0,0.0,0.0,0.0,0.0,0.0,0.0,0.0,0.0,0.0,0.0,0.0,0.0,0.0,0.0,0.0,0.0,0.0,0.0,0.0,0.0,0.0,0.0,0.0,0.0,0.0,0.0,0.0,0.0,0.0,0.0,0.0,0.0,0.0,0.0,0.0,0.0,0.0,0.0,0.0,0.0,0.0,0.0,0.0,0.0,0.0,0.0,0.0,0.0,0.0,0.0,0.0,0.0,0.0,0.0,0.0,0.0,0.0,0.0,0.0,0.0,0.0,0.0,0.0,0.0,0.0,0.0,0.0,0.0,0.0,0.0,0.0,0.0,0.0,0.0,0.0,0.0,0.0,0.0,0.0,0.0,0.0,0.0,0.0,0.0,0.0,0.0,0.0,0.0,0.0,0.0,0.0,0.0,0.0,0.0,0.0,0.0,0.0,0.0,0.0,0.0,0.0,0.0,0.0,0.0,0.0,0.0,0.0,0.0,0.0,0.0,0.0,0.0,0.0,0.0,0.0,0.0,0.0,0.0,0.0,0.0,0.0,0.0,0.0,0.0,0.0,0.0,0.0,0.0,0.0,0.0,0.0,0.0,0.0,0.0,0.0,0.0,0.0,0.0,0.0,0.0,0.0,0.0,0.0,0.0,0.0,0.0,0.0,0.0,0.0,0.0,0.0,0.0,0.0,0.0,0.0,0.0
93.29304026284677,0.0,0.0,0.0,0.0,0.0,0.0,0.0,0.0,0.0,0.0,0.0,0.0,0.0,0.0,0.0,0.0,0.0,0.0,0.0,0.0,0.0,0.0,0.0,0.0,0.0,0.0,0.0,0.0,0.0,0.0,0.0,0.0,0.0,0.0,0.0,0.0,0.0,0.0,0.0,0.0,0.0,0.0,0.0,0.0,0.0,0.0,0.0,0.0,0.0,0.0,0.0,0.0,0.0,0.0,0.0,0.0,0.0,0.0,0.0,0.0,0.0,0.0,0.0,0.0,0.0,0.0,0.0,0.0,0.0,0.0,0.0,0.0,0.0,0.0,0.0,0.0,0.0,0.0,0.0,0.0,0.0,0.0,0.0,0.0,0.0,0.0,0.0,0.0,0.0,0.0,0.0,0.0,0.0,0.0,0.0,0.0,0.0,0.0,0.0,0.0,0.0,0.0,0.0,0.0,0.0,0.0,0.0,0.0,0.0,0.0,0.0,0.0,0.0,0.0,0.0,0.0,0.0,0.0,0.0,0.0,0.0,0.0,0.0,0.0,0.0,0.0,0.0,0.0,0.0,0.0,0.0,0.0,0.0,0.0,0.0,0.0,0.0,0.0,0.0,0.0,0.0,0.0,0.0,0.0,0.0,0.0,0.0,0.0,0.0,0.0,0.0,0.0,0.0,0.0,0.0,0.0,0.0,0.0,0.0,0.0,0.0,0.0,0.0,0.0,0.0,0.0,0.0,0.0,0.0,0.0,0.0,0.0,0.0,0.0,0.0,0.0,0.0,0.0,0.0,0.0,0.0,0.0,0.0,0.0,0.0,0.0,0.0,0.0,0.0,0.0,0.0,0.0,0.0,0.0,0.0,0.0,0.0,0.0,0.0,0.0
100.0,0.0,0.0,0.0,0.0,0.0,0.0,0.0,0.0,0.0,0.0,0.0,0.0,0.0,0.0,0.0,0.0,0.0,0.0,0.0,0.0,0.0,0.0,0.0,0.0,0.0,0.0,0.0,0.0,0.0,0.0,0.0,0.0,0.0,0.0,0.0,0.0,0.0,0.0,0.0,0.0,0.0,0.0,0.0,0.0,0.0,0.0,0.0,0.0,0.0,0.0,0.0,0.0,0.0,0.0,0.0,0.0,0.0,0.0,0.0,0.0,0.0,0.0,0.0,0.0,0.0,0.0,0.0,0.0,0.0,0.0,0.0,0.0,0.0,0.0,0.0,0.0,0.0,0.0,0.0,0.0,0.0,0.0,0.0,0.0,0.0,0.0,0.0,0.0,0.0,0.0,0.0,0.0,0.0,0.0,0.0,0.0,0.0,0.0,0.0,0.0,0.0,0.0,0.0,0.0,0.0,0.0,0.0,0.0,0.0,0.0,0.0,0.0,0.0,0.0,0.0,0.0,0.0,0.0,0.0,0.0,0.0,0.0,0.0,0.0,0.0,0.0,0.0,0.0,0.0,0.0,0.0,0.0,0.0,0.0,0.0,0.0,0.0,0.0,0.0,0.0,0.0,0.0,0.0,0.0,0.0,0.0,0.0,0.0,0.0,0.0,0.0,0.0,0.0,0.0,0.0,0.0,0.0,0.0,0.0,0.0,0.0,0.0,0.0,0.0,0.0,0.0,0.0,0.0,0.0,0.0,0.0,0.0,0.0,0.0,0.0,0.0,0.0,0.0,0.0,0.0,0.0,0.0,0.0,0.0,0.0,0.0,0.0,0.0,0.0,0.0,0.0,0.0,0.0,0.0,0.0,0.0,0.0,0.0,0.0,0.0
